LST,NDMI,NDVI,aspect,dist_roads,dist_urban,elevation,fire,slope
24.12457142857147,0.006846847012639046,0.5280284285545349,15.168291091918945,0,0.0,409,0,4.793632507324219
23.799014084507064,0.37214380502700806,0.8693065047264099,240.99546813964844,0,792.022705078125,824,0,11.327073097229004
23.480000000000018,0.46821871399879456,0.9042510986328125,355.007080078125,0,361.2478332519531,339,0,26.735872268676758
23.840606060606092,0.052568696439266205,0.4729362726211548,317.9112243652344,0,0.0,522,0,3.7440829277038574
23.976363636363658,0.44986775517463684,0.8272727131843567,321.77166748046875,0,84.85281372070312,408,0,13.88962173461914
25.12507692307696,0.22535210847854614,0.755359411239624,270.0,0,570.0,558,0,12.350271224975586
24.71347826086958,0.3266909420490265,0.8543117046356201,45.31504821777344,0,108.16654205322266,833,0,5.260935306549072
25.11794117647065,0.2935723066329956,0.7911852598190308,126.41363525390625,0,60.0,613,0,7.764405727386475
23.122307692307743,0.09882555156946182,0.6817185282707214,200.7132110595703,0,1189.8319091796875,1165,0,23.396221160888672
22.78777777777782,0.2598130702972412,0.8113410472869873,311.7283630371094,0,284.60498046875,828,0,16.269723892211914
23.91106666666667,0.39330247044563293,0.8848192691802979,67.76818084716797,0,755.3806762695312,902,0,25.203123092651367
23.802238805970205,0.2664337754249573,0.7935686707496643,344.87713623046875,0,458.9117431640625,983,0,9.519075393676758
27.756588235294146,-0.1771204173564911,0.29246193170547485,198.55397033691406,0,450.0,653,0,18.85531234741211
27.111126760563423,0.19448445737361908,0.6207762956619263,243.7007293701172,0,0.0,66,0,4.179326057434082
28.735526315789514,0.006240249611437321,0.5677083134651184,261.5212097167969,0,330.0,975,0,6.265398979187012
24.91157894736847,0.012563800439238548,0.4779369533061981,154.2705841064453,0,0.0,892,0,14.120928764343262
29.39075949367094,-0.07976878434419632,0.529788613319397,63.60894012451172,0,445.9820556640625,742,0,23.60627555847168
25.635294117647106,-0.09330199658870697,0.48613250255584717,87.1694564819336,0,1926.0841064453125,1050,0,18.149446487426758
23.022352941176507,0.3986547887325287,0.9120278358459473,14.1958589553833,0,301.49627685546875,680,0,14.957944869995117
23.71031746031747,0.14307931065559387,0.6605478525161743,230.9102783203125,0,678.822509765625,825,0,15.769845008850098
24.618311688311735,0.07612231373786926,0.6260322332382202,78.01644134521484,0,2535.133056640625,1065,0,8.862664222717285
24.46384615384619,0.16530567407608032,0.7198697328567505,204.20021057128906,0,1590.0,822,0,3.047682762145996
26.426438356164454,0.20729079842567444,0.7318754196166992,225.32522583007812,0,210.0,119,0,5.261874675750732
29.155833333333362,-0.01585337519645691,0.5040775537490845,110.36954498291016,0,120.0,616,0,2.6627204418182373
25.381641791044842,0.12257495522499084,0.7070063948631287,49.594459533691406,0,228.4731903076172,544,0,20.53620147705078
24.72154929577465,0.2982806861400604,0.7821075916290283,233.5217742919922,0,161.55494689941406,337,0,4.669853210449219
27.80857142857144,0.0439671091735363,0.5496326088905334,9.527379035949707,0,700.3570556640625,798,0,7.480902671813965
24.136052631578934,0.25468748807907104,0.7904124855995178,341.40460205078125,0,60.0,691,0,11.58254337310791
26.410000000000025,0.12950296700000763,0.7425255179405212,326.13629150390625,0,1656.80419921875,1335,0,6.671487331390381
24.861315789473736,0.2732454538345337,0.7789945006370544,188.56564331054688,0,947.2592163085938,1052,0,16.418485641479492
23.61849315068497,0.1903911679983139,0.6589006781578064,265.28192138671875,0,0.0,875,0,11.13377857208252
25.679866666666726,0.2469446063041687,0.7732034921646118,0.0,0,283.0194396972656,1136,0,10.096575736999512
22.742105263157953,0.2450030893087387,0.7203872203826904,299.0442810058594,0,2546.998291015625,1569,0,5.712316989898682
24.040461538461557,0.2710317373275757,0.8004496693611145,338.9364013671875,0,840.0,893,0,6.92341423034668
23.49853333333334,0.4134790599346161,0.9136868119239807,223.31106567382812,0,216.3330841064453,818,0,12.542303085327148
26.387014925373194,0.004813782405108213,0.5492187738418579,126.40184783935547,0,1008.4641723632812,494,0,24.87808609008789
24.35593750000004,0.25426241755485535,0.7407407164573669,303.85040283203125,0,94.86833190917969,735,0,16.204416275024414
25.13250000000005,0.10347826033830643,0.6305814385414124,98.415771484375,0,1341.6407470703125,927,0,6.311600685119629
24.33712328767126,0.15536938607692719,0.6399999856948853,151.61573791503906,0,1410.0,1662,0,5.256361484527588
23.39155844155846,0.32672175765037537,0.8107208013534546,273.2796630859375,0,2972.42333984375,1213,0,15.799198150634766
24.82134328358211,0.3045576512813568,0.7617668509483337,221.98500061035156,0,324.4996032714844,275,0,7.444432735443115
24.613188405797132,-0.012203166261315346,0.5611154437065125,281.9588623046875,0,150.0,731,0,8.88040828704834
25.688356164383606,0.23932252824306488,0.8448889851570129,37.508548736572266,0,60.0,230,0,8.129478454589844
25.92225000000002,0.2052660882472992,0.752966582775116,145.88778686523438,0,30.0,434,0,6.6908488273620605
24.240933333333373,0.4023684859275818,0.8342939615249634,354.0867614746094,0,268.3281555175781,539,0,11.94572925567627
23.525945945945978,0.0,0.5920171141624451,257.178955078125,0,90.0,1002,0,16.266935348510742
28.188024691358066,0.42862841486930847,0.9268128871917725,180.0,0,169.70562744140625,434,0,2.7802884578704834
25.034705882352966,0.016179541125893593,0.6130903363227844,158.82659912109375,0,391.1521301269531,483,0,6.928491115570068
25.428378378378397,0.00019928258552681655,0.5616054534912109,30.05238151550293,0,1816.17724609375,1186,0,7.458367347717285
29.559600000000046,0.03429703041911125,0.36718669533729553,0.0,0,210.0,618,0,1.8543341159820557
25.16397260273976,-0.17472243309020996,0.4084627330303192,249.7166748046875,0,67.08203887939453,860,0,2.6735424995422363
27.90641025641031,0.33031851053237915,0.8649393320083618,290.4289245605469,0,0.0,173,0,17.985563278198242
27.032500000000027,-0.1674768030643463,0.26076287031173706,185.483154296875,0,30.0,1039,0,12.825937271118164
25.553466666666736,0.4085564911365509,0.9122145771980286,277.0478820800781,0,210.0,720,0,21.59332847595215
25.26194029850751,0.35564592480659485,0.7872164845466614,106.03630065917969,0,429.5346374511719,319,0,22.30310821533203
27.080263157894763,0.011334323324263096,0.6030231714248657,180.0,0,90.0,889,0,0.9274099469184875
26.006285714285752,0.17573872208595276,0.6312634944915771,137.25367736816406,0,0.0,137,0,22.724937438964844
24.950625000000002,0.27420949935913086,0.6806777715682983,254.98196411132812,0,420.0,459,0,14.03006649017334
24.9469230769231,0.04815073311328888,0.6439255475997925,93.52628326416016,0,2634.02734375,882,0,14.7451810836792
24.246455696202588,-0.03850811347365379,0.5023651719093323,318.0876770019531,0,30.0,1101,0,11.077016830444336
24.516769230769285,0.10544844716787338,0.6630517244338989,141.42970275878906,0,0.0,317,0,24.489334106445312
23.516933333333384,0.3918372392654419,0.8870161771774292,205.81103515625,0,360.0,432,0,14.130252838134766
25.09200000000004,-0.03999999910593033,0.5256257653236389,83.98590850830078,0,700.3570556640625,591,0,8.782930374145508
26.518395061728427,0.06759581714868546,0.6120659708976746,25.705543518066406,0,1130.8846435546875,845,0,14.118207931518555
25.00582089552239,0.4033850431442261,0.8965927958488464,47.15776062011719,0,180.0,723,0,6.788028717041016
24.742238805970203,0.42033734917640686,0.9075728058815002,126.4292984008789,0,174.92855834960938,391,0,6.22292947769165
27.220270270270305,-0.15207304060459137,0.39566394686698914,53.39524459838867,0,240.0,637,0,3.1078126430511475
24.056153846153848,0.19031532108783722,0.5722147822380066,242.20947265625,0,1332.553955078125,683,0,9.848340034484863
26.657160493827234,0.3759767413139343,0.8892215490341187,335.9053649902344,0,161.55494689941406,81,0,6.073235034942627
25.22800000000001,0.42993175983428955,0.8908709287643433,197.2864227294922,0,0.0,231,0,12.429059982299805
24.067187500000045,0.11432534456253052,0.6693381071090698,227.26760864257812,0,1075.4068603515625,876,0,6.801971435546875
24.156376811594214,0.16075339913368225,0.6574931144714355,100.4761962890625,0,60.0,664,0,5.08753776550293
26.190277777777794,0.26438483595848083,0.835616409778595,155.8752899169922,0,0.0,223,0,9.069748878479004
27.703580246913646,0.23861974477767944,0.7755026817321777,33.927059173583984,0,108.16654205322266,983,0,4.462145805358887
26.289285714285768,0.2276543229818344,0.7769835591316223,299.127197265625,0,540.0,1088,0,11.28464126586914
23.33028985507252,0.22080200910568237,0.7254693508148193,262.1017150878906,0,1306.981201171875,840,0,19.463733673095703
24.291866666666692,0.40763401985168457,0.8930251002311707,256.1198425292969,0,494.7726745605469,1122,0,11.444207191467285
28.26810810810815,0.31214770674705505,0.8601042032241821,114.91065979003906,0,324.4996032714844,758,0,10.877389907836914
24.965238095238135,0.21025153994560242,0.7370572090148926,9.607932090759277,0,60.0,559,0,7.4826555252075195
24.274864864864924,0.3322799503803253,0.825754702091217,352.33843994140625,0,371.0794982910156,822,0,9.27653694152832
24.63450000000006,0.41125962138175964,0.8802071809768677,208.2943115234375,0,295.4657287597656,898,0,5.251937389373779
23.759714285714324,0.42715170979499817,0.8928127288818359,139.7513427734375,0,0.0,400,0,9.629810333251953
24.23524590163936,0.18689320981502533,0.6895360350608826,347.2828369140625,0,1632.176513671875,989,0,5.686152935028076
28.348536585365878,0.208913654088974,0.7692621350288391,161.3935546875,0,375.89892578125,1173,0,3.908494472503662
24.191428571428617,0.25611746311187744,0.7576260566711426,132.8643798828125,0,1771.0166015625,991,0,6.785228729248047
28.854383561643886,-0.05962226912379265,0.3434441387653351,213.953369140625,0,331.36083984375,619,0,2.2351510524749756
26.916944444444482,0.170658677816391,0.6070327758789062,270.0,0,534.1348266601562,621,0,2.5011987686157227
24.062424242424242,0.30041760206222534,0.8305670619010925,132.78529357910156,0,381.8376770019531,387,0,6.795246601104736
25.159014084507078,0.19905002415180206,0.6709070205688477,180.0,0,0.0,528,0,3.704791784286499
24.954556962025322,0.3933717608451843,0.8868292570114136,6.383321285247803,0,276.5863342285156,312,0,30.387155532836914
25.57292682926834,0.30492424964904785,0.8385590314865112,105.589111328125,0,296.98486328125,520,0,19.87082290649414
22.094545454545482,0.3744773268699646,0.8618033528327942,315.5400695800781,0,283.0194396972656,468,0,14.008315086364746
25.748048780487863,0.22966162860393524,0.7196073532104492,147.68069458007812,0,0.0,468,0,18.037302017211914
23.349411764705906,0.1004621759057045,0.6755555272102356,184.2921905517578,0,1064.048828125,1142,0,16.288330078125
24.583506493506547,0.37336546182632446,0.9068322777748108,213.94769287109375,0,30.0,725,0,2.235001802444458
23.431081081081118,0.1647389829158783,0.4862385392189026,105.48738098144531,0,865.8521728515625,1326,0,10.30756664276123
25.31128205128209,0.41002440452575684,0.9053694605827332,347.3742370605469,0,120.0,770,0,26.45803451538086
24.986901408450763,0.31588783860206604,0.8268459439277649,79.4924087524414,0,0.0,687,0,5.072587490081787
25.31710526315794,0.3636300563812256,0.8616829514503479,18.669296264648438,0,1070.7940673828125,663,0,31.59677505493164
25.70750000000004,-0.11251694709062576,0.5411980152130127,176.33372497558594,0,394.58837890625,649,0,18.8109130859375
25.93189189189195,-0.08857256174087524,0.4761447310447693,83.98333740234375,0,0.0,385,0,17.164596557617188
23.931142857142845,0.11005976051092148,0.6222707629203796,249.73924255371094,0,30.0,391,0,7.9829583168029785
28.9849367088608,-0.20148888230323792,0.3474380075931549,256.0933532714844,0,1225.6019287109375,1039,0,3.853248119354248
25.51453333333336,-0.07252514362335205,0.4045964777469635,261.5453186035156,0,189.73666381835938,654,0,23.76879119873047
28.719600000000014,0.21211548149585724,0.7258760333061218,240.83155822753906,0,569.2099609375,736,0,5.690274715423584
27.741139240506357,0.2648915648460388,0.7909055352210999,11.39875316619873,0,1395.8868408203125,651,0,33.44634246826172
24.521842105263204,0.34298276901245117,0.8641912341117859,335.0446472167969,0,1556.53466796875,1126,0,24.901832580566406
28.558852459016407,-0.5322580933570862,-0.5857142806053162,0.0,0,134.16407775878906,288,0,0.0
25.423924050632934,0.2806639075279236,0.8238978981971741,103.91417694091797,0,134.16407775878906,779,0,11.417491912841797
23.795411764705932,-0.030339622870087624,0.49014151096343994,103.91417694091797,0,60.0,682,0,7.6679301261901855
23.924246575342522,0.3852647840976715,0.8816784024238586,175.43951416015625,0,258.06976318359375,577,0,15.433026313781738
27.66025000000002,0.373989462852478,0.8779726028442383,321.10174560546875,0,524.78564453125,748,0,22.587203979492188
23.965692307692336,0.07666189968585968,0.6609234809875488,118.9540023803711,0,0.0,646,0,5.7284722328186035
24.610294117647072,0.4070148766040802,0.8888888955116272,189.58038330078125,0,60.0,623,0,7.482054233551025
23.522463768115983,0.33851706981658936,0.8005229830741882,221.9871368408203,0,408.04412841796875,464,0,11.089700698852539
26.514383561643854,0.36901992559432983,0.8595012426376343,116.34443664550781,0,123.69316864013672,204,0,12.34558391571045
22.219066666666663,0.34477221965789795,0.8266360759735107,217.508544921875,0,1425.23681640625,1143,0,8.129478454589844
27.065844155844218,0.3692566454410553,0.8583016395568848,121.84756469726562,0,540.0,995,0,8.720726013183594
29.570519480519522,-0.21705426275730133,0.30095264315605164,180.0,0,859.5929565429688,908,0,6.464860916137695
26.60948051948054,-0.13913220167160034,0.41527125239372253,85.08857727050781,0,1110.4052734375,1188,0,29.563018798828125
23.60523809523812,0.052043456584215164,0.5371125936508179,114.7646255493164,0,1025.2803955078125,883,0,10.93600845336914
24.48723076923079,0.2926984131336212,0.8676043152809143,126.519287109375,0,424.2640686035156,591,0,15.21743106842041
23.721025641025676,0.16627171635627747,0.6158686876296997,82.30854034423828,0,1056.8348388671875,877,0,13.598628044128418
23.87060606060612,0.2655201256275177,0.8109243512153625,306.42724609375,0,670.8203735351562,611,0,15.249000549316406
26.823750000000018,-0.20298613607883453,0.33611443638801575,13.183777809143066,0,182.48287963867188,1013,0,20.92672348022461
28.914000000000044,-0.1769561767578125,0.31740230321884155,46.241397857666016,0,67.08203887939453,769,0,11.89543342590332
24.174375000000055,0.18582582473754883,0.7389466166496277,296.1971130371094,0,492.0365905761719,478,0,16.349016189575195
24.74166666666673,0.14811290800571442,0.712393581867218,145.96937561035156,0,300.0,551,0,4.467562675476074
27.380410958904122,-0.1369684338569641,0.25707772374153137,137.06979370117188,0,1015.1354370117188,667,0,19.480833053588867
25.529726027397317,0.2068905532360077,0.7130155563354492,227.1720428466797,0,0.0,122,0,13.39415168762207
23.13657534246579,0.17513492703437805,0.6739130616188049,180.0,0,2440.348388671875,1684,0,0.9274099469184875
24.741750000000025,0.20330367982387543,0.7879169583320618,285.1010437011719,0,872.0665283203125,1037,0,13.957681655883789
22.411126760563434,0.38083985447883606,0.9143145084381104,100.5075912475586,0,342.0526123046875,661,0,10.066879272460938
23.567058823529408,0.37454766035079956,0.8442241549491882,95.27700805664062,0,212.1320343017578,814,0,9.982357025146484
23.54272727272729,0.4295141100883484,0.8032538890838623,17.361894607543945,0,1087.060302734375,837,0,12.434009552001953
25.552077922077956,0.00615384615957737,0.45212322473526,233.55105590820312,0,0.0,329,0,1.560767412185669
23.057631578947394,0.07503337413072586,0.6944444179534912,8.120386123657227,0,2737.2431640625,878,0,17.259117126464844
28.727179487179512,0.060461416840553284,0.570082426071167,126.664794921875,0,108.16654205322266,757,0,3.103444814682007
24.577894736842154,0.4520789384841919,0.9329268336296082,319.9281921386719,0,210.0,673,0,9.605224609375
25.964117647058856,0.3733983039855957,0.8987026214599609,121.24201202392578,0,210.0,855,0,15.69005298614502
23.14402597402602,0.2158956080675125,0.7133305668830872,345.5397644042969,0,573.149169921875,1061,0,19.344362258911133
26.200123456790152,0.19166412949562073,0.6953040361404419,96.69489288330078,0,658.6349487304688,717,0,22.614574432373047
25.242380952380984,-0.06242956966161728,0.43201377987861633,326.1289367675781,0,894.9860229492188,1007,0,6.672057628631592
25.600238095238126,-0.11039920896291733,0.49358707666397095,153.29403686523438,0,648.9992065429688,975,0,16.16861915588379
25.899315068493195,0.06552330404520035,0.6185704469680786,119.38692474365234,0,174.92855834960938,188,0,27.826032638549805
24.16552631578952,0.0884208008646965,0.6045613884925842,260.67266845703125,0,1747.48388671875,1143,0,21.77737808227539
23.56235294117647,-0.030703013762831688,0.6178160905838013,118.96971893310547,0,1470.3060302734375,772,0,26.62586212158203
23.699565217391353,0.2514194846153259,0.7734148502349854,333.0419616699219,0,308.868896484375,549,0,8.266632080078125
23.41776119402988,0.3449668884277344,0.8448581695556641,227.81338500976562,0,174.92855834960938,626,0,14.850629806518555
24.358055555555552,0.029910268262028694,0.47782546281814575,180.0,0,1124.4998779296875,1132,0,14.520768165588379
23.03507936507941,0.346871942281723,0.8435328602790833,323.578857421875,0,90.0,727,0,12.477828979492188
25.661076923076962,0.4359530210494995,0.8856465220451355,204.24440002441406,0,152.9705810546875,298,0,3.0487382411956787
26.78447368421058,0.3783024251461029,0.8863956928253174,0.0,0,30.0,387,0,5.547544956207275
22.87059701492541,0.051435407251119614,0.6790831089019775,277.2601623535156,0,551.5432739257812,587,0,32.638145446777344
29.838250000000016,-0.09354392439126968,0.41726070642471313,299.2061462402344,0,0.0,365,0,5.683615684509277
23.90947368421058,0.18627239763736725,0.6313446164131165,180.0,0,882.8363647460938,1364,0,8.28909969329834
23.4481081081081,-0.0019193857442587614,0.5623435378074646,172.27841186523438,0,1794.2408447265625,732,0,26.108402252197266
25.135945945945934,0.08849410712718964,0.6239781975746155,90.0,0,2485.658935546875,1295,0,4.983050346374512
26.148271604938316,0.3324298560619354,0.8595905900001526,288.3033752441406,0,228.4731903076172,701,0,11.650101661682129
27.50400000000002,0.002328934147953987,0.5959738492965698,213.8692169189453,0,737.9024047851562,751,0,2.232947587966919
28.32868421052632,0.18888424336910248,0.7556309700012207,91.70665740966797,0,201.24612426757812,80,0,28.525606155395508
24.76701492537319,0.4011786878108978,0.8925372958183289,137.98452758789062,0,150.0,396,0,21.41440200805664
24.247500000000002,0.503665566444397,0.9027203321456909,243.8043975830078,0,152.9705810546875,511,0,4.194634437561035
22.761891891891935,0.1864774227142334,0.7200694680213928,236.71437072753906,0,445.9820556640625,564,0,13.277084350585938
27.003506493506507,0.2680433392524719,0.8177022337913513,344.8534240722656,0,591.6925048828125,378,0,4.793142795562744
28.44365853658536,-0.13934701681137085,0.41192710399627686,306.6047668457031,0,330.0,980,0,4.656020164489746
25.862250000000017,0.10956072062253952,0.6579150557518005,176.9208221435547,0,276.5863342285156,710,0,22.06169891357422
24.832307692307722,-0.14053060114383698,0.5325527191162109,195.12286376953125,0,660.6814575195312,1070,0,4.792608737945557
28.458648648648648,0.1260863095521927,0.6391509175300598,76.09428405761719,0,258.06976318359375,633,0,3.853501081466675
24.730000000000018,0.35851410031318665,0.8616330623626709,167.2766876220703,0,60.0,363,0,11.26272201538086
26.288961038961077,0.02376672625541687,0.376476913690567,90.0,0,0.0,83,0,3.7464466094970703
23.38641791044779,0.11307614296674728,0.6797354817390442,225.41082763671875,0,30.0,889,0,5.269798755645752
24.023043478260888,0.4371544420719147,0.8931779265403748,297.7770080566406,0,676.8308715820312,501,0,9.852667808532715
24.05435897435899,0.42106521129608154,0.8819188475608826,314.5851135253906,0,258.06976318359375,780,0,15.468179702758789
27.44931034482761,0.2702505886554718,0.8073679804801941,163.37759399414062,0,874.6427612304688,703,0,8.645251274108887
23.669062500000052,0.01671583019196987,0.5619335174560547,65.22127532958984,0,0.0,418,0,10.930320739746094
27.073428571428565,0.14414550364017487,0.5908045768737793,90.0,0,42.42640686035156,628,0,1.2511954307556152
26.042307692307702,0.11052631586790085,0.6978785395622253,279.8648376464844,0,134.16407775878906,189,0,20.70378303527832
26.232500000000016,0.27968937158584595,0.8143507838249207,96.51789855957031,0,30.0,463,0,15.918830871582031
24.561666666666724,0.3170605003833771,0.8317081928253174,25.27648162841797,0,4462.8466796875,1298,0,19.699113845825195
24.08030303030307,0.3889082074165344,0.8996552228927612,0.0,0,424.2640686035156,480,0,0.0
26.87512820512825,0.3501749038696289,0.7580971717834473,202.45399475097656,0,1471.2239990234375,705,0,12.827763557434082
24.62561643835619,0.19773337244987488,0.7302886843681335,214.0723419189453,0,660.0,727,0,2.2382819652557373
27.16085714285714,-0.05376344174146652,0.471741646528244,326.0223388671875,0,0.0,662,0,4.464789390563965
22.913478260869567,0.522250235080719,0.9134564399719238,292.8614196777344,0,894.9860229492188,1037,0,9.462394714355469
28.19609756097566,-0.16299955546855927,0.2113335132598877,58.17572784423828,0,0.0,673,0,8.726348876953125
24.602307692307704,0.13524803519248962,0.6557502150535583,8.512255668640137,0,690.0,1428,0,8.38012409210205
26.502647058823584,-0.12242552638053894,0.18486693501472473,317.94378662109375,0,0.0,146,0,7.452681541442871
22.000769230769265,0.24202357232570648,0.7479773759841919,69.72465515136719,0,152.9705810546875,854,0,7.977528095245361
22.720804597701147,-0.14805194735527039,0.15492957830429077,0.0,0,1693.0740966796875,646,0,0.0
25.249726027397287,0.04326460883021355,0.5307210087776184,0.0,0,540.8327026367188,972,0,3.704791784286499
25.007468354430387,0.0860276073217392,0.6572417616844177,67.55004119873047,0,323.1098937988281,384,0,30.68748664855957
23.56235294117647,0.4288199543952942,0.8855940103530884,344.34246826171875,0,1566.0460205078125,811,0,25.990938186645508
27.288987341772156,0.40851977467536926,0.8688624501228333,83.92964172363281,0,94.86833190917969,732,0,17.022111892700195
23.196842105263215,-0.01944512315094471,0.5352866053581238,306.48016357421875,0,300.0,944,0,10.790605545043945
28.900000000000034,-0.17808036506175995,0.3329724967479706,290.37353515625,0,94.86833190917969,628,0,2.662220001220703
24.766285714285743,0.005819079466164112,0.5937412977218628,110.33122253417969,0,218.40328979492188,495,0,7.956795692443848
23.978767123287696,0.27916455268859863,0.8613787889480591,296.286376953125,0,90.0,533,0,12.370129585266113
28.690270270270275,-0.1804557591676712,0.344560444355011,37.84931945800781,0,1140.3946533203125,1078,0,21.281410217285156
25.576956521739135,-0.08512628823518753,0.45139747858047485,0.0,0,60.0,410,0,0.9274099469184875
25.185555555555595,0.2526130974292755,0.7854588627815247,320.3711242675781,0,240.0,758,0,15.28203010559082
24.861764705882365,0.3749863803386688,0.8941370248794556,0.0,0,120.0,432,0,7.3788604736328125
24.564805194805217,0.3770308196544647,0.8931964039802551,124.73258972167969,0,301.49627685546875,645,0,21.691221237182617
24.77430769230773,0.34582993388175964,0.8478179574012756,12.710135459899902,0,94.86833190917969,451,0,16.630849838256836
24.563417721519045,0.37400397658348083,0.8454849720001221,245.0908660888672,0,1050.0,861,0,10.877999305725098
24.75529411764711,0.03092419169843197,0.5336487889289856,164.8483123779297,0,0.0,378,0,4.793258190155029
26.83657142857146,0.08785673975944519,0.6590569615364075,314.51318359375,0,60.0,352,0,5.276862621307373
24.806285714285764,0.11109010130167007,0.734868586063385,119.01493835449219,0,360.0,976,0,5.717557907104492
26.814556962025335,0.04548422247171402,0.6933380365371704,153.53546142578125,0,513.5172729492188,480,0,26.02308464050293
24.565000000000055,0.3158184885978699,0.7842550873756409,146.10841369628906,0,715.6116333007812,851,0,2.233532190322876
24.496666666666727,0.4382745325565338,0.9102902412414551,59.4262580871582,0,90.0,457,0,7.2547688484191895
24.44015873015877,-0.07790489494800568,0.36434823274612427,325.9864501953125,0,0.0,412,0,6.683134078979492
26.648648648648646,0.32502368092536926,0.8095238208770752,355.47906494140625,0,375.89892578125,419,0,15.432220458984375
23.256216216216217,0.0961214154958725,0.6383112668991089,34.01729202270508,0,2121.74462890625,1634,0,8.880080223083496
22.37463768115947,0.40539541840553284,0.8986520171165466,296.2263488769531,0,94.86833190917969,431,0,8.335814476013184
26.205121951219553,0.20927409827709198,0.7663120627403259,162.24964904785156,0,123.69316864013672,739,0,19.643285751342773
25.361199999999997,0.23442672193050385,0.7355616688728333,40.75034713745117,0,550.726806640625,262,0,13.227320671081543
23.346285714285784,0.3323662281036377,0.8583633303642273,306.5757141113281,0,0.0,815,0,6.201643466949463
23.33617647058827,0.06314914673566818,0.5845201015472412,65.11257934570312,0,465.7252502441406,924,0,10.886672973632812
25.763417721519033,0.08335626125335693,0.6241407990455627,192.63694763183594,0,577.0615234375,848,0,11.259000778198242
25.126578947368444,-0.006346328184008598,0.5800096392631531,171.45068359375,0,1281.6005859375,1223,0,16.41781997680664
25.80506172839506,0.314312219619751,0.8693500757217407,324.1339416503906,0,276.5863342285156,521,0,14.556989669799805
23.968181818181847,0.38102760910987854,0.8954348564147949,44.793758392333984,0,120.0,757,0,18.88915252685547
23.06538461538463,-0.12141470611095428,0.48469388484954834,112.39994049072266,0,885.889404296875,897,0,23.015710830688477
25.38852941176475,0.18118304014205933,0.7985815405845642,241.05116271972656,0,247.38633728027344,321,0,5.729400157928467
23.00746478873242,0.4093213379383087,0.8662973642349243,249.73529052734375,0,134.16407775878906,652,0,18.116010665893555
24.036133333333396,0.07330317050218582,0.588747501373291,213.953369140625,0,931.9334716796875,853,0,11.04263973236084
24.241142857142847,0.03578628972172737,0.6277227997779846,298.4102478027344,0,1574.9285888671875,1117,0,20.518802642822266
22.89346666666671,0.3486851155757904,0.8065340518951416,329.1310729980469,0,510.881591796875,1064,0,9.633224487304688
25.264647887323974,0.17513267695903778,0.7279821634292603,78.09153747558594,0,0.0,404,0,8.916857719421387
23.978641975308676,0.3801635503768921,0.9273791909217834,204.1473388671875,0,67.08203887939453,613,0,9.071327209472656
24.679523809523857,0.38206762075424194,0.8898566365242004,39.12541961669922,0,366.1966552734375,599,0,5.9563493728637695
26.08472222222224,0.22878466546535492,0.7691695690155029,211.0521240234375,0,0.0,220,0,18.7841739654541
23.713823529411798,0.3533998727798462,0.8630313277244568,166.14938354492188,0,0.0,651,0,10.392448425292969
24.721562500000005,0.1697888821363449,0.682634711265564,256.1654052734375,0,1321.3629150390625,708,0,11.480170249938965
25.08200000000005,0.12665066123008728,0.5859737992286682,151.57469177246094,0,30.0,738,0,5.258386611938477
26.08000000000004,0.08292331546545029,0.6503291726112366,310.47625732421875,0,678.822509765625,638,0,20.50896453857422
23.110597014925418,0.13153928518295288,0.6813819408416748,241.75747680664062,0,1350.0,577,0,15.30540943145752
24.18723076923078,-0.0039038779214024544,0.5348215699195862,28.47345733642578,0,210.0,644,0,5.260767936706543
23.944864864864883,0.3857310712337494,0.8979865908622742,180.0,0,740.9453125,863,0,6.464860916137695
28.510789473684213,-0.055168718099594116,0.4835996627807617,148.1885223388672,0,642.0280151367188,432,0,26.3482666015625
25.910000000000025,0.1548626571893692,0.6513800621032715,168.27020263671875,0,60.0,906,0,12.130010604858398
24.40522388059702,0.3427419364452362,0.8551532030105591,264.7323913574219,0,488.3646240234375,702,0,9.999772071838379
24.625882352941233,0.20711196959018707,0.7591036558151245,243.81094360351562,0,120.0,250,0,16.353437423706055
24.02352941176474,0.29879680275917053,0.7363717555999756,287.5891418457031,0,1173.4564208984375,396,0,9.129660606384277
23.369696969696975,0.2683144509792328,0.7515711784362793,256.1787109375,0,1231.0970458984375,854,0,15.165355682373047
24.80514285714287,0.011491107754409313,0.6161748766899109,332.2989196777344,0,1188.69677734375,1165,0,18.21635627746582
25.19518518518521,0.3345559239387512,0.7669094800949097,340.82025146484375,0,1410.319091796875,1003,0,27.982276916503906
27.131500000000017,0.14057107269763947,0.6693455576896667,103.90763854980469,0,2016.0357666015625,696,0,7.671422481536865
25.429518072289227,0.20435093343257904,0.7120405435562134,192.67857360839844,0,1154.123046875,1328,0,11.260790824890137
25.06970149253732,0.21709567308425903,0.5956701636314392,53.58247756958008,0,466.69049072265625,482,0,4.676528453826904
25.31712328767128,-0.04868006706237793,0.5724579691886902,280.4674377441406,0,210.0,724,0,19.61650848388672
24.23513513513518,-0.03491872549057007,0.6274111866950989,169.40846252441406,0,3644.72216796875,739,0,25.52830696105957
26.46941176470591,0.10007879883050919,0.6436420679092407,165.7339630126953,0,492.0365905761719,590,0,14.962383270263672
25.092857142857156,0.22974087297916412,0.7724693417549133,325.9731140136719,0,150.0,472,0,2.2370834350585938
25.33842105263159,0.16818097233772278,0.7826825380325317,308.037109375,0,364.96575927734375,815,0,27.718801498413086
22.72095890410958,0.36288678646087646,0.8927402496337891,0.0,0,150.0,656,0,4.6273674964904785
26.231643835616467,0.17183098196983337,0.6782652735710144,270.0,0,1236.931640625,657,0,21.515913009643555
27.198750000000018,0.24036352336406708,0.8269097805023193,51.07605743408203,0,0.0,133,0,18.517934799194336
28.445500000000038,0.094828762114048,0.6779590249061584,270.0,0,1323.0645751953125,603,0,22.420270919799805
23.498048780487863,0.06872880458831787,0.6229590773582458,202.0592041015625,0,0.0,900,0,9.907550811767578
29.282500000000027,-0.17124095559120178,0.37697580456733704,161.4581756591797,0,108.16654205322266,766,0,3.907017946243286
26.43571428571431,0.29490169882774353,0.856221616268158,290.4210205078125,0,84.85281372070312,230,0,17.991790771484375
26.836153846153877,0.35420098900794983,0.8246392607688904,310.39990234375,0,150.0,186,0,11.299601554870605
25.046190476190475,0.09618794173002243,0.6366644501686096,145.9958953857422,0,0.0,850,0,8.87872314453125
25.70788235294117,0.2912255525588989,0.814422607421875,105.61723327636719,0,836.779541015625,1117,0,10.22574234008789
23.060153846153867,0.3680424690246582,0.8764387965202332,333.7982177734375,0,270.0,787,0,11.224961280822754
24.420270270270294,0.07096774131059647,0.6063753962516785,270.0,0,284.60498046875,861,0,11.094673156738281
24.811772151898765,0.4719955027103424,0.8280321359634399,285.7786865234375,0,3238.054931640625,1161,0,25.46599769592285
26.328205128205127,-0.004582697059959173,0.5468277931213379,183.07875061035156,0,540.8327026367188,685,0,22.061689376831055
26.02484848484852,0.2572554051876068,0.7518755793571472,155.7372589111328,0,270.0,902,0,3.049177408218384
24.84156250000001,0.4332037568092346,0.9028197526931763,248.0687255859375,0,234.3074951171875,479,0,14.576825141906738
25.82257142857145,0.3152748942375183,0.857822060585022,180.0,0,120.0,647,0,1.8543341159820557
27.33435897435902,0.0229357797652483,0.5386384725570679,270.0,0,180.0,619,0,1.2485406398773193
24.237878787878856,-0.041417837142944336,0.5974317789077759,110.24202728271484,0,240.0,461,0,7.989943027496338
24.71111111111111,0.06252574175596237,0.5700547695159912,144.16680908203125,0,150.0,263,0,16.673248291015625
26.762000000000057,-0.060800276696681976,0.48142075538635254,76.1911392211914,0,234.3074951171875,344,0,3.879918098449707
25.128000000000043,0.331549733877182,0.8522398471832275,10.951594352722168,0,429.5346374511719,387,0,6.583739280700684
26.310000000000002,0.16703259944915771,0.7573753595352173,349.1405029296875,0,60.0,227,0,6.581718444824219
23.66126760563384,0.4079943597316742,0.9092645645141602,59.79120635986328,0,305.941162109375,465,0,19.488849639892578
25.6906153846154,0.29489216208457947,0.736377477645874,170.39340209960938,0,150.0,363,0,7.482626438140869
25.905277777777826,-0.05285690724849701,0.5124901533126831,233.34104919433594,0,408.04412841796875,557,0,4.650127410888672
28.301168831168866,0.09900756180286407,0.6724199652671814,110.42891693115234,0,1129.2918701171875,986,0,7.92082405090332
25.40914285714291,0.18493150174617767,0.697861909866333,164.8585968017578,0,335.4101867675781,309,0,14.119760513305664
24.287187500000016,0.11143375933170319,0.6842684149742126,293.9232177734375,0,474.3416442871094,938,0,13.469508171081543
23.933661971831043,0.4441155791282654,0.8569443821907043,102.2474365234375,0,90.0,253,0,20.884151458740234
28.017536231884094,-0.03451160714030266,0.5104712247848511,214.06658935546875,0,0.0,355,0,2.2381300926208496
25.815633802816933,0.26627594232559204,0.7935831546783447,63.66352844238281,0,429.5346374511719,1046,0,20.046207427978516
24.202328767123333,0.2562120258808136,0.8017423152923584,329.9405212402344,0,1129.2918701171875,1124,0,21.443321228027344
27.093855421686783,-0.10468140244483948,0.5334075689315796,152.60195922851562,0,488.3646240234375,915,0,13.334627151489258
24.596750000000043,0.3628765344619751,0.8756290674209595,48.394683837890625,0,1015.1354370117188,1001,0,8.321978569030762
23.999062500000036,0.12638509273529053,0.7024272084236145,79.54796600341797,0,90.0,414,0,5.099109649658203
29.870987654321027,-0.1318000853061676,0.3344663381576538,146.13458251953125,0,0.0,677,0,6.671620845794678
25.47682352941183,0.08180876821279526,0.6113110780715942,260.94036865234375,0,1556.53466796875,668,0,17.140390396118164
29.81987341772151,-0.0022958347108215094,0.3541063964366913,65.91255187988281,0,30.0,834,0,6.785701751708984
25.15985915492962,0.12615494430065155,0.7893845438957214,58.32809829711914,0,0.0,123,0,8.763351440429688
23.124029850746297,0.3724086582660675,0.8448275923728943,277.0285339355469,0,492.0365905761719,1035,0,14.819964408874512
24.120000000000005,-0.0833333358168602,0.41261398792266846,243.70223999023438,0,1480.067626953125,866,0,20.071422576904297
24.591388888888957,0.34816211462020874,0.8965791463851929,335.734130859375,0,234.3074951171875,518,0,6.081328868865967
23.289220779220784,0.38574156165122986,0.8666666746139526,68.80294799804688,0,1500.0,1198,0,26.218843460083008
25.392028985507295,0.030129756778478622,0.5872585773468018,114.8362045288086,0,1507.4813232421875,841,0,10.907191276550293
24.46764705882356,0.15463916957378387,0.6470588445663452,177.01646423339844,0,123.69316864013672,326,0,22.853151321411133
25.89082191780824,0.05924595892429352,0.663273274898529,306.6144714355469,0,474.3416442871094,779,0,7.728177070617676
24.900886075949415,0.381050169467926,0.7901140451431274,265.95977783203125,0,3669.945556640625,1310,0,24.679264068603516
24.114307692307705,0.16627129912376404,0.6931747198104858,50.254573822021484,0,1044.844482421875,860,0,12.836372375488281
23.33400000000006,0.22370369732379913,0.7683159112930298,53.55506134033203,0,900.0,299,0,38.3173942565918
26.563650793650822,-0.10020510107278824,0.527860701084137,116.17435455322266,0,90.0,342,0,4.197787761688232
23.855679012345718,-0.11529717594385147,0.44611573219299316,270.0,0,0.0,942,0,3.7530837059020996
23.795411764705932,0.3533167839050293,0.8756145238876343,41.894168853759766,0,453.9823913574219,676,0,11.073944091796875
23.121549295774685,0.35772156715393066,0.8534241914749146,276.02734375,0,782.3042602539062,994,0,24.82022476196289
24.98396825396827,-0.010972493328154087,0.5427901744842529,270.0,0,120.0,528,0,2.5106568336486816
27.838750000000005,-0.19515946507453918,0.38927245140075684,233.30255126953125,0,42.42640686035156,799,0,6.184087753295898
23.196666666666715,-0.14721307158470154,0.44075828790664673,347.2845764160156,0,819.3900146484375,656,0,41.864044189453125
23.787647058823552,0.3669527769088745,0.8747109770774841,317.99066162109375,0,658.6349487304688,1040,0,21.412519454956055
23.94698630136992,-0.009225091896951199,0.6126126050949097,122.8317642211914,0,4020.112060546875,1221,0,22.68492889404297
23.868787878787884,0.16756756603717804,0.6974459886550903,290.3589782714844,0,1507.4813232421875,1018,0,2.6640398502349854
26.52150000000006,-0.09102887660264969,0.4724297523498535,274.7174377441406,0,510.881591796875,522,0,21.487760543823242
24.69082191780825,-0.07877768576145172,0.5430852174758911,293.9429016113281,0,212.1320343017578,473,0,6.823871612548828
25.592564102564154,0.20372596383094788,0.5746855139732361,240.89344787597656,0,590.9314575195312,602,0,5.70123815536499
23.091470588235325,0.3419222831726074,0.7494972348213196,354.8408203125,0,453.9823913574219,661,0,13.701652526855469
27.65589743589743,-0.18925166130065918,0.4512541890144348,138.1378631591797,0,534.1348266601562,759,0,3.730821132659912
25.288857142857182,0.3362397849559784,0.8413016200065613,190.9007110595703,0,480.0,720,0,6.582620620727539
29.007066666666674,0.13894736766815186,0.7362931370735168,69.56449127197266,0,0.0,96,0,5.297659397125244
28.237126436781637,0.0031142698135226965,0.4202374219894409,233.33139038085938,0,1100.63623046875,727,0,10.74399185180664
24.73586666666671,-0.05151456594467163,0.31831589341163635,192.66033935546875,0,1308.0137939453125,1176,0,5.684891700744629
24.80000000000001,0.2990397810935974,0.7714178562164307,344.8482971191406,0,270.0,388,0,9.520346641540527
26.995263157894783,-0.18200360238552094,0.4248693883419037,273.8666687011719,0,570.7889404296875,882,0,13.49841594696045
26.14450000000005,0.03081689216196537,0.5924433469772339,0.0,0,730.5477294921875,933,0,0.9274099469184875
24.042537313432888,0.25542405247688293,0.7992932796478271,0.0,0,990.0,586,0,0.9274099469184875
28.927250000000015,-0.006579444743692875,0.5198426246643066,299.1907043457031,0,161.55494689941406,760,0,11.262824058532715
28.135853658536632,0.390359491109848,0.903153657913208,306.6665954589844,0,900.0,571,0,1.5527962446212769
28.50594594594594,0.21231254935264587,0.8058785200119019,0.0,0,150.0,649,0,4.6273674964904785
28.709268292682964,-0.29881739616394043,0.3386666774749756,192.64382934570312,0,953.4149169921875,1014,0,5.684526443481445
25.72763157894741,0.1825464516878128,0.7362362146377563,332.6036071777344,0,108.16654205322266,252,0,13.334436416625977
27.343500000000006,0.06566386669874191,0.7071362137794495,353.59478759765625,0,1026.1578369140625,920,0,21.35285758972168
26.93210526315795,-0.14247363805770874,0.4201333820819855,10.880439758300781,0,342.0526123046875,1061,0,6.582176208496094
28.82402597402603,-0.02305782213807106,0.5299999713897705,53.31207275390625,0,676.8308715820312,862,0,1.5520201921463013
27.770759493670937,0.13070793449878693,0.7053385972976685,38.88252258300781,0,210.0,781,0,11.747393608093262
24.20589743589744,0.4444068372249603,0.920134961605072,6.40610408782959,0,256.3200988769531,533,0,11.060358047485352
24.547183098591574,0.41465064883232117,0.9117512702941895,325.9259033203125,0,300.0,330,0,6.687863349914551
23.18731343283588,-0.03539822995662689,0.5426443219184875,228.31581115722656,0,1265.701416015625,1005,0,16.283058166503906
28.443333333333328,-0.2276507318019867,0.1685452163219452,77.97708129882812,0,0.0,58,0,8.834526062011719
26.921506849315108,-0.05883887782692909,0.5747653245925903,0.0,0,442.9447021484375,916,0,5.547544956207275
25.200000000000045,0.17107437551021576,0.5244755148887634,299.0477294921875,0,0.0,247,0,5.711706638336182
22.77119402985079,0.37056395411491394,0.8083484768867493,4.817102432250977,0,90.0,540,0,14.570052146911621
28.371250000000032,0.21898159384727478,0.794474720954895,33.886043548583984,0,530.754150390625,638,0,2.2333872318267822
23.690487804878103,-0.05469699576497078,0.40780967473983765,270.0,0,0.0,742,0,6.215244770050049
28.58842105263159,-0.07607083022594452,0.3743378520011902,155.8797607421875,0,523.927490234375,725,0,6.0744404792785645
23.03875000000005,0.02533692680299282,0.6662286520004272,153.7934112548828,0,641.3267211914062,757,0,11.225414276123047
23.564848484848483,0.3043345510959625,0.8210099935531616,90.0,0,0.0,320,0,11.118478775024414
25.006800000000055,0.37186530232429504,0.8627175688743591,311.7626037597656,0,1100.227294921875,1025,0,16.25940704345703
26.613157894736844,0.03005603700876236,0.6780083179473877,116.39433288574219,0,150.0,472,0,23.603853225708008
23.340461538461568,0.34665167331695557,0.8302103281021118,263.5013427734375,0,1677.051025390625,786,0,15.963383674621582
28.135853658536632,-0.0905928835272789,0.552496612071991,240.8230743408203,0,969.3296508789062,612,0,5.688775062561035
24.05435897435899,0.40357574820518494,0.9005772471427917,54.853851318359375,0,318.9043884277344,594,0,29.353548049926758
25.233714285714314,0.4643409848213196,0.8913517594337463,322.297119140625,0,67.08203887939453,274,0,8.150458335876465
28.665428571428606,-0.0460713692009449,0.4896010458469391,126.5562515258789,0,690.65185546875,616,0,1.556823968887329
25.381212121212172,-0.047146402299404144,0.5033191442489624,283.8498229980469,0,1992.009033203125,861,0,3.8686985969543457
27.645641025641055,-0.03989643231034279,0.4643690586090088,16.660106658935547,0,408.04412841796875,908,0,16.916996002197266
25.251190476190516,0.03553854674100876,0.6082649230957031,30.952802658081055,0,530.754150390625,1370,0,9.64151382446289
25.342307692307713,0.2596864402294159,0.7052939534187317,204.17901611328125,0,1870.85546875,762,0,14.904706001281738
25.227368421052688,0.15593081712722778,0.6761453151702881,306.5912170410156,0,318.9043884277344,802,0,7.732349872589111
26.736111111111143,0.005711177363991737,0.4127085208892822,126.62416076660156,0,0.0,834,0,3.1063992977142334
26.509259259259295,-0.1766727715730667,0.268490731716156,185.4966583251953,0,750.0,605,0,12.826218605041504
24.06142857142862,0.30499720573425293,0.8163979053497314,180.0,0,90.0,372,0,2.7802884578704834
24.948153846153843,0.38631588220596313,0.8887367844581604,270.0,0,134.16407775878906,449,0,17.058252334594727
25.81142857142862,0.27155327796936035,0.8652614951133728,110.4012222290039,0,1355.3228759765625,717,0,2.6587672233581543
25.199577464788774,-0.13404306769371033,0.5,175.17266845703125,0,108.16654205322266,921,0,14.570262908935547
23.51493506493506,0.40106555819511414,0.8884899020195007,311.1815490722656,0,484.6648254394531,995,0,17.723987579345703
24.047647058823543,0.39115044474601746,0.8871548771858215,335.7784423828125,0,778.267333984375,526,0,6.079226970672607
24.828873239436632,0.1807585209608078,0.6956902146339417,211.04673767089844,0,0.0,404,0,9.650838851928711
24.602307692307704,0.5271838903427124,0.8532246351242065,65.9906005859375,0,1170.0,1435,0,6.8062520027160645
24.035352112676094,0.3795139789581299,0.84676194190979,28.34164047241211,0,256.3200988769531,354,0,15.423454284667969
26.395974025974056,0.25764644145965576,0.7639360427856445,85.27693176269531,0,240.0,1073,0,11.12234878540039
25.029459459459474,0.2437131255865097,0.7357019186019897,66.00569915771484,0,1913.661376953125,760,0,13.433320999145508
27.051971830985963,0.25518926978111267,0.7265703678131104,354.0767822265625,0,42.42640686035156,122,0,11.945939064025879
28.463164556962056,-0.22448979318141937,-0.095238097012043,0.0,0,450.0,53,0,0.0
25.14594202898553,0.30463746190071106,0.7708224654197693,118.28167724609375,0,42.42640686035156,474,0,15.286872863769531
27.985064935064997,-0.1962231695652008,0.19621869921684265,201.92843627929688,0,2612.929443359375,1237,0,19.239273071289062
24.92722222222227,-0.024903325363993645,0.40808576345443726,195.10440063476562,0,0.0,668,0,4.792193412780762
25.236904761904782,0.4299516975879669,0.8385093212127686,150.74623107910156,0,755.3806762695312,513,0,12.55211067199707
27.933500000000038,0.17887473106384277,0.6373018622398376,270.0,0,823.7717895507812,807,0,4.988674640655518
22.94420289855077,0.39838317036628723,0.8867800831794739,327.7358093261719,0,90.0,855,0,16.021652221679688
27.496760563380292,0.08499818295240402,0.560606062412262,155.80889892578125,0,0.0,46,0,6.077785491943359
24.317605633802827,-0.5151515007019043,0.15942029654979706,167.27052307128906,0,301.49627685546875,229,0,16.63204574584961
26.22972222222228,-0.07465718686580658,0.39938557147979736,306.4976806640625,0,630.7138671875,593,0,4.66771936416626
24.82135135135138,0.05199189856648445,0.6411516666412354,73.81734466552734,0,618.4658203125,382,0,32.5750617980957
23.82107692307693,0.3850516378879547,0.853618860244751,309.34979248046875,0,391.1521301269531,426,0,14.322025299072266
24.384166666666715,0.30426356196403503,0.791799783706665,39.61488342285156,0,60.0,431,0,15.279083251953125
26.522658227848126,-0.04293566942214966,0.5719863176345825,183.2130889892578,0,582.49462890625,750,0,21.261917114257812
25.462394366197202,0.2815948724746704,0.7569546103477478,219.07325744628906,0,0.0,429,0,5.9519758224487305
25.33903225806455,-0.01998824253678322,0.5667293071746826,122.3070068359375,0,330.0,730,0,19.974180221557617
28.115750000000048,-0.11294049769639969,0.5109471082687378,129.08383178710938,0,1417.956298828125,646,0,17.12485694885254
25.42948717948724,0.10058511793613434,0.6403654217720032,251.7460174560547,0,0.0,1030,0,22.462221145629883
25.028461538461556,0.31916508078575134,0.846971333026886,15.113658905029297,0,108.16654205322266,466,0,4.7924017906188965
24.497901234567962,0.32012829184532166,0.8503437042236328,233.3836212158203,0,543.3231201171875,697,0,10.756860733032227
25.52342857142861,0.08242670446634293,0.6139675378799438,180.0,0,150.0,544,0,1.8543341159820557
25.197419354838757,0.4366854429244995,0.8933418393135071,342.6439514160156,0,0.0,461,0,12.433624267578125
26.711481481481542,0.15359972417354584,0.7242943644523621,341.4605712890625,0,30.0,190,0,3.9069631099700928
24.21126582278481,0.20777499675750732,0.7220239639282227,75.1435775756836,0,2171.013671875,771,0,17.51970672607422
26.414197530864215,0.27361366152763367,0.8039457201957703,146.10658264160156,0,152.9705810546875,713,0,2.2335803508758545
24.477435897435953,0.353000283241272,0.8721091747283936,341.4071044921875,0,429.5346374511719,864,0,7.780336856842041
27.032500000000027,0.32036474347114563,0.8154842853546143,0.0,0,993.1766967773438,1029,0,12.76917839050293
24.29704225352117,0.07221929728984833,0.3584149479866028,80.96296691894531,0,589.406494140625,1056,0,17.180410385131836
23.109444444444478,0.033858876675367355,0.6260162591934204,252.39442443847656,0,1041.393310546875,1223,0,17.80283546447754
23.305666666666696,0.2004321962594986,0.6918781995773315,45.42930221557617,0,0.0,591,0,10.455263137817383
23.03769230769234,0.23631124198436737,0.7737743854522705,249.67410278320312,0,630.0,664,0,10.559280395507812
23.885409836065605,0.41428571939468384,0.8082191944122314,129.37579345703125,0,570.0,755,0,27.036584854125977
30.123333333333335,-0.0049410369247198105,0.3687358498573303,233.29873657226562,0,0.0,382,0,1.551535725593567
25.539873417721537,0.23831595480442047,0.7749972343444824,210.80674743652344,0,0.0,959,0,9.627102851867676
24.623636363636365,-0.05777310952544212,0.5160563588142395,76.17205047607422,0,60.0,545,0,3.874681234359741
29.08868421052631,0.2916249632835388,0.85793137550354,173.03211975097656,0,0.0,694,0,10.170138359069824
22.789402985074673,0.08797653764486313,0.6557220220565796,76.17681884765625,0,872.0665283203125,1001,0,3.875988006591797
22.93294117647065,0.41610121726989746,0.8991637825965881,8.568633079528809,0,845.3401489257812,548,0,8.38134479522705
28.78826086956525,-0.023086048662662506,0.3650389015674591,0.0,0,150.0,618,0,0.0
27.792682926829286,0.09950248897075653,0.6644073128700256,248.0223388671875,0,690.65185546875,656,0,39.41455078125
25.17828571428572,0.3267902433872223,0.8556177020072937,49.10202407836914,0,684.105224609375,942,0,19.0932559967041
28.45461538461541,0.03999999910593033,0.6777534484863281,48.227500915527344,0,123.69316864013672,685,0,8.295137405395508
26.31394736842111,-0.032278481870889664,0.38842225074768066,190.9044952392578,0,0.0,114,0,6.582703590393066
25.25958904109592,0.013374685309827328,0.5083670020103455,69.65025329589844,0,218.40328979492188,752,0,7.949950695037842
29.85554216867473,0.016146140173077583,0.5330725312232971,110.4381103515625,0,900.4998779296875,722,0,7.917457103729248
27.718493150684935,-0.21669018268585205,0.3467336595058441,164.94247436523438,0,953.4149169921875,926,0,4.791141986846924
28.489402985074662,0.38520872592926025,0.8649969696998596,261.55999755859375,0,0.0,99,0,6.2937445640563965
23.001692307692338,0.40942928194999695,0.8986886143684387,53.547183990478516,0,94.86833190917969,698,0,3.118936777114868
24.323442622950836,0.05207262933254242,0.5347326397895813,233.4592742919922,0,0.0,596,0,7.741427898406982
29.24972972972978,-0.08514118939638138,0.47669345140457153,90.0,0,494.7726745605469,619,0,1.2486279010772705
23.665999999999997,0.3386821448802948,0.8707060813903809,347.286376953125,0,361.2478332519531,655,0,11.262303352355957
23.229154929577476,0.18572884798049927,0.7423607110977173,79.48660278320312,0,702.9224853515625,911,0,5.069832801818848
25.73428571428576,0.2275555580854416,0.7553225159645081,108.5677719116211,0,480.0,359,0,14.261650085449219
30.43962025316455,0.08930150419473648,0.5461847186088562,180.0,0,0.0,372,0,0.9274099469184875
21.636363636363683,0.39232829213142395,0.8859352469444275,344.850341796875,0,256.3200988769531,724,0,9.520256042480469
24.098437500000045,0.11495624482631683,0.6425431966781616,180.0,0,0.0,510,0,14.520768165588379
26.386235294117682,-0.20153158903121948,0.3967403471469879,0.0,0,624.2595825195312,784,0,5.547544956207275
25.29666666666668,0.14722499251365662,0.6391263008117676,110.24202728271484,0,512.6401977539062,765,0,22.835254669189453
22.874375000000043,0.32180529832839966,0.8607594966888428,333.79339599609375,0,420.0,741,0,21.649744033813477
23.564202898550775,0.17474216222763062,0.7430344820022583,291.3963928222656,0,611.88232421875,865,0,21.769264221191406
22.94974025974028,0.428201824426651,0.7958519458770752,0.0,0,858.02099609375,1402,0,2.7802884578704834
24.21970588235297,0.37837255001068115,0.8585564494132996,302.83929443359375,0,630.0,707,0,11.802556037902832
23.24826086956523,0.25875356793403625,0.6053925156593323,281.94403076171875,0,152.9705810546875,898,0,8.891112327575684
26.05493506493508,-0.1628742516040802,0.4059671461582184,49.31526565551758,0,300.0,1290,0,20.429216384887695
26.525142857142896,0.2506753206253052,0.7911025285720825,161.40338134765625,0,90.0,673,0,3.9082694053649902
24.412089552238797,-0.029372749850153923,0.34612351655960083,341.3295593261719,0,42.42640686035156,475,0,3.9099626541137695
26.722051282051325,0.26907631754875183,0.8160919547080994,221.82017517089844,0,67.08203887939453,208,0,3.7283825874328613
24.68941176470588,0.017767906188964844,0.633689820766449,201.8931884765625,0,1080.0,540,0,25.22235870361328
24.06558823529417,0.4076988995075226,0.904188871383667,126.53482818603516,0,123.69316864013672,362,0,12.272736549377441
25.51417910447765,-0.032407406717538834,0.588850200176239,221.96673583984375,0,301.49627685546875,448,0,7.442321300506592
26.81289156626508,-0.014351400546729565,0.6040816307067871,21.0283203125,0,1209.338623046875,1019,0,13.64724063873291
24.13276923076927,0.2626589238643646,0.7752196192741394,319.7311706542969,0,342.0526123046875,565,0,9.6326265335083
26.535316455696204,-0.1556982398033142,0.4577367305755615,180.0,0,1571.782470703125,1062,0,0.9274099469184875
25.08582089552243,0.14362488687038422,0.6969696879386902,197.30950927734375,0,785.1751098632812,483,0,12.430571556091309
23.358108108108127,0.4350073039531708,0.8937073945999146,209.8316650390625,0,429.5346374511719,396,0,25.88135528564453
25.180256410256447,0.05863681808114052,0.49563369154930115,119.15984344482422,0,120.0,609,0,16.646976470947266
23.818253968253998,0.16631962358951569,0.695742666721344,157.87950134277344,0,450.0,633,0,9.911767959594727
26.509420289855086,0.2501881420612335,0.8103690147399902,62.19428634643555,0,276.5863342285156,295,0,9.843485832214355
26.215569620253177,0.24517853558063507,0.8248215913772583,21.12519073486328,0,361.2478332519531,649,0,6.926258087158203
24.686811594202936,0.29108208417892456,0.8145965337753296,145.9048614501953,0,632.8507080078125,896,0,2.238884210586548
27.28684210526319,0.18178068101406097,0.62160325050354,53.3140983581543,0,60.0,864,0,6.18574857711792
24.92722222222227,0.08866045624017715,0.5953866243362427,155.7815399169922,0,30.0,642,0,3.0481181144714355
24.49323529411771,0.1409764140844345,0.6004103422164917,350.38055419921875,0,210.0,477,0,7.482906818389893
27.32027777777779,0.05575289577245712,0.4394609332084656,90.0,0,0.0,614,0,1.249337911605835
24.943529411764757,0.33838972449302673,0.8440514206886292,219.0692901611328,0,468.614990234375,355,0,11.777552604675293
24.941190476190513,0.33452168107032776,0.8794978857040405,249.66221618652344,0,852.76025390625,727,0,15.613424301147461
27.930000000000007,0.34069788455963135,0.8949194550514221,204.3197021484375,0,697.7822265625,344,0,3.0505430698394775
24.914687500000014,0.3587929308414459,0.8949354290962219,275.6333923339844,0,894.9860229492188,247,0,18.253313064575195
24.001621621621666,0.16881443560123444,0.7549177408218384,306.460693359375,0,551.5432739257812,1068,0,12.293567657470703
24.31125000000003,0.02471633441746235,0.5155457258224487,21.15680503845215,0,276.5863342285156,651,0,6.927721977233887
27.03275000000002,-0.24149510264396667,0.24135936796665192,241.9990997314453,0,268.3281555175781,1022,0,9.781585693359375
24.096250000000055,0.30976632237434387,0.7729116082191467,84.69420623779297,0,566.0388793945312,802,0,9.929431915283203
26.08472222222224,0.24497240781784058,0.6677108407020569,198.7115020751953,0,42.42640686035156,277,0,11.590253829956055
27.22710526315791,0.34191471338272095,0.7744680643081665,18.69908905029297,0,30.0,292,0,3.9106216430664062
30.223580246913627,0.22397145628929138,0.815379798412323,341.45330810546875,0,60.0,382,0,7.778254508972168
28.66234567901239,-0.04394073784351349,0.46204492449760437,84.33914947509766,0,684.105224609375,1054,0,18.170869827270508
23.184500000000014,0.06234801933169365,0.6728442311286926,66.82772064208984,0,247.38633728027344,704,0,42.14637756347656
25.071176470588284,0.01011302787810564,0.5165227651596069,265.31658935546875,0,1129.2918701171875,584,0,30.743038177490234
25.157435897435903,-0.016612829640507698,0.6461954712867737,253.4789276123047,0,480.93658447265625,864,0,6.49521017074585
26.575588235294163,0.12592843174934387,0.5926456451416016,277.03399658203125,0,0.0,85,0,7.530266284942627
27.74214285714288,0.011416229419410229,0.6497231721878052,240.89686584472656,0,573.149169921875,1022,0,11.292937278747559
25.33857142857147,0.04626498743891716,0.4418555498123169,187.02252197265625,0,0.0,495,0,10.171303749084473
28.75296296296301,-0.21438252925872803,0.30051472783088684,155.88133239746094,0,0.0,708,0,9.069327354431152
23.068157894736885,0.23525771498680115,0.804002583026886,315.2289123535156,0,408.04412841796875,1018,0,18.88226318359375
22.73724637681164,0.3353719115257263,0.8516697883605957,30.65308952331543,0,216.3330841064453,194,0,16.755645751953125
28.117999999999995,-0.20256775617599487,0.31118062138557434,186.38021850585938,0,30.0,862,0,11.05981159210205
26.17493150684936,-0.021229753270745277,0.14601363241672516,314.60345458984375,0,0.0,86,0,10.449333190917969
25.009493670886116,0.18594248592853546,0.7345794439315796,56.95982360839844,0,823.7717895507812,1120,0,11.740633964538574
25.911449275362372,0.16430099308490753,0.6509512066841125,110.2966537475586,0,216.3330841064453,363,0,15.642240524291992
24.91929577464788,0.0017699114978313446,0.5280777812004089,214.03997802734375,0,0.0,85,0,2.2374284267425537
21.85029411764708,0.38099053502082825,0.8857517838478088,31.137792587280273,0,450.0,719,0,28.743215560913086
23.561940298507523,0.2558380961418152,0.7347670197486877,355.1585693359375,0,914.385009765625,817,0,14.570552825927734
28.66544303797474,-0.1610594093799591,0.3746904730796814,155.89183044433594,0,60.0,856,0,3.045492172241211
23.518767123287716,0.4266636073589325,0.8601020574569702,326.0072021484375,0,1116.4676513671875,812,0,4.46558141708374
23.27328358208956,0.2339901477098465,0.7757370471954346,5.161391258239746,0,816.0882568359375,437,0,25.99433708190918
27.16925925925932,0.19354291260242462,0.7238925099372864,209.93832397460938,0,1034.4564208984375,1003,0,7.449898719787598
28.267808219178107,0.2952881455421448,0.82612144947052,72.29489135742188,0,240.0,920,0,9.072721481323242
25.274931506849327,0.22905276715755463,0.6950300335884094,302.3828125,0,1154.123046875,965,0,10.278914451599121
23.185151515151574,-0.07885236293077469,0.5366085767745972,118.75006103515625,0,1395.564453125,387,0,41.18700408935547
25.83911392405065,-0.1532520353794098,0.4546089470386505,338.1922607421875,0,1247.798095703125,1035,0,32.826656341552734
23.865135135135176,-0.12560386955738068,0.3852040767669678,116.78137969970703,0,1248.5191650390625,1044,0,25.034317016601562
24.387230769230825,0.19305922091007233,0.7226579785346985,217.7624053955078,0,1306.981201171875,680,0,8.156926155090332
24.04582089552241,0.40669211745262146,0.8670640587806702,214.1332244873047,0,90.0,486,0,2.239891529083252
23.110597014925418,-0.06007905304431915,0.5017366409301758,172.85438537597656,0,1742.3260498046875,337,0,41.37947082519531
24.27738461538462,0.15488936007022858,0.7067510485649109,168.21714782714844,0,1529.705810546875,825,0,12.132278442382812
24.689692307692326,0.40586820244789124,0.9048488140106201,270.0,0,182.48287963867188,341,0,15.873489379882812
24.53541176470594,-0.01619751565158367,0.041625041514635086,306.664794921875,0,547.4486083984375,324,0,15.167865753173828
29.209750000000042,0.036400921642780304,0.6220661997795105,233.33914184570312,0,840.5355224609375,529,0,4.6499199867248535
26.432531645569668,0.10939276963472366,0.7157931923866272,197.1074676513672,0,976.729248046875,948,0,30.659488677978516
25.498235294117706,0.25166022777557373,0.7876557111740112,145.86488342285156,0,1350.0,508,0,2.239941358566284
25.774705882352976,0.07018528878688812,0.6423954963684082,100.49515533447266,0,635.6885986328125,1148,0,19.569154739379883
25.531351351351418,0.10863986611366272,0.7322894930839539,107.63961791992188,0,499.29949951171875,725,0,9.104783058166504
24.16940298507467,0.3844611644744873,0.8930774331092834,72.86934661865234,0,540.0,793,0,15.364888191223145
22.934864864864892,0.39618781208992004,0.8914220929145813,7.720471382141113,0,284.60498046875,552,0,9.277803421020508
27.113684210526344,0.1786305010318756,0.6999045610427856,286.52886962890625,0,0.0,166,0,6.492252826690674
24.20917808219184,0.36135411262512207,0.9001858234405518,0.0,0,351.1409912109375,666,0,0.9274099469184875
29.1820987654321,0.24266666173934937,0.7856849431991577,78.51026153564453,0,1578.9237060546875,694,0,13.7014741897583
24.22885714285718,0.41655200719833374,0.8873755931854248,137.89480590820312,0,729.9315185546875,535,0,3.7450504302978516
28.807215189873432,-0.19378577172756195,0.3860481381416321,198.56004333496094,0,270.0,737,0,3.9074337482452393
27.743714285714304,-0.293743371963501,0.294460654258728,222.0540771484375,0,30.0,98,0,3.7420434951782227
24.999846153846192,-0.1129312515258789,0.35635673999786377,166.15512084960938,0,534.1348266601562,533,0,10.392197608947754
24.151333333333355,0.32149583101272583,0.8005865216255188,169.1419677734375,0,210.0,392,0,24.77427864074707
24.35857142857145,0.359649121761322,0.871746838092804,53.416473388671875,0,90.0,353,0,6.20051383972168
24.55800000000005,-0.004327795468270779,0.5859462022781372,93.02570343017578,0,967.470947265625,1114,0,17.049734115600586
27.328550724637694,0.07427748292684555,0.6342966556549072,143.06346130371094,0,0.0,141,0,10.329988479614258
24.353636363636383,0.1493130922317505,0.6749209761619568,290.311279296875,0,0.0,392,0,2.6700234413146973
25.406585365853687,0.0903853103518486,0.5895013213157654,149.13470458984375,0,0.0,551,0,9.632866859436035
24.88722222222225,0.3391009569168091,0.8760464787483215,239.36717224121094,0,0.0,615,0,7.2422661781311035
23.853200000000015,0.2730042636394501,0.7729684114456177,50.83613967895508,0,182.48287963867188,1192,0,15.74602222442627
23.591194029850783,0.3676074147224426,0.9000998735427856,116.30744934082031,0,174.92855834960938,755,0,8.312275886535645
26.066708860759547,0.03875968977808952,0.5913519859313965,262.9412536621094,0,351.1409912109375,787,0,14.759627342224121
25.052857142857192,-0.02036857418715954,0.19749322533607483,35.2532958984375,0,660.6814575195312,340,0,20.638397216796875
23.563333333333333,-0.04703224450349808,0.5446071624755859,239.4657440185547,0,842.14013671875,553,0,14.300102233886719
24.23231884057975,0.251852810382843,0.7263761758804321,246.10108947753906,0,127.27922058105469,354,0,19.779491424560547
23.192222222222256,0.25171399116516113,0.7371998429298401,10.866978645324707,0,120.0,1290,0,12.99449634552002
24.65470588235297,0.29815828800201416,0.8396425843238831,90.0,0,0.0,111,0,6.234476089477539
26.02123287671236,0.44264569878578186,0.8582067489624023,259.5252380371094,0,67.08203887939453,108,0,5.088228702545166
23.8240845070423,0.3603361248970032,0.8412193059921265,320.26531982421875,0,1727.0205078125,1151,0,15.304359436035156
25.145072463768145,0.036378782242536545,0.6010295748710632,226.21177673339844,0,1482.1943359375,664,0,16.91492462158203
24.60759999999999,0.3654937446117401,0.8752923011779785,126.41751861572266,0,570.7889404296875,396,0,20.89411735534668
23.040985915492968,0.3548941910266876,0.8828591704368591,312.830078125,0,120.0,659,0,13.393633842468262
26.157692307692344,-0.20425483584403992,0.33510535955429077,133.70228576660156,0,825.4089965820312,704,0,22.866743087768555
23.399156626506056,0.3308417797088623,0.8718398213386536,329.1310729980469,0,458.9117431640625,781,0,9.633224487304688
24.16420289855074,0.4081481397151947,0.8678457140922546,320.8785705566406,0,976.729248046875,601,0,5.956015110015869
24.79029411764708,0.36793363094329834,0.8942025303840637,259.5106506347656,0,189.73666381835938,209,0,14.93610668182373
24.861315789473736,0.0733509212732315,0.6047337055206299,116.18734741210938,0,931.9334716796875,926,0,23.757963180541992
24.55594594594595,0.2961100935935974,0.8181143403053284,21.98012924194336,0,276.5863342285156,386,0,9.902132034301758
24.414117647058845,0.320120632648468,0.7435508370399475,306.4449462890625,0,90.0,313,0,7.758730411529541
26.536486486486524,0.0889114961028099,0.6787954568862915,249.65426635742188,0,0.0,94,0,10.549642562866211
23.906250000000057,0.15370866656303406,0.7054161429405212,206.93154907226562,0,630.7138671875,500,0,8.264716148376465
23.924246575342522,0.15893107652664185,0.692686915397644,180.0,0,258.06976318359375,634,0,22.82535171508789
28.119000000000028,0.09122351557016373,0.7418909668922424,24.100666046142578,0,840.0,828,0,3.045313835144043
24.412089552238797,0.2051115483045578,0.751889169216156,197.64111328125,0,510.881591796875,399,0,16.10723876953125
23.835287356321828,0.22353854775428772,0.7907902002334595,106.50995635986328,0,30.0,686,0,6.499421119689941
25.00837837837838,-0.010220376774668694,0.49963706731796265,69.5789794921875,0,90.0,400,0,5.301235675811768
25.36472222222227,0.10940956324338913,0.6730818748474121,79.5164794921875,0,42.42640686035156,577,0,5.084044933319092
22.89346666666671,0.31711772084236145,0.8418853282928467,294.0410461425781,0,270.0,990,0,6.797903537750244
29.48333333333335,0.10949494689702988,0.579613447189331,0.0,0,256.3200988769531,631,0,0.0
22.95268656716422,0.46463876962661743,0.9149888157844543,198.6272430419922,0,180.0,469,0,15.286822319030762
26.74710526315795,0.05378486216068268,0.6847133636474609,184.65765380859375,0,697.7822265625,354,0,28.18981170654297
28.680499999999995,-0.08323563635349274,0.4729064106941223,270.0,0,210.0,669,0,2.4915077686309814
25.459473684210536,0.1936739683151245,0.715984582901001,318.0696105957031,0,590.9314575195312,375,0,21.38840103149414
27.319189189189217,0.5198932886123657,0.8931339979171753,306.5873718261719,0,30.0,115,0,9.2550630569458
25.38679012345682,0.38726332783699036,0.8188265562057495,331.0633544921875,0,540.8327026367188,625,0,17.45572853088379
26.83341463414638,-0.14756430685520172,0.44128257036209106,312.93902587890625,0,553.1726684570312,913,0,13.367230415344238
27.11138888888894,-0.05297227203845978,0.5624777674674988,15.560139656066895,0,108.16654205322266,515,0,29.740345001220703
25.44726027397263,0.35665127635002136,0.8964154124259949,140.90057373046875,0,550.726806640625,394,0,5.954169273376465
25.321000000000026,0.3939114511013031,0.8492605686187744,90.0,0,1842.009765625,843,0,13.477080345153809
27.169750000000022,0.27007734775543213,0.7843710780143738,290.272705078125,0,450.0,315,0,10.585212707519531
24.048620689655195,0.3724167048931122,0.8995913863182068,90.0,0,632.8507080078125,430,0,9.944427490234375
23.45325581395349,0.12938816845417023,0.6453970074653625,112.07422637939453,0,349.85711669921875,604,0,14.490885734558105
30.967777777777826,0.22285151481628418,0.7960216999053955,243.58009338378906,0,30.0,490,0,4.1616668701171875
28.004782608695677,0.029591144993901253,0.39218083024024963,120.7096176147461,0,0.0,111,0,7.2260918617248535
24.560000000000002,0.37303218245506287,0.8773981928825378,295.1974792480469,0,930.0,613,0,14.904264450073242
25.22800000000001,0.20613165199756622,0.767909049987793,45.32522201538086,0,0.0,231,0,20.22300910949707
23.56235294117647,0.1192893385887146,0.7369042634963989,20.858997344970703,0,1142.365966796875,786,0,29.001373291015625
27.551052631578955,-0.1211177334189415,0.3752959072589874,126.58736419677734,0,335.4101867675781,616,0,1.5556855201721191
24.66529411764708,0.38847118616104126,0.8959169387817383,145.93728637695312,0,60.0,966,0,8.884760856628418
24.137317073170777,0.44736841320991516,0.9103773832321167,331.7309265136719,0,420.0,680,0,5.2507004737854
23.93240000000003,0.3611111044883728,0.8916279077529907,39.563453674316406,0,305.941162109375,294,0,28.632244110107422
29.159166666666692,0.21183699369430542,0.7546241879463196,180.0,0,0.0,82,0,4.6273674964904785
29.471000000000004,0.15485480427742004,0.6729984879493713,80.59841918945312,0,0.0,684,0,11.210373878479004
26.15984126984131,0.28722265362739563,0.792074978351593,261.5794677734375,0,0.0,102,0,12.466861724853516
26.967777777777826,0.3376828730106354,0.8680287003517151,4.536230087280273,0,0.0,147,0,15.432531356811523
27.15746987951809,0.24963389337062836,0.8035789728164673,90.0,0,210.0,646,0,2.490457773208618
24.12493975903618,0.31957319378852844,0.8279622197151184,279.38018798828125,0,150.0,649,0,11.235064506530762
25.67293333333339,0.2924889624118805,0.790776789188385,150.08612060546875,0,657.9513549804688,1039,0,7.448089599609375
27.996933333333345,0.1303703635931015,0.7012262940406799,22.653915405273438,0,390.0,826,0,26.962068557739258
24.260379746835497,0.00684131495654583,0.5295310616493225,217.5474853515625,0,778.8452758789062,913,0,8.133665084838867
26.308313253012102,0.13298843801021576,0.6068191528320312,216.6971893310547,0,912.4143676757812,1001,0,10.29842758178711
24.547538461538466,0.3997584581375122,0.8159028887748718,231.37164306640625,0,1651.090576171875,553,0,18.629030227661133
23.60409836065577,0.060066740959882736,0.42557966709136963,189.57505798339844,0,0.0,692,0,7.481937885284424
27.885789473684213,0.2628890573978424,0.7062755823135376,253.5311279296875,0,123.69316864013672,572,0,12.865852355957031
24.163142857142873,0.07722309231758118,0.5979172587394714,137.88670349121094,0,240.0,681,0,3.7455272674560547
28.52506493506496,0.2015455961227417,0.7206728458404541,180.0,0,0.0,1068,0,3.704791784286499
25.227283950617277,0.02744310535490513,0.5556118488311768,270.0,0,210.0,944,0,6.206544876098633
25.546455696202543,0.39470720291137695,0.887238085269928,94.255859375,0,646.2197875976562,844,0,12.305367469787598
25.242054794520584,-0.009468539617955685,0.5179030895233154,233.4651641845703,0,0.0,475,0,3.112919569015503
25.005000000000052,0.37449946999549866,0.786849319934845,270.0,0,474.3416442871094,379,0,2.50797438621521
25.272105263157925,-0.15348057448863983,0.48796069622039795,139.4031219482422,0,1032.279052734375,816,0,32.60193634033203
24.835194805194817,0.18115225434303284,0.7225350141525269,335.8481750488281,0,330.0,841,0,9.071639060974121
26.41814814814819,0.18733032047748566,0.7729730010032654,180.0,0,0.0,649,0,9.195145606994629
25.879620253164546,0.3268470764160156,0.7300297617912292,262.93780517578125,0,1656.532470703125,603,0,7.500697135925293
24.598169014084533,0.4488479197025299,0.9058395624160767,34.08373260498047,0,331.36083984375,911,0,6.68861722946167
25.09684931506854,0.25833332538604736,0.7686676383018494,153.64625549316406,0,807.2174682617188,460,1,18.94429588317871
25.57028169014086,0.31141483783721924,0.8523349761962891,180.0,0,840.0,1118,1,17.939640045166016
24.615277777777806,0.12349875271320343,0.6477234959602356,340.5965881347656,0,1170.0,1181,1,21.54107093811035
24.955970149253744,0.259738951921463,0.7851192951202393,254.50108337402344,0,632.8507080078125,878,1,19.97471046447754
25.894186046511663,0.12207499146461487,0.6392092108726501,78.67152404785156,0,120.0,791,1,29.97887420654297
26.571428571428612,-0.04901716858148575,0.2873021364212036,108.44481658935547,0,2269.911865234375,1487,1,24.7248477935791
27.07000000000005,0.1396516114473343,0.7186108827590942,166.23556518554688,0,1113.238525390625,953,1,10.388690948486328
26.3988235294118,0.15354901552200317,0.7387190461158752,148.5266571044922,0,335.4101867675781,278,1,30.471776962280273
25.891333333333364,0.0610378198325634,0.6012742519378662,245.41015625,0,474.3416442871094,568,1,17.286867141723633
30.536233766233806,-0.1295205056667328,0.43532100319862366,114.08003234863281,0,947.2592163085938,803,1,6.787647724151611
25.132972972972993,0.2739073932170868,0.8457680344581604,0.0,0,902.4965209960938,1145,1,8.28909969329834
25.421358024691415,0.343394935131073,0.8794780373573303,0.0,0,0.0,391,1,17.939640045166016
26.377105263157944,0.12238805741071701,0.6146001219749451,340.63861083984375,0,30.0,216,1,21.536022186279297
26.9286046511628,-0.04476776719093323,0.5234270691871643,166.9847412109375,0,807.7747192382812,788,1,30.178468704223633
24.305151515151522,0.4402102530002594,0.9209347367286682,149.8909912109375,0,60.0,472,1,7.462590217590332
25.591866666666704,0.04210526496171951,0.545945942401886,90.0,0,241.86773681640625,712,1,3.732475757598877
25.060136986301416,0.11375397443771362,0.5738293528556824,218.8432159423828,0,1626.099609375,1217,1,5.932823181152344
22.59338461538465,0.04745975509285927,0.6011505126953125,20.602962493896484,0,560.4462280273438,891,1,17.29081916809082
27.119250000000022,0.17072278261184692,0.7291892170906067,138.18191528320312,0,540.0,304,1,7.425213813781738
26.612000000000023,-0.09426499903202057,0.3057733476161957,51.842559814453125,0,379.47332763671875,1115,1,26.465208053588867
23.858787878787894,0.13994215428829193,0.5571162104606628,276.02008056640625,0,0.0,547,1,8.77436351776123
25.50558823529417,0.35876715183258057,0.8946540951728821,238.3116455078125,0,1506.5855712890625,1215,1,17.12737274169922
24.97253968253972,0.13568098843097687,0.6083608269691467,132.68536376953125,0,807.2174682617188,622,1,13.428947448730469
24.855882352941194,0.09318235516548157,0.6900072693824768,90.0,0,270.0,727,1,9.927742004394531
26.7376315789474,0.18684394657611847,0.6881220936775208,329.1666564941406,0,902.4965209960938,1197,1,9.629718780517578
32.52316455696206,0.1534515917301178,0.5986374616622925,180.0,0,842.14013671875,563,1,3.704791784286499
29.518536585365894,0.07040689140558243,0.6551427841186523,206.30886840820312,0,390.0,586,1,18.937477111816406
23.362777777777808,0.24467897415161133,0.7567030787467957,0.0,0,120.0,443,1,12.76917839050293
26.85987341772153,-0.0393071286380291,0.45803841948509216,220.57308959960938,0,1455.23193359375,1087,1,13.193446159362793
27.128888888888923,-0.10096576064825058,0.5283582210540771,41.87417221069336,0,1020.4411010742188,797,1,3.7315216064453125
27.731666666666683,0.043599002063274384,0.6360470056533813,151.6769256591797,0,210.0,85,1,10.419829368591309
23.212686567164212,0.35697296261787415,0.8502358198165894,119.62899780273438,0,458.9117431640625,696,1,18.13023567199707
28.902564102564156,-0.057751383632421494,0.5275564193725586,204.1202392578125,0,480.0,590,1,3.045778751373291
25.6163529411765,-0.05610724911093712,0.4834178686141968,71.04707336425781,0,212.1320343017578,934,1,16.648941040039062
30.54951807228923,0.20543232560157776,0.798460066318512,126.68792724609375,0,381.8376770019531,474,1,7.715031147003174
27.06520000000006,-0.14100223779678345,0.48301225900650024,121.58428192138672,0,1297.9984130859375,889,1,30.423110961914062
25.44610389610392,-0.29040637612342834,0.20213769376277924,270.0,0,2755.104248046875,1240,1,11.068780899047852
28.418717948717983,0.2688766121864319,0.7771472930908203,103.23785400390625,0,1828.77001953125,520,1,22.98397445678711
28.490769230769274,-0.18266551196575165,0.35230523347854614,339.8816833496094,0,1721.5400390625,588,1,10.737850189208984
26.645584415584437,0.017341040074825287,0.46666666865348816,2.328756809234619,0,1381.3037109375,1003,1,28.130651473999023
29.391975308641975,-0.13833306729793549,0.3280718922615051,294.0860595703125,0,570.0,757,1,13.38691520690918
26.270759493670937,0.062295082956552505,0.5966209173202515,63.69584274291992,0,2324.758056640625,1348,1,8.31322956085205
26.198115942029006,0.2789804935455322,0.784490168094635,190.19044494628906,0,0.0,269,1,13.858603477478027
23.83000000000004,0.21821774542331696,0.791090190410614,162.47227478027344,0,351.1409912109375,593,1,26.988754272460938
27.733188405797137,0.17999352514743805,0.6993007063865662,287.6549072265625,0,210.0,140,1,9.097278594970703
27.982000000000028,0.22724267840385437,0.6294995546340942,36.65232467651367,0,1797.2479248046875,1041,1,30.333797454833984
25.50378378378383,0.3596460223197937,0.8551074862480164,74.86638641357422,0,771.297607421875,317,1,13.929476737976074
26.80240506329119,0.1924590915441513,0.7543432116508484,281.45989990234375,0,254.55844116210938,802,1,26.051898956298828
26.63552631578949,0.31331637501716614,0.8494983315467834,120.0792465209961,0,400.2499084472656,560,1,12.739668846130371
24.766285714285743,0.4113132059574127,0.8808094263076782,103.8754653930664,0,218.40328979492188,410,1,3.861711263656616
23.254179104477657,0.13992613554000854,0.6236119270324707,246.03585815429688,0,390.0,1394,1,19.732742309570312
28.269746835443073,0.07248656451702118,0.4399859309196472,146.08786010742188,0,212.1320343017578,722,1,6.6752424240112305
28.454057971014493,0.12378302961587906,0.5235700607299805,270.0,0,3487.491943359375,1259,1,15.854201316833496
25.586455696202563,0.10884170979261398,0.4331364929676056,170.43096923828125,0,3521.6474609375,1411,1,7.481806755065918
24.981290322580662,-0.025109006091952324,0.4508838653564453,90.0,0,60.0,767,1,2.5067138671875
30.817500000000052,-0.1575615406036377,0.4958367943763733,195.024169921875,0,408.04412841796875,409,1,4.790396213531494
31.62949367088612,-0.16090764105319977,0.18227647244930267,249.5802764892578,0,1441.5616455078125,597,1,5.301557540893555
28.035833333333358,0.3113318681716919,0.7364548444747925,252.6672821044922,0,4188.52001953125,1085,1,23.493993759155273
27.010281690140857,0.044402338564395905,0.532084584236145,208.2774200439453,0,60.0,834,1,5.251108646392822
29.66236842105269,-0.09095502644777298,0.56027752161026,120.53340911865234,0,134.16407775878906,261,1,31.190696716308594
30.06390243902439,0.08140358328819275,0.6803897023200989,312.32940673828125,0,563.6488037109375,473,1,14.811739921569824
27.756500000000017,0.029808660969138145,0.656032383441925,350.4713134765625,0,254.55844116210938,693,1,7.480930805206299
30.72740259740266,-0.11661066859960556,0.3326739966869354,299.1889953613281,0,283.0194396972656,418,1,5.686641693115234
24.662750000000017,0.17086505889892578,0.5904509425163269,306.5309753417969,0,1578.353515625,1530,1,4.664073944091797
22.32569230769235,0.246120423078537,0.7257683277130127,341.305908203125,0,0.0,1102,1,11.589094161987305
28.252318840579733,-0.0847107470035553,0.42558327317237854,53.459266662597656,0,3398.48486328125,1047,1,19.465866088867188
24.305151515151522,0.28594067692756653,0.7788913249969482,79.53185272216797,0,301.49627685546875,486,1,14.964659690856934
25.8528915662651,-0.7433413863182068,-0.34567901492118835,0.0,0,570.7889404296875,317,1,0.0
23.58680000000004,0.310141921043396,0.7989543676376343,259.4496154785156,0,2922.4990234375,1288,1,19.475528717041016
24.88722222222225,0.4189983308315277,0.9039661288261414,126.50758361816406,0,323.1098937988281,622,1,4.666634559631348
27.86850000000004,0.13900235295295715,0.7662187814712524,106.58187866210938,0,420.0,563,1,12.783414840698242
26.716428571428594,0.21496258676052094,0.75314861536026,126.65894317626953,0,134.16407775878906,420,1,7.720210075378418
26.25742857142859,0.34439340233802795,0.8809665441513062,79.47280883789062,0,755.3806762695312,714,1,5.063296794891357
23.015945945945987,0.4219474494457245,0.8893212080001831,86.44821166992188,0,2289.650634765625,1298,1,14.64400863647461
24.00194444444446,0.3717399835586548,0.8459926843643188,271.9341735839844,0,630.0,904,1,25.62322425842285
31.381645569620275,-0.08809830248355865,0.577035129070282,0.0,0,0.0,428,1,1.8543341159820557
27.005750000000035,-0.1164708286523819,0.3897535800933838,276.0766906738281,0,1879.49462890625,1200,1,8.694169044494629
25.891333333333364,0.2505957782268524,0.7573415637016296,94.25318145751953,0,600.0,553,1,12.312862396240234
27.869729729729784,-0.1519327163696289,0.3341779410839081,306.6318054199219,0,90.0,866,1,3.105842113494873
30.58259259259262,0.12276916950941086,0.7288237810134888,69.56717681884766,0,300.0,392,1,2.654836416244507
24.832465753424685,-0.06706614792346954,0.4819696247577667,180.0,0,150.0,1171,1,4.6273674964904785
26.77951219512198,0.10974331945180893,0.6544318795204163,246.5391387939453,0,134.16407775878906,754,1,15.887514114379883
25.23866666666669,0.25382065773010254,0.7975887060165405,180.0,0,1317.9530029296875,420,1,1.8543341159820557
25.445443037974712,0.20365168154239655,0.7043420672416687,24.207822799682617,0,2925.423095703125,1470,1,3.0478644371032715
26.642631578947373,0.2630831301212311,0.6596142053604126,233.46131896972656,0,948.6832885742188,1280,1,30.88668441772461
29.042771084337403,0.24775102734565735,0.8115072250366211,279.9479675292969,0,1341.6407470703125,474,1,20.546846389770508
26.963250000000016,-0.04443282634019852,0.5458773970603943,158.07156372070312,0,324.4996032714844,162,1,19.239273071289062
26.87944444444446,-0.21392393112182617,0.2927457094192505,0.0,0,254.55844116210938,795,1,0.9274099469184875
26.152962962962988,0.0527452751994133,0.5316919684410095,248.88145446777344,0,882.8363647460938,1018,1,32.16999816894531
29.72407407407411,-0.2114471048116684,0.3395000994205475,93.87507629394531,0,540.8327026367188,608,1,13.470285415649414
26.83341463414638,-0.05919557437300682,0.4659685790538788,343.3797912597656,0,342.0526123046875,965,1,8.645153999328613
29.286790123456797,-0.1947145313024521,0.37681159377098083,120.0879898071289,0,870.0,560,1,12.736422538757324
26.974444444444487,0.26296016573905945,0.8049391508102417,341.4423522949219,0,530.754150390625,832,1,7.77874755859375
23.473076923076917,0.35031846165657043,0.7785235047340393,292.03326416015625,0,1604.6495361328125,1420,1,14.515399932861328
28.870000000000005,-0.09979239106178284,0.35867977142333984,166.28672790527344,0,284.60498046875,845,1,10.386472702026367
25.648550724637687,0.37522441148757935,0.821099579334259,291.4255065917969,0,4878.298828125,1258,1,21.74370002746582
23.391538461538516,0.2018709033727646,0.6834381818771362,281.6479187011719,0,256.3200988769531,737,1,21.845428466796875
26.612025316455743,0.24295355379581451,0.7250688672065735,133.75674438476562,0,2130.6337890625,1214,1,11.89582633972168
25.797792207792213,-0.050385039299726486,0.47505125403404236,309.09564208984375,0,2524.638671875,1246,1,17.120763778686523
23.46968750000002,0.0027497708797454834,0.5056427121162415,216.93252563476562,0,1027.0345458984375,690,1,10.329455375671387
25.07266666666669,0.22790004312992096,0.6942871809005737,10.24110221862793,0,993.6296997070312,496,1,13.860726356506348
22.918405797101457,0.3098718523979187,0.8374683260917664,97.33966827392578,0,2713.46630859375,1241,1,26.878293991088867
28.802380952380986,-0.10639090836048126,0.4132901132106781,213.92138671875,0,1215.64794921875,1012,1,8.870230674743652
29.156250000000057,-0.13677571713924408,0.4092664122581482,138.16993713378906,0,361.2478332519531,461,1,7.426588535308838
27.097160493827232,0.06850520521402359,0.6313549876213074,219.40908813476562,0,1100.63623046875,941,1,20.66275978088379
27.204102564102584,0.11779563874006271,0.7429287433624268,253.40054321289062,0,510.881591796875,860,1,6.465648651123047
29.31027027027028,0.05642322078347206,0.5387245416641235,33.898963928222656,0,150.0,735,1,2.2337253093719482
24.8366666666667,0.04715946316719055,0.5489941835403442,144.4348907470703,0,1426.1837158203125,1464,1,18.690692901611328
25.96445783132532,0.032258063554763794,0.5311004519462585,10.159504890441895,0,1127.297607421875,816,1,13.857311248779297
26.23450704225354,0.014708928763866425,0.5412209033966064,69.7020263671875,0,729.9315185546875,362,1,2.6716978549957275
23.772465753424683,0.34040501713752747,0.8548172116279602,24.197206497192383,0,888.4255981445312,670,1,23.070539474487305
28.47487804878051,-0.055013928562402725,0.4586169719696045,165.87420654296875,0,379.47332763671875,966,1,14.953536987304688
24.305000000000007,0.12025052309036255,0.6260606050491333,167.32229614257812,0,1806.2391357421875,1425,1,11.260753631591797
26.120833333333337,0.04768771305680275,0.5195697546005249,45.37621307373047,0,917.823486328125,985,1,5.266590595245361
27.128888888888923,0.3080212473869324,0.8034661412239075,24.142765045166016,0,540.8327026367188,803,1,3.046314001083374
29.603066666666678,0.12139474600553513,0.7314722537994385,141.49624633789062,0,1350.0,418,1,29.18368911743164
24.246438356164447,0.1887705773115158,0.7008309960365295,87.50537109375,0,2702.332275390625,1569,1,20.400827407836914
23.287534246575376,0.039179593324661255,0.6466666460037231,134.5747528076172,0,371.0794982910156,895,1,5.271137714385986
26.32000000000005,-0.06859810650348663,0.42778491973876953,117.52043151855469,0,1124.4998779296875,1298,1,13.77899169921875
24.43984126984128,0.06925933808088303,0.6114586591720581,103.84224700927734,0,210.0,813,1,15.14388370513916
25.078196721311485,0.1827957034111023,0.6998223662376404,278.39801025390625,0,939.6275634765625,533,1,6.32474946975708
26.020133333333376,0.026115166023373604,0.5466992855072021,236.93585205078125,0,420.0,695,1,11.733296394348145
22.558923076923122,0.11183074116706848,0.6338832378387451,254.1363983154297,0,210.0,1004,1,16.49410629272461
23.473076923076917,0.1569957286119461,0.7002583742141724,25.118534088134766,0,1271.377197265625,1179,1,22.352750778198242
28.03419753086422,-0.15292268991470337,0.36800146102905273,253.44131469726562,0,1465.4010009765625,886,1,6.480986595153809
26.648082191780816,0.1602458953857422,0.7183611392974854,164.92929077148438,0,30.0,973,1,9.516779899597168
25.934000000000026,-0.012261935509741306,0.5735660791397095,201.9535369873047,0,810.0,1021,1,9.900315284729004
25.72810810810813,-0.06215235963463783,0.5419483184814453,98.424072265625,0,364.96575927734375,1105,1,6.305477142333984
24.075753424657535,0.4101705849170685,0.8788471817970276,317.0718078613281,0,488.3646240234375,750,1,19.480241775512695
31.016500000000065,0.06485336273908615,0.6832407116889954,306.6994934082031,0,361.2478332519531,447,1,4.6457319259643555
23.109444444444478,0.11023207008838654,0.6542239785194397,221.99716186523438,0,1740.0,1331,1,14.648353576660156
25.95693333333338,0.37613585591316223,0.8587524890899658,352.3277587890625,0,0.0,175,1,18.09117317199707
25.28525000000002,-0.0139064472168684,0.45748987793922424,46.74775695800781,0,270.0,754,1,29.552703857421875
26.20540540540543,0.20956331491470337,0.8022537231445312,210.83860778808594,0,94.86833190917969,636,1,9.630237579345703
24.878800000000012,0.32797858119010925,0.8490214347839355,323.7149658203125,0,403.6087341308594,968,1,23.836048126220703
25.648550724637687,-0.1601915955543518,0.3686036467552185,69.66484069824219,0,4865.92236328125,1315,1,10.554776191711426
23.426307692307716,0.3667853772640228,0.8392506837844849,328.989501953125,0,904.4888305664062,900,1,18.77653694152832
25.564814814814838,-0.00833185575902462,0.5196957588195801,306.6743469238281,0,375.89892578125,856,1,20.778932571411133
27.081428571428603,0.1159563958644867,0.6906906962394714,146.10658264160156,0,379.47332763671875,473,1,15.2708158493042
24.46534246575345,0.19387969374656677,0.7408313155174255,303.00506591796875,0,1081.6654052734375,1181,1,11.751402854919434
25.226202531645583,-0.11664482206106186,0.509856641292572,207.57620239257812,0,1830.9833984375,1021,1,18.196950912475586
25.906756756756806,-0.13479623198509216,0.40985578298568726,261.53704833984375,0,894.9860229492188,1309,1,12.406758308410645
24.500303030303087,0.37748587131500244,0.8441621661186218,258.5684814453125,0,323.1098937988281,504,1,13.767696380615234
28.659638554216883,-0.028539294376969337,0.4783911108970642,146.07479858398438,0,2379.28564453125,1039,1,2.234412431716919
26.583670886075993,0.009315324015915394,0.5748546719551086,126.69174194335938,0,1292.4395751953125,887,1,22.115894317626953
27.756666666666717,-0.015426147729158401,0.4183333218097687,132.25111389160156,0,1168.4605712890625,965,1,14.833028793334961
25.07266666666669,0.24075090885162354,0.7506195902824402,202.12200927734375,0,1064.048828125,491,1,9.911871910095215
25.983417721519004,0.13061872124671936,0.7255851626396179,265.7402648925781,0,270.0,488,1,12.294487953186035
26.921428571428635,0.2700573205947876,0.8138107657432556,37.51432800292969,0,161.55494689941406,988,1,8.130099296569824
27.93228571428574,0.31817498803138733,0.7659875154495239,306.5757141113281,0,60.0,95,1,19.451045989990234
29.030256410256413,0.1881650686264038,0.788281261920929,306.6376647949219,0,212.1320343017578,686,1,1.5538489818572998
26.46786666666668,0.3610399067401886,0.851556658744812,63.707130432128906,0,810.0,1187,1,16.296628952026367
23.941388888888923,-0.08361604809761047,0.4296388626098633,224.34414672851562,0,930.0,957,1,22.16776466369629
25.845000000000027,0.2295578420162201,0.7846153974533081,239.6818389892578,0,421.070068359375,768,1,19.429975509643555
24.620144927536273,0.19883888959884644,0.6501141786575317,229.17640686035156,0,531.6013793945312,1138,1,9.83363151550293
24.97701298701304,0.08365508168935776,0.6374951601028442,281.9457092285156,0,2372.27734375,1440,1,8.889896392822266
25.572820512820556,-0.05199655145406723,0.517241358757019,0.0,0,296.98486328125,977,1,3.704791784286499
27.245890410958907,0.2800145149230957,0.7631776332855225,156.54568481445312,0,3289.7568359375,1258,1,26.29303550720215
28.58766233766238,0.27821090817451477,0.7922899723052979,221.82809448242188,0,1355.3228759765625,408,1,11.062788009643555
26.256666666666717,-0.12105582654476166,0.5010362863540649,270.0,0,632.8507080078125,767,1,2.493959903717041
26.14166666666671,0.07712706923484802,0.5824675559997559,262.3273620605469,0,1236.931640625,1086,1,13.6305570602417
30.967777777777826,-0.10706654191017151,0.31574374437332153,233.304443359375,0,335.4101867675781,450,1,4.646157264709473
25.972051282051325,0.1212359219789505,0.7378246784210205,5.90167760848999,0,1651.090576171875,878,1,11.945487022399902
26.083783783783815,-0.10938194394111633,0.47768351435661316,223.2406005859375,0,891.964111328125,923,1,23.961505889892578
27.397692307692353,-0.11165156215429306,0.2990624010562897,154.30039978027344,0,778.267333984375,573,1,29.1138916015625
22.748400000000004,0.36583957076072693,0.8521126508712769,288.428955078125,0,1828.77001953125,1369,1,24.742937088012695
32.52316455696206,-0.07556193321943283,0.4166361391544342,199.69708251953125,0,660.0,507,1,14.461848258972168
25.969480519480555,0.24293085932731628,0.6793084144592285,344.89666748046875,0,2342.690673828125,1409,1,18.53830337524414
26.691408450704273,0.0401027537882328,0.6792626976966858,312.9107666015625,0,863.7708129882812,820,1,6.779370307922363
26.77112676056339,0.00892629474401474,0.34557822346687317,189.56903076171875,0,2181.9716796875,1354,1,14.71682357788086
29.042771084337403,0.0007401924231089652,0.5622833371162415,126.70328521728516,0,436.80657958984375,645,1,4.64531946182251
27.15123456790127,0.20363135635852814,0.7315258979797363,279.740234375,0,318.9043884277344,721,1,16.016061782836914
29.518536585365894,-0.04128275811672211,0.5575427412986755,257.08746337890625,0,684.105224609375,562,1,16.1595516204834
27.446000000000026,0.38583841919898987,0.9098089337348938,204.18960571289062,0,30.0,230,1,6.077714443206787
29.2304938271605,-0.07155399769544601,0.4962858259677887,161.3972625732422,0,540.8327026367188,980,1,7.780780792236328
27.121578947368448,-0.13004019856452942,0.2405250519514084,176.7914276123047,0,816.0882568359375,679,1,21.261831283569336
30.536233766233806,-0.20968705415725708,0.16607952117919922,270.0,0,456.9463806152344,828,1,3.7303898334503174
26.259761904761945,-0.2627933919429779,0.3029581904411316,128.8767547607422,0,759.539306640625,829,1,18.535552978515625
24.063823529411764,0.27188044786453247,0.8317495584487915,59.397518157958984,0,450.0,483,1,14.272480010986328
27.005949367088647,-0.017176227644085884,0.33847951889038086,277.0730285644531,0,1148.259521484375,1180,1,14.731300354003906
28.55301369863014,0.02044588141143322,0.4998302161693573,119.16323852539062,0,465.7252502441406,887,1,11.272250175476074
22.43153846153848,0.22190554440021515,0.7022121548652649,25.02369499206543,0,787.4642944335938,1183,1,27.387571334838867
26.064210526315833,-0.03918162360787392,0.37513813376426697,280.5453186035156,0,1295.5693359375,1274,1,10.031998634338379
27.033188405797148,0.29638341069221497,0.7904568314552307,274.24688720703125,0,90.0,182,1,12.33049488067627
26.5327848101266,-0.01922687701880932,0.5617144703865051,284.4361877441406,0,1410.0,841,1,30.30167007446289
23.64830985915495,0.42876774072647095,0.9097867012023926,222.01748657226562,0,465.7252502441406,655,1,3.7398953437805176
31.03675000000004,-0.1303059160709381,0.49490538239479065,233.304443359375,0,468.614990234375,407,1,3.1012134552001953
23.28657142857145,0.04363636299967766,0.2829682528972626,314.6299743652344,0,2305.31982421875,1324,1,5.266018390655518
31.799620253164562,-0.08351992815732956,0.21435989439487457,218.85682678222656,0,859.5929565429688,552,1,5.933950424194336
24.885641025641064,0.33649957180023193,0.8709677457809448,76.0650634765625,0,969.3296508789062,950,1,11.401257514953613
25.15246575342468,0.43024033308029175,0.9078361392021179,5.13657808303833,0,174.92855834960938,177,1,13.701184272766113
26.214337349397624,0.36861148476600647,0.8367223143577576,286.5740966796875,0,30.0,522,1,12.78904914855957
31.003417721519043,0.07856524735689163,0.7454092502593994,0.0,0,150.0,367,1,0.0
26.152962962962988,-0.03151758015155792,0.46932005882263184,300.78948974609375,0,390.0,981,1,45.34064865112305
25.580810810810817,-0.045357342809438705,0.5047010779380798,24.136709213256836,0,0.0,1103,1,9.070585250854492
25.72810810810813,0.0791349783539772,0.6452898383140564,36.881561279296875,0,660.0,1061,1,20.01569366455078
28.07525000000004,-0.12516425549983978,0.5256373286247253,60.81099319458008,0,308.868896484375,828,1,5.686641693115234
31.778205128205173,-0.21138118207454681,0.2934063971042633,249.5789794921875,0,1252.8367919921875,587,1,10.513230323791504
23.23869565217393,0.08536052703857422,0.4760301113128662,293.4920349121094,0,553.1726684570312,622,1,22.10176658630371
25.209753086419823,0.09021715074777603,0.6067304611206055,233.3914031982422,0,1855.3975830078125,1256,1,15.186962127685547
26.589230769230824,-0.2267942577600479,0.29280000925064087,90.0,0,1494.5902099609375,1167,1,14.647693634033203
26.23767123287672,0.21811459958553314,0.7410832047462463,270.0,0,270.0,314,1,8.673685073852539
22.8564102564103,0.080250583589077,0.6051914095878601,329.8696594238281,0,270.0,611,1,7.464184761047363
22.50289473684211,0.19176149368286133,0.6625557541847229,28.24890899658203,0,1080.0,1153,1,5.249711990356445
25.648550724637687,-0.21510589122772217,0.29243698716163635,214.0022430419922,0,4860.0927734375,1320,1,26.916397094726562
25.562000000000012,0.2603674530982971,0.8237751722335815,161.3109130859375,0,134.16407775878906,273,1,7.784689903259277
30.36341463414641,0.051414474844932556,0.4022822976112366,304.5290222167969,0,450.0,509,1,18.91683578491211
24.54341463414636,0.21260929107666016,0.722785234451294,60.943511962890625,0,1561.1534423828125,1497,1,11.30905818939209
28.331282051282074,0.2624453008174896,0.8039400577545166,33.876590728759766,0,174.92855834960938,773,1,15.2679443359375
30.861111111111143,-0.08904494345188141,0.6524840593338013,0.0,0,270.0,386,1,3.704791784286499
25.90512820512822,-0.07353213429450989,0.4481760263442993,300.7823791503906,0,1681.071044921875,1212,1,14.200235366821289
25.36108433734944,0.21154272556304932,0.6519370675086975,197.94747924804688,0,1449.0341796875,1404,1,23.044620513916016
23.39155844155846,0.3176001310348511,0.8375246524810791,319.4945373535156,0,2973.785400390625,1272,1,13.180596351623535
24.252631578947387,0.09886297583580017,0.6012356281280518,309.8457336425781,0,597.7457885742188,610,1,12.810315132141113
28.16919999999999,-0.06225084513425827,0.5702182054519653,134.79409790039062,0,1706.5755615234375,932,1,5.250887870788574
26.77112676056339,0.14414063096046448,0.6722809076309204,343.3153991699219,0,1621.1107177734375,1141,1,24.52623176574707
24.979736842105297,0.035095714032649994,0.5496417880058289,296.2717590332031,0,590.9314575195312,1045,1,4.183374404907227
27.232025316455747,0.13741876184940338,0.7760058045387268,83.47710418701172,0,782.3042602539062,979,1,15.907301902770996
23.907631578947417,-0.07161024957895279,0.46270036697387695,171.51370239257812,0,0.0,1152,1,8.37956428527832
24.118533333333346,0.03556308150291443,0.6074479818344116,11.740333557128906,0,1092.0164794921875,1331,1,12.130459785461426
28.97775000000007,0.16529110074043274,0.7862882614135742,90.0,0,1221.18798828125,948,1,11.065031051635742
30.496075949367082,-0.08863724768161774,0.17759838700294495,155.88282775878906,0,210.0,460,1,12.015037536621094
26.80240506329119,0.33144575357437134,0.8838257193565369,291.8123474121094,0,324.4996032714844,769,1,16.959762573242188
27.532647058823557,0.18751364946365356,0.788885235786438,301.57318115234375,0,1077.079345703125,486,1,17.180070877075195
23.37918918918922,0.1661543995141983,0.710421621799469,256.0801696777344,0,417.8516540527344,711,1,3.8496789932250977
25.38428571428574,-0.10705260932445526,0.43220338225364685,306.6936340332031,0,1523.22021484375,1092,1,6.184635639190674
29.417380952380995,-0.024430543184280396,0.5581526756286621,106.60169219970703,0,778.8452758789062,516,1,6.464806079864502
24.32070422535213,0.07682889699935913,0.6856732368469238,317.988525390625,0,913.8927612304688,663,1,3.739542007446289
27.814057971014506,-0.2622668445110321,0.2131650298833847,110.38938903808594,0,284.60498046875,771,1,5.309063911437988
27.412025316455697,0.046032845973968506,0.6150000095367432,175.9600830078125,0,216.3330841064453,145,1,17.13629913330078
25.95389610389617,-0.020740268751978874,0.42446044087409973,1.372897744178772,0,870.0,1176,1,42.20096969604492
25.222000000000037,-0.14450354874134064,0.5072237253189087,116.38470458984375,0,740.9453125,792,1,16.246734619140625
25.941428571428617,-0.12329334020614624,0.3876882791519165,171.50901794433594,0,241.86773681640625,722,1,8.37966537475586
30.770722891566265,0.009835259057581425,0.6343016028404236,347.3923034667969,0,480.0,436,1,5.68372917175293
27.576500000000067,-0.08463157713413239,0.4421227276325226,77.75414276123047,0,210.0,675,1,28.112571716308594
26.62138888888893,0.14532729983329773,0.7077962160110474,350.7113037109375,0,1786.197021484375,1008,1,28.426424026489258
22.35839506172846,0.32276451587677,0.8463451266288757,354.4764404296875,0,1072.0540771484375,943,1,12.82677936553955
27.109178082191818,-0.16672667860984802,0.34809204936027527,278.0552673339844,0,990.0,1244,1,24.800893783569336
24.940000000000055,-0.1189817413687706,0.37320297956466675,196.09317016601562,0,30.0,1173,1,13.271894454956055
28.010250000000042,-0.053162429481744766,0.48101890087127686,180.0,0,120.0,703,1,10.096575736999512
25.426666666666733,0.15425531566143036,0.5873209238052368,225.32119750976562,0,301.49627685546875,415,1,5.261503219604492
26.87313253012053,0.1829906851053238,0.7791434526443481,221.86412048339844,0,212.1320343017578,683,1,3.7309365272521973
26.04670886075951,0.16476519405841827,0.7002323865890503,74.09012603759766,0,737.9024047851562,1343,1,16.449901580810547
25.226202531645583,0.016294507309794426,0.6150895357131958,53.325660705566406,0,1636.856689453125,960,1,20.778932571411133
28.454057971014493,0.07000229507684708,0.46742209792137146,253.48887634277344,0,3915.316162109375,1183,1,18.867998123168945
27.23607594936709,0.1505625993013382,0.7368562817573547,252.7537078857422,0,1310.4197998046875,483,1,15.269643783569336
25.11389610389614,0.08977272361516953,0.6117647290229797,329.1842956542969,0,2190.0,786,1,9.627984046936035
25.19794520547947,0.24052590131759644,0.7590934038162231,61.781494140625,0,560.4462280273438,577,1,15.316801071166992
25.38680000000005,0.12069937586784363,0.6789184808731079,69.658203125,0,342.0526123046875,306,1,2.6661930084228516
24.801466666666727,0.37413355708122253,0.8754037618637085,352.3352355957031,0,417.8516540527344,1001,1,18.09087562561035
23.521749999999997,0.23102079331874847,0.806650698184967,34.098907470703125,0,241.86773681640625,779,1,19.385841369628906
26.98825000000005,-0.011317337863147259,0.5049095749855042,76.06599426269531,0,30.0,472,1,3.8458542823791504
24.91735294117649,0.4149801731109619,0.8459444642066956,323.1263122558594,0,30.0,277,1,10.321666717529297
24.306363636363642,0.39316877722740173,0.8154646158218384,79.5501480102539,0,391.1521301269531,462,1,19.646631240844727
26.99416666666673,-0.1856517344713211,0.30646950006484985,326.07861328125,0,216.3330841064453,766,1,2.2343125343322754
26.531558441558502,0.0438121035695076,0.5424662232398987,0.0,0,1152.5623779296875,1043,1,19.602388381958008
31.11987341772152,-0.07309486716985703,0.5386317372322083,33.856224060058594,0,120.0,431,1,4.458456516265869
25.95693333333338,0.171741783618927,0.6971479058265686,0.0,0,510.881591796875,345,1,21.23147201538086
27.458533333333378,0.360619455575943,0.8512147665023804,126.60858917236328,0,1614.4349365234375,1099,1,19.437149047851562
26.166315789473742,0.26234808564186096,0.8097826242446899,87.48983764648438,0,1124.4998779296875,995,1,20.284969329833984
24.734736842105292,0.23151057958602905,0.6497333645820618,142.78794860839844,0,2446.241943359375,1528,1,18.01544761657715
22.131846153846197,0.08997303247451782,0.6411960124969482,56.70135498046875,0,381.8376770019531,1169,1,13.272652626037598
26.884698795180782,0.2353792041540146,0.7382960319519043,164.2077178955078,0,480.93658447265625,399,1,17.725557327270508
23.380000000000052,0.12142957746982574,0.7173023223876953,167.2943115234375,0,870.51708984375,1054,1,11.26196002960205
27.532647058823557,-0.09749670326709747,0.37274548411369324,251.8538818359375,0,827.5868530273438,364,1,22.578304290771484
23.272105263157925,0.2265990674495697,0.7078468799591064,325.1322937011719,0,2281.775634765625,1535,1,31.450918197631836
25.413142857142873,0.09845560044050217,0.6332974433898926,214.14089965820312,0,30.0,570,1,4.473361968994141
26.709154929577494,-0.14592598378658295,0.34647440910339355,296.3669128417969,0,0.0,799,1,4.1694016456604
25.28525000000002,0.12546584010124207,0.5853018164634705,55.58274459838867,0,60.0,689,1,33.373695373535156
29.5215662650603,0.08355679363012314,0.6692002415657043,326.1457214355469,0,300.0,603,1,11.03012466430664
30.54951807228923,-0.1670408695936203,0.3510560691356659,90.0,0,800.4998168945312,530,1,11.065031051635742
26.67722891566268,0.20610974729061127,0.6747839450836182,53.35264205932617,0,123.69316864013672,614,1,3.1047115325927734
27.58702702702709,-0.10226112604141235,0.47295355796813965,138.1659698486328,0,816.0882568359375,1004,1,11.063789367675781
23.90974683544306,0.4480975270271301,0.8729097247123718,277.68341064453125,0,270.0,553,1,13.612249374389648
23.185466666666684,0.21242235600948334,0.6830004453659058,146.12513732910156,0,1789.9720458984375,1277,1,17.325668334960938
24.435609756097563,0.11752044409513474,0.7150407433509827,82.91858673095703,0,1060.66015625,1076,1,7.480679512023926
25.207831325301242,0.1073879674077034,0.6064421534538269,296.40545654296875,0,997.2462158203125,904,1,27.003324508666992
24.603421052631575,0.10216718167066574,0.6389903426170349,5.146015167236328,0,1113.6427001953125,1582,1,25.993791580200195
29.07205128205129,-0.2588799297809601,0.28655192255973816,107.70272827148438,0,1470.9180908203125,792,1,17.714162826538086
25.612093023255852,-0.013662406243383884,0.44015443325042725,115.09234619140625,0,1355.3228759765625,1154,1,24.61060905456543
24.772461538461584,0.2071811854839325,0.7090271711349487,190.2245635986328,0,90.0,402,1,13.860032081604004
25.645200000000045,0.29294702410697937,0.8446764349937439,157.14828491210938,0,150.0,225,1,15.698773384094238
26.15277777777783,-0.04479917511343956,0.3109540641307831,120.66685485839844,0,1765.6727294921875,1405,1,20.84957504272461
26.320985915492997,0.2875939905643463,0.8054823279380798,243.70872497558594,0,3274.950439453125,1235,1,23.68031883239746
26.46786666666668,0.16943685710430145,0.6459497213363647,205.72784423828125,0,1394.5966796875,1366,1,14.120749473571777
26.648082191780816,-0.18508997559547424,0.4257871210575104,180.0,0,408.04412841796875,987,1,7.3788604736328125
29.77205882352945,-0.2609896957874298,0.18034102022647858,161.41441345214844,0,90.0,784,1,3.908017158508301
28.448082191780827,0.0811377614736557,0.6625680327415466,0.0,0,364.96575927734375,883,1,0.0
24.054931506849357,0.09164774417877197,0.6047778129577637,114.07400512695312,0,60.0,1379,1,6.789230823516846
23.565405405405443,0.3171699345111847,0.8721804618835449,240.98162841796875,0,284.60498046875,565,1,11.32226848602295
30.760243902439072,-0.03081044927239418,0.5877834558486938,0.0,0,400.2499084472656,401,1,1.8543341159820557
28.539210526315856,0.24513310194015503,0.808772623538971,0.0,0,513.5172729492188,725,1,1.8543341159820557
24.80871794871797,0.2547625005245209,0.769340991973877,270.0,0,161.55494689941406,395,1,11.108452796936035
29.120434782608697,0.1992846131324768,0.7766843438148499,53.36997604370117,0,509.11688232421875,756,1,1.5541280508041382
29.352000000000032,-0.11166951805353165,0.38744112849235535,335.854248046875,0,240.0,768,1,6.0756425857543945
26.168611111111147,-0.09865919500589371,0.4057428240776062,21.018779754638672,0,256.3200988769531,823,1,6.921351432800293
29.417380952380995,0.37425312399864197,0.8695238828659058,350.4798889160156,0,576.2811889648438,513,1,7.480745315551758
28.44085714285717,0.1750059872865677,0.7626144886016846,306.63385009765625,0,660.0,786,1,3.105694055557251
24.596301369863056,0.2115677297115326,0.782469630241394,47.1295051574707,0,2520.714111328125,1272,1,6.784454822540283
25.426764705882363,-0.07241586595773697,0.47245410084724426,298.99755859375,0,301.49627685546875,856,1,5.720666885375977
27.38610389610392,0.05858029052615166,0.5625635981559753,75.4180679321289,0,1021.76318359375,951,1,24.23162269592285
27.077428571428584,0.13308458030223846,0.6311548948287964,51.222023010253906,0,2317.00244140625,1114,1,18.57257843017578
24.18384615384622,0.012788779102265835,0.5762439966201782,180.0,0,607.4536743164062,574,1,8.28909969329834
24.397887323943678,0.34130868315696716,0.8574297428131104,103.88682556152344,0,30.0,686,1,3.8586232662200928
27.245890410958907,0.0381799153983593,0.39788731932640076,99.1498031616211,0,3529.81591796875,1244,1,26.97596549987793
25.902328767123322,-0.010529950261116028,0.443101704120636,253.4126739501953,0,510.0,1198,1,6.470200538635254
23.276052631578978,0.3609914779663086,0.8414096832275391,312.9449768066406,0,192.09373474121094,1378,1,6.77506160736084
28.16638554216871,-0.07548586279153824,0.4710019826889038,90.0,0,189.73666381835938,506,1,2.487133026123047
23.647460317460343,0.2574302554130554,0.774193525314331,86.74459075927734,0,408.04412841796875,825,1,15.910768508911133
25.067272727272723,0.09758321940898895,0.6313114166259766,211.20814514160156,0,420.0,625,1,28.761165618896484
27.397692307692353,-0.16143806278705597,0.21904127299785614,113.86544036865234,0,724.9827880859375,465,1,19.80358123779297
29.354750000000024,-0.06753075867891312,0.359441339969635,116.41356658935547,0,1315.9027099609375,842,1,4.162590503692627
24.540649350649403,0.3348131775856018,0.7968127727508545,320.422607421875,0,751.7978515625,1079,1,15.271201133728027
27.022345679012403,-0.044549763202667236,0.17757008969783783,266.96484375,0,1650.0,957,1,16.99972152709961
27.423253012048235,0.034973327070474625,0.5879945158958435,0.0,0,1332.2161865234375,1019,1,1.8543341159820557
31.016500000000065,-0.05081157386302948,0.5746341347694397,126.69947814941406,0,458.9117431640625,435,1,4.6457319259643555
25.179729729729786,0.43910840153694153,0.872890293598175,278.4488220214844,0,300.0,348,1,23.783334732055664
23.407101449275387,0.40738341212272644,0.910749614238739,299.099609375,0,60.0,520,1,5.702468395233154
26.067179487179544,-0.010551807470619678,0.5036803483963013,100.53154754638672,0,0.0,542,1,23.88513946533203
28.670769230769224,0.17999595403671265,0.7227312922477722,249.5697784423828,0,1110.4052734375,418,1,5.298964023590088
27.50400000000002,-0.05177924409508705,0.501602828502655,126.68399810791016,0,1068.2696533203125,732,1,3.102051258087158
23.14093333333335,0.35782113671302795,0.8396329879760742,270.0,0,1120.0892333984375,1189,1,19.18671417236328
30.269743589743598,-0.19332526624202728,0.3183552324771881,277.07696533203125,0,812.2191772460938,762,1,14.72346305847168
25.821566265060255,0.16345271468162537,0.6556680798530579,138.03514099121094,0,742.7650756835938,1293,1,7.442104339599609
28.647500000000036,-0.13532283902168274,0.4785674512386322,120.80010986328125,0,271.66156005859375,577,1,7.207139015197754
25.69582278481016,0.18860313296318054,0.6651359796524048,223.9459686279297,0,1677.051025390625,1475,1,8.943977355957031
25.905526315789473,-0.12337011098861694,0.4276380240917206,149.5640106201172,0,798.8116455078125,708,1,16.720314025878906
27.358813559322073,0.2689848244190216,0.707907497882843,110.2779769897461,0,60.0,344,1,10.582636833190918
24.954918032786907,0.39137667417526245,0.8099188208580017,310.73651123046875,0,759.539306640625,520,1,9.850634574890137
26.54044776119406,0.3807763457298279,0.8920972347259521,213.98150634765625,0,0.0,152,1,11.046201705932617
28.35493150684937,-0.15034106373786926,0.5065311789512634,142.4701385498047,0,90.0,788,1,8.131770133972168
23.82000000000005,0.30551818013191223,0.8247782588005066,106.44103240966797,0,445.9820556640625,584,1,6.525685787200928
26.01767123287675,0.28465643525123596,0.738522469997406,294.2259216308594,0,1905.413330078125,1270,1,33.847816467285156
25.64061728395069,-0.15272372961044312,0.39137381315231323,188.49098205566406,0,0.0,800,1,8.37966537475586
25.276301369863063,0.12492954730987549,0.6688963174819946,251.7895965576172,0,212.1320343017578,647,1,11.705964088439941
25.5458536585366,-0.05047476291656494,0.5073383450508118,194.34954833984375,0,375.89892578125,362,1,35.0604362487793
25.09684931506854,0.3771263062953949,0.8421689867973328,85.27660369873047,0,726.2230834960938,536,1,11.121597290039062
24.46534246575345,0.11877092719078064,0.6569428443908691,213.96463012695312,0,1532.35107421875,1225,1,2.2354466915130615
29.603066666666678,0.0771477222442627,0.6153284907341003,106.59066772460938,0,1410.319091796875,452,1,12.777050018310547
31.016500000000065,-0.014571807347238064,0.4408112168312073,0.0,0,0.0,398,1,0.0
25.650250000000028,0.3557540774345398,0.8096796870231628,341.4569091796875,0,1146.29833984375,462,1,22.282854080200195
25.035714285714278,0.1591346114873886,0.608405590057373,41.96073532104492,0,2850.0,1418,1,14.640336036682129
24.277761194029893,0.3769548833370209,0.9026328921318054,24.27355194091797,0,792.022705078125,456,1,3.049436092376709
25.91790123456792,-0.006533101201057434,0.45937299728393555,123.70338439941406,0,1530.0,1468,1,14.711236953735352
28.78875000000005,0.17306366562843323,0.6187757849693298,217.04061889648438,0,1261.784423828125,659,1,17.977312088012695
27.069487179487226,-0.08491434901952744,0.3226836919784546,134.1793975830078,0,2482.94189453125,1166,1,21.547883987426758
25.19794520547947,0.06831542402505875,0.5726648569107056,310.7203063964844,0,483.7354736328125,428,1,27.523651123046875
24.973561643835637,0.2643446624279022,0.7750141620635986,276.702392578125,0,730.5477294921875,975,1,22.591949462890625
27.576582278481055,0.055588942021131516,0.6995645761489868,120.7398452758789,0,662.7216796875,935,1,7.219748020172119
27.458974358974388,0.15234375,0.723746120929718,321.15496826171875,0,551.5432739257812,884,1,5.932973861694336
29.821111111111122,-0.2636115252971649,0.36782506108283997,240.79225158691406,0,120.0,667,1,5.68333625793457
30.146000000000015,0.05984637513756752,0.5929967164993286,180.0,0,256.3200988769531,383,1,0.9274099469184875
26.03666666666669,0.2734978199005127,0.7792345285415649,10.890932083129883,0,0.0,163,1,6.582406044006348
25.461641791044826,-0.11179883778095245,0.4372456967830658,100.4761962890625,0,706.1161499023438,482,1,5.08753776550293
28.16638554216871,0.24698910117149353,0.8397969007492065,311.37628173828125,0,595.4829711914062,476,1,17.659757614135742
22.79121212121214,0.13927902281284332,0.6713598966598511,145.9276580810547,0,123.69316864013672,1267,1,2.2382819652557373
23.737027027027068,0.24937720596790314,0.7199621796607971,330.7634582519531,0,318.9043884277344,1398,1,12.550065040588379
24.36666666666673,0.3342446982860565,0.8943573832511902,28.423606872558594,0,120.0,809,1,15.43481159210205
26.03829268292685,0.3299335539340973,0.8229188919067383,278.4793395996094,0,30.0,352,1,12.383678436279297
23.40156250000001,0.17097264528274536,0.7266106605529785,90.0,0,60.0,620,1,11.149356842041016
30.4289873417722,-0.10746780782938004,0.42653313279151917,180.0,0,379.47332763671875,403,1,3.704791784286499
32.76785714285717,-0.09351351112127304,0.2149239331483841,198.55523681640625,0,180.0,509,1,7.778639316558838
26.531558441558502,-0.07805953919887543,0.4032555818557739,233.30052185058594,0,394.58837890625,1068,1,18.006542205810547
27.061000000000035,-0.13354037702083588,0.37565484642982483,207.3222198486328,0,1747.741455078125,1065,1,13.325824737548828
28.2746153846154,0.03652031347155571,0.6270531415939331,98.46471405029297,0,807.7747192382812,531,1,12.40424919128418
26.872784810126632,-0.09453630447387695,0.3890267312526703,33.9326171875,0,1850.5404052734375,1019,1,25.091455459594727
26.292409638554204,-0.2553682327270508,0.37258750200271606,300.7647399902344,0,553.1726684570312,750,1,14.207280158996582
27.13123456790123,0.22384105622768402,0.6995708346366882,349.58514404296875,0,1758.01025390625,828,1,19.905149459838867
32.76785714285717,0.13585469126701355,0.639726996421814,143.2779083251953,0,713.0918579101562,522,1,10.301694869995117
29.147530864197563,-0.07898624986410141,0.4069444537162781,51.304988861083984,0,797.1198120117188,742,1,19.925819396972656
26.396913580246917,0.45547401905059814,0.9177328944206238,280.5300598144531,0,510.881591796875,569,1,10.046067237854004
26.846666666666692,0.3133881688117981,0.8479347825050354,106.5762939453125,0,150.0,524,1,6.474353313446045
27.69240000000002,0.06057142838835716,0.7145496606826782,107.93236541748047,0,618.4658203125,744,1,27.733495712280273
28.95815789473687,-0.18619859218597412,0.25989076495170593,119.17182922363281,0,0.0,660,1,11.269298553466797
27.417733333333388,-0.10641689598560333,0.38737624883651733,114.07103729248047,0,1080.4166259765625,1226,1,19.656620025634766
23.426307692307716,0.13912589848041534,0.6189061999320984,296.2409973144531,0,766.615966796875,973,1,4.187913417816162
25.670000000000016,0.10809646546840668,0.6440894603729248,79.47572326660156,0,300.0,628,1,14.889264106750488
27.92771428571433,-0.025595763698220253,0.2215767651796341,180.0,0,990.0,1131,1,22.82535171508789
30.6171794871795,-0.11527688056230545,0.4289194345474243,316.19744873046875,0,426.380126953125,431,1,8.922823905944824
24.18384615384622,0.16399216651916504,0.6873759031295776,90.0,0,948.6832885742188,560,1,21.515913009643555
26.459487179487212,0.10273206233978271,0.582301676273346,283.9217529296875,0,134.16407775878906,391,1,11.411554336547852
25.512133333333338,-0.005535785108804703,0.5973324775695801,217.52601623535156,0,536.6563110351562,839,1,8.131355285644531
28.72645569620255,-0.014684773981571198,0.5987101197242737,146.11395263671875,0,1290.0,584,1,4.460008144378662
23.20386666666667,0.17165476083755493,0.6631492376327515,209.47747802734375,0,1926.0841064453125,1162,1,19.45846939086914
25.76811764705883,0.14605647325515747,0.6730632781982422,0.0,0,300.0,742,1,13.648222923278809
25.470000000000027,0.35392066836357117,0.802498996257782,163.31982421875,0,450.0,178,1,8.647818565368652
23.249500000000012,0.23634156584739685,0.7367822527885437,256.10748291015625,0,1368.21044921875,1310,1,18.629133224487305
25.33583333333337,0.09424520283937454,0.6257745027542114,266.1524353027344,0,150.0,292,1,13.562874794006348
26.2507594936709,-0.09580948948860168,0.39068710803985596,340.12957763671875,0,1772.28662109375,772,1,24.10976219177246
25.976315789473745,0.0719030424952507,0.6074799299240112,138.1539764404297,0,1832.2117919921875,1271,1,14.615184783935547
26.87313253012053,-0.06556636095046997,0.529890775680542,180.0,0,241.86773681640625,700,1,1.8543341159820557
26.939367088607582,-0.19027303159236908,0.4329935908317566,136.78958129882812,0,997.2462158203125,607,1,23.950979232788086
26.709240506329138,-0.12097901850938797,0.30461856722831726,260.3906555175781,0,1819.148193359375,960,1,25.867273330688477
32.015714285714296,-0.18143071234226227,0.4093613624572754,204.106689453125,0,180.0,445,1,6.0738019943237305
25.976315789473745,0.02841501496732235,0.6211218237876892,110.41703033447266,0,1679.1962890625,1191,1,15.558208465576172
23.79093750000004,0.3312634229660034,0.829940915107727,260.69036865234375,0,276.5863342285156,588,1,11.31728744506836
25.667857142857144,0.12296806275844574,0.6691302061080933,301.16015625,0,192.09373474121094,773,1,22.13170623779297
25.938648648648666,0.3299359381198883,0.8385668396949768,169.13681030273438,0,658.6349487304688,670,1,12.99433708190918
24.252285714285733,0.1671641767024994,0.6944745182991028,60.953887939453125,0,1806.2391357421875,1130,1,16.703134536743164
27.72123287671235,0.22309844195842743,0.797383189201355,213.9663848876953,0,0.0,21,1,2.235492467880249
25.625584415584456,-0.04979811608791351,0.4936530292034149,0.0,0,1860.0,1282,1,19.602388381958008
27.4016666666667,0.2420317828655243,0.7483837604522705,138.1659698486328,0,1710.26318359375,1033,1,21.359071731567383
32.76785714285717,-0.047325678169727325,0.5113282799720764,134.79820251464844,0,660.0,541,1,10.414290428161621
31.511818181818228,-0.1134035512804985,0.36737874150276184,270.0,0,60.0,387,1,1.2448543310165405
26.61452380952386,0.24726705253124237,0.7482670545578003,74.02912902832031,0,120.0,678,1,16.39199447631836
25.940000000000055,0.2713407278060913,0.801952600479126,265.265380859375,0,1612.7615966796875,564,1,21.41692543029785
25.998421052631613,-0.0037128713447600603,0.5131579041481018,166.26260375976562,0,313.2091979980469,939,1,10.387517929077148
24.441351351351386,0.3042372763156891,0.7989479899406433,27.61594581604004,0,816.0882568359375,621,1,18.203113555908203
26.799014084507064,0.22081759572029114,0.6957810521125793,117.43098449707031,0,4013.838623046875,1262,1,13.818831443786621
26.377105263157944,0.2889561355113983,0.7494866251945496,130.89797973632812,0,150.0,301,1,9.819171905517578
27.656285714285787,0.1726190447807312,0.5266386866569519,84.22761535644531,0,3883.1171875,1263,1,25.77348518371582
27.081428571428603,0.14170780777931213,0.6690724492073059,114.608154296875,0,534.1348266601562,561,1,17.275514602661133
29.07205128205129,-0.09202984720468521,0.5062791705131531,60.81438446044922,0,1632.176513671875,769,1,5.687240123748779
24.25704225352115,0.2773178815841675,0.8347205519676208,0.0,0,630.0,753,1,1.8543341159820557
27.122405063291183,0.05762568116188049,0.5659547448158264,249.58688354492188,0,0.0,568,1,5.303188323974609
26.872784810126632,-0.11010406166315079,0.28720563650131226,68.63631439208984,0,1632.727783203125,1091,1,23.958885192871094
27.628974358974403,-0.13927699625492096,0.16128067672252655,190.51300048828125,0,941.541259765625,775,1,25.522619247436523
23.63273972602741,0.20158638060092926,0.653180718421936,56.92296600341797,0,1415.09716796875,1389,1,11.729357719421387
26.323600000000056,0.25760066509246826,0.870455265045166,290.4249267578125,0,152.9705810546875,518,1,10.511347770690918
25.72810810810813,0.00644690403714776,0.6094145178794861,4.065903663635254,0,816.0882568359375,1053,1,17.136816024780273
25.44610389610392,-0.18494582176208496,0.3634340167045593,19.700868606567383,0,2880.0,1292,1,27.285898208618164
24.255432098765482,0.10116018354892731,0.5391180515289307,69.67681121826172,0,1484.9241943359375,1344,1,7.959771156311035
29.478157894736853,0.10894941538572311,0.7185929417610168,254.39210510253906,0,878.2368774414062,374,1,10.231584548950195
25.898860759493687,-0.09643377363681793,0.3568305969238281,265.2686767578125,0,1615.5494384765625,1213,1,11.10343074798584
24.930975609756103,0.13716135919094086,0.6503462195396423,350.4654235839844,0,134.16407775878906,851,1,7.481058597564697
24.507837837837883,0.2997055947780609,0.8323187828063965,42.82646179199219,0,713.0918579101562,501,1,19.4505672454834
24.252285714285733,0.11036036163568497,0.6378737688064575,16.70475196838379,0,2284.928955078125,1255,1,24.528514862060547
27.815783132530157,0.12306290119886398,0.7475177049636841,331.6719055175781,0,2400.75,815,1,15.42158317565918
24.265362318840573,0.4216049015522003,0.8818826675415039,86.15487670898438,0,684.105224609375,1037,1,13.571196556091309
24.341780821917837,-0.028542814776301384,0.45590993762016296,237.48985290527344,0,391.1521301269531,732,1,29.781354904174805
31.62949367088612,0.02627605013549328,0.5530164241790771,274.25823974609375,0,1710.0,530,1,12.298661231994629
28.035833333333358,0.0388743132352829,0.43054187297821045,82.95704650878906,0,4491.6923828125,1305,1,7.520860195159912
28.498000000000047,0.32136279344558716,0.7022538781166077,211.89857482910156,0,4203.64111328125,1104,1,26.369796752929688
26.639428571428596,0.3133997917175293,0.8082714080810547,276.0495300292969,0,0.0,169,1,8.732455253601074
26.61785714285719,-0.08006887882947922,0.4547311067581177,187.65196228027344,0,330.0,481,1,9.276331901550293
32.76785714285717,0.014231623150408268,0.4782112240791321,126.67815399169922,0,308.868896484375,437,1,18.014957427978516
30.10631578947374,-0.008349536918103695,0.5949227213859558,0.0,0,740.9453125,461,1,0.9274099469184875
27.710235294117695,0.0862596333026886,0.6106676459312439,326.0710754394531,0,1889.04736328125,1041,1,17.335996627807617
22.91358208955228,0.06489547342061996,0.6403891444206238,78.0766372680664,0,573.149169921875,1021,1,8.906046867370605
23.888082191780825,0.13369746506214142,0.6360520720481873,328.468994140625,0,1302.49755859375,1623,1,11.799921989440918
27.91948717948719,-0.10891088843345642,0.3277851343154907,257.4306945800781,0,270.0,743,1,12.579794883728027
27.41028571428575,0.14121778309345245,0.6945574879646301,335.84521484375,0,0.0,802,1,3.046600341796875
26.143157894736873,0.21712641417980194,0.688262939453125,297.0815734863281,0,785.1751098632812,888,1,21.361982345581055
26.115194805194847,0.36293238401412964,0.854366660118103,94.2525863647461,0,1753.909912109375,1162,1,12.314517974853516
23.980144927536287,0.3111400306224823,0.7704671025276184,7.342920303344727,0,607.4536743164062,995,1,18.919363021850586
25.89579710144932,0.2457606941461563,0.7936726212501526,121.25460815429688,0,502.8916320800781,347,1,15.684651374816895
24.489466666666715,0.10305517911911011,0.5636716485023499,153.1542205810547,0,785.1751098632812,1624,1,8.25853157043457
32.01102564102564,-0.11487603187561035,0.45516303181648254,180.0,0,335.4101867675781,454,1,10.096575736999512
26.63552631578949,0.10725893825292587,0.7056074738502502,163.3831329345703,0,360.0,496,1,8.645005226135254
27.50014492753627,0.18971902132034302,0.6055261492729187,321.0185852050781,0,3306.675048828125,1434,1,5.9443039894104
26.41149253731345,0.2196153849363327,0.8151116371154785,281.89849853515625,0,127.27922058105469,356,1,17.435062408447266
26.25638888888892,0.19352847337722778,0.7794144749641418,347.36651611328125,0,134.16407775878906,806,1,5.684297561645508
29.506438356164438,-0.060833677649497986,0.4619041383266449,233.34881591796875,0,342.0526123046875,740,1,3.10443377494812
28.41097560975612,-0.16740165650844574,0.5235635638237,104.72694396972656,0,582.49462890625,568,1,20.910263061523438
24.69575757575757,0.40774595737457275,0.8443113565444946,50.2585563659668,0,120.0,461,1,12.837409973144531
25.171282051282105,0.3087793290615082,0.7987603545188904,322.49542236328125,0,484.6648254394531,635,1,8.129051208496094
27.388571428571424,0.047473978251218796,0.35500821471214294,98.4317398071289,0,4467.986328125,1336,1,6.299829959869385
31.371558441558477,-0.12690819799900055,0.045709408819675446,0.0,0,150.0,369,1,1.8543341159820557
25.663493975903634,0.2169620841741562,0.7978124022483826,41.85408020019531,0,516.1395263671875,1034,1,3.7303526401519775
27.699230769230837,-0.21812830865383148,0.40008431673049927,97.07006072998047,0,708.0254516601562,605,1,7.492491245269775
25.815063291139268,-0.12866413593292236,0.39920949935913086,15.042316436767578,0,1142.365966796875,1009,1,14.11344051361084
26.47835443037974,0.12437810748815536,0.6189111471176147,221.95460510253906,0,3582.582763671875,1171,1,24.565744400024414
22.783066666666684,0.2768952250480652,0.7001338601112366,301.2112121582031,0,1905.8856201171875,1467,1,15.703286170959473
25.548809523809553,0.0068807341158390045,0.6337923407554626,72.30426788330078,0,108.16654205322266,608,1,9.077296257019043
27.92771428571433,0.2415468692779541,0.6836903095245361,270.0,0,510.0,1053,1,25.659616470336914
25.574556962025326,-0.07633405178785324,0.5072237253189087,49.022003173828125,0,1282.6534423828125,966,1,19.064756393432617
27.26600000000002,-0.23266063630580902,0.22928279638290405,148.92608642578125,0,1564.6085205078125,484,1,18.788175582885742
23.92625000000004,0.3842453360557556,0.8529648780822754,270.0,0,228.4731903076172,555,1,12.376898765563965
23.333055555555575,0.21806520223617554,0.806937575340271,198.66929626464844,0,330.0,655,1,3.9099361896514893
31.62949367088612,0.21234013140201569,0.7847082614898682,180.0,0,1281.6005859375,524,1,2.7802884578704834
25.073571428571427,-0.34939759969711304,-0.013698630034923553,90.0,0,684.105224609375,821,1,3.7335283756256104
24.274523809523828,0.072968490421772,0.6393581032752991,192.6829376220703,0,2190.20556640625,1435,1,5.6853928565979
25.52645569620256,0.25482770800590515,0.7580901980400085,24.106691360473633,0,2990.685546875,1291,1,6.0738019943237305
28.62850000000003,0.01640911214053631,0.6267210841178894,213.85621643066406,0,1134.0634765625,788,1,15.264472007751465
24.64219512195126,0.12365064024925232,0.6510454416275024,97.03596496582031,0,480.0,1380,1,7.528201580047607
24.02121212121216,0.2125539630651474,0.6945927143096924,321.0126647949219,0,456.9463806152344,646,1,17.34831428527832
27.853797468354458,-0.0030666294042021036,0.617002010345459,63.61211395263672,0,241.86773681640625,671,1,4.166337966918945
27.353783783783854,0.5122098326683044,0.8447958827018738,294.56231689453125,0,258.06976318359375,186,1,17.303951263427734
25.202727272727316,-0.06397964805364609,0.3735285699367523,287.0484619140625,0,2357.05322265625,1062,1,21.131542205810547
23.77656716417914,0.3619467318058014,0.8700342178344727,110.25936126708984,0,1465.4010009765625,955,1,2.6765685081481934
23.254179104477657,0.24526600539684296,0.7825104594230652,225.3557891845703,0,150.0,1430,1,10.441971778869629
24.796250000000043,0.16905958950519562,0.6689726114273071,329.4525146484375,0,690.0,568,1,16.738412857055664
23.14093333333335,0.2583416998386383,0.7818108201026917,301.16546630859375,0,1039.6634521484375,1272,1,22.12864875793457
25.856111111111147,0.06023481488227844,0.6562998294830322,119.16323852539062,0,351.1409912109375,1147,1,38.56410598754883
31.799620253164562,0.17059925198554993,0.7041984796524048,240.8127899169922,0,499.29949951171875,513,1,5.686959743499756
22.66925925925932,0.40573057532310486,0.9080361127853394,297.3393249511719,0,268.3281555175781,890,1,13.859929084777832
28.55301369863014,-0.07777240872383118,0.33948081731796265,126.65118408203125,0,210.0,768,1,3.10443377494812
28.194810126582297,0.05763308331370354,0.6820010542869568,308.8944091796875,0,450.0,726,1,18.52895736694336
25.049220779220832,0.220073863863945,0.7054357528686523,93.8549575805664,0,2040.0,1370,1,13.537894248962402
26.142048192771085,0.20090201497077942,0.7254786491394043,98.46997833251953,0,201.24612426757812,429,1,18.247880935668945
28.331282051282074,-0.1428099125623703,0.3222845494747162,63.59455871582031,0,0.0,817,1,4.163775444030762
27.033188405797148,0.10441910475492477,0.5647563934326172,321.0621337890625,0,0.0,210,1,5.940677165985107
24.610547945205496,0.09070359170436859,0.6914986968040466,211.5401153564453,0,954.829833984375,1141,1,22.678081512451172
26.298311688311742,-0.0189305879175663,0.5535103678703308,256.088623046875,0,690.0,1065,1,3.8519675731658936
25.97240000000005,0.08167599886655807,0.5973767042160034,344.96673583984375,0,1591.1317138671875,1301,1,4.790599346160889
27.43571428571431,0.034767381846904755,0.5963727831840515,138.11788940429688,0,379.47332763671875,869,1,3.7319841384887695
30.146962025316498,-0.17847125232219696,0.29037588834762573,0.0,0,1398.4635009765625,798,1,15.386483192443848
23.20386666666667,0.39856091141700745,0.880142331123352,74.39314270019531,0,2351.701416015625,1206,1,19.850515365600586
29.46180722891569,-0.13692772388458252,0.37042558193206787,163.924072265625,0,375.89892578125,928,1,13.270783424377441
25.969480519480555,0.2980639338493347,0.752051055431366,31.523725509643555,0,1841.7655029296875,1314,1,22.674503326416016
28.552857142857192,0.3610299825668335,0.8849264979362488,270.0,0,0.0,34,1,9.895953178405762
26.85987341772153,0.1555936634540558,0.7052498459815979,270.0,0,1584.04541015625,1149,1,13.474303245544434
25.898860759493687,-0.11787492781877518,0.3749281167984009,11.669511795043945,0,1426.1837158203125,1243,1,12.127446174621582
26.152962962962988,-0.05285714194178581,0.625,346.2830505371094,0,1434.0501708984375,796,1,20.132246017456055
26.849733333333347,0.04879416897892952,0.6331877708435059,74.4212875366211,0,450.0,1038,1,10.24987506866455
22.70861111111111,0.315080463886261,0.7589797377586365,115.35877990722656,0,2093.131591796875,1331,1,14.819580078125
28.02036144578318,0.08637174218893051,0.7385892271995544,24.153303146362305,0,2068.26025390625,1030,1,3.046564817428589
24.710266666666712,0.05378430709242821,0.6233183741569519,93.02720642089844,0,1663.3099365234375,1340,1,17.041763305664062
25.31816901408456,0.38062843680381775,0.8466204404830933,124.47067260742188,0,180.0,652,1,18.942893981933594
24.836764705882388,0.2004363238811493,0.7101787328720093,286.489990234375,0,330.0,561,1,6.507009506225586
27.058157894736837,0.04237824305891991,0.654618501663208,233.4010009765625,0,258.06976318359375,204,1,15.190225601196289
28.870000000000005,-0.08331285417079926,0.398924857378006,233.31028747558594,0,391.1521301269531,830,1,12.229510307312012
24.522266666666667,0.34654226899147034,0.8535681366920471,344.88018798828125,0,845.3401489257812,538,1,9.518940925598145
24.61708860759495,-0.03163563087582588,0.5043569207191467,138.00685119628906,0,725.6032104492188,1499,1,7.445374488830566
25.905466666666655,0.2990696430206299,0.8447921872138977,203.1313018798828,0,785.1751098632812,1026,1,21.169605255126953
27.925384615384644,0.10542502254247665,0.6951518654823303,204.10520935058594,0,1194.738525390625,732,1,6.073731899261475
27.117948717948764,-0.11908283829689026,0.3255425691604614,61.9808235168457,0,2329.978515625,1091,1,19.013513565063477
30.32125000000002,0.058707889169454575,0.5852288007736206,33.86738204956055,0,270.0,377,1,2.2328994274139404
26.87944444444446,0.07280363887548447,0.6120973229408264,249.60791015625,0,488.3646240234375,769,1,2.6599061489105225
28.78585365853661,0.10585217922925949,0.5844329595565796,285.5765686035156,0,1866.03857421875,1069,1,10.251214981079102
26.044399999999996,0.15543831884860992,0.6727379560470581,69.60530090332031,0,900.0,651,1,2.6595804691314697
30.4289873417722,-0.13978494703769684,0.3625304102897644,144.14163208007812,0,360.0,465,1,14.555639266967773
27.930000000000007,0.22298163175582886,0.8334934115409851,76.18630981445312,0,563.6488037109375,314,1,11.496753692626953
23.184054054054116,0.12044668942689896,0.6448087692260742,214.0230255126953,0,1965.4007568359375,1420,1,19.369783401489258
26.195675675675716,-0.01596037484705448,0.6144469380378723,186.39178466796875,0,379.47332763671875,486,1,21.352346420288086
28.869411764705887,-0.20562130212783813,0.2903484106063843,53.447593688964844,0,5097.6171875,1244,1,20.83342170715332
28.08973684210531,-0.20122356712818146,0.5247524976730347,90.0,0,189.73666381835938,774,1,2.4908039569854736
26.270759493670937,0.07995951175689697,0.5070621371269226,77.45990753173828,0,1752.6265869140625,1309,1,12.607701301574707
26.94736842105266,-0.13117001950740814,0.4944968521595001,79.45903015136719,0,1106.3453369140625,898,1,19.491416931152344
29.083947368421093,0.246985524892807,0.8127373456954956,296.39263916015625,0,152.9705810546875,608,1,4.165642261505127
26.15097560975613,0.05249679833650589,0.5829436182975769,335.0709533691406,0,900.0,520,1,24.89716148376465
25.317352941176523,0.12132878601551056,0.6763690114021301,292.9113464355469,0,308.868896484375,1031,1,18.399620056152344
23.834615384615404,0.3750646710395813,0.885552167892456,21.134803771972656,0,600.74951171875,695,1,13.656655311584473
25.508823529411757,0.30199867486953735,0.793645977973938,98.43702697753906,0,0.0,259,1,18.313920974731445
28.010250000000042,0.14542581140995026,0.7296732664108276,155.893310546875,0,630.0,727,1,3.045456886291504
26.120833333333337,-0.11820591986179352,0.4748706519603729,100.48419189453125,0,865.8521728515625,945,1,5.08372163772583
28.15623376623381,0.09202934056520462,0.6527531147003174,103.9264907836914,0,30.0,661,1,3.8478829860687256
26.583055555555575,-0.1205923855304718,0.42108261585235596,0.0,0,582.49462890625,878,1,4.6273674964904785
25.887105263157935,-0.0511067695915699,0.33348581194877625,346.2867126464844,0,2210.452392578125,928,1,20.1319580078125
29.24688311688311,0.15052245557308197,0.6897552609443665,162.78912353515625,0,494.7726745605469,267,1,12.424131393432617
27.349436619718347,0.31507113575935364,0.8700619339942932,306.6241455078125,0,30.0,811,1,1.5543419122695923
25.859066666666706,-0.035550180822610855,0.5602504014968872,296.40069580078125,0,324.4996032714844,560,1,12.321911811828613
27.145802469135845,0.01873594895005226,0.5523410439491272,153.2472381591797,0,483.7354736328125,703,1,8.251855850219727
26.847183098591586,0.2542746961116791,0.7870333790779114,146.02792358398438,0,60.0,170,1,8.875431060791016
26.31939759036146,0.37803927063941956,0.8809495568275452,350.4621276855469,0,904.4888305664062,928,1,7.481130123138428
25.11282051282052,0.18000438809394836,0.6448655128479004,79.7845458984375,0,1968.603515625,1323,1,39.402488708496094
24.744929577464802,0.20240384340286255,0.7781727910041809,281.163818359375,0,1410.319091796875,923,1,18.491628646850586
33.08493670886082,-0.16114541888237,0.27883586287498474,254.84808349609375,0,1206.7310791015625,714,1,13.913690567016602
31.778205128205173,-0.18248175084590912,0.217202290892601,252.7628631591797,0,778.267333984375,527,1,15.277142524719238
26.642631578947373,0.15724137425422668,0.5736167430877686,87.50395202636719,0,898.9994506835938,1227,1,20.390151977539062
28.833658536585403,0.0688125416636467,0.6483691334724426,238.1811981201172,0,1555.6671142578125,547,1,8.727669715881348
23.785362318840612,0.17696334421634674,0.7476029992103577,321.04840087890625,0,2001.924072265625,1032,1,36.074974060058594
31.62949367088612,-0.17218679189682007,0.30797985196113586,187.6498260498047,0,1768.219482421875,545,1,9.276286125183105
23.793013698630148,0.26058632135391235,0.7228714227676392,299.1444396972656,0,882.8363647460938,637,1,21.745412826538086
26.083783783783815,-0.1758154332637787,0.33264729380607605,257.1005859375,0,787.4642944335938,1023,1,16.17486000061035
28.79523809523812,-0.08339447528123856,0.418085515499115,263.4588623046875,0,713.0918579101562,561,1,15.865389823913574
30.060123456790166,0.02682141773402691,0.5360373258590698,0.0,0,375.89892578125,373,1,0.0
25.176388888888937,0.4570556879043579,0.9039170742034912,256.0716552734375,0,295.4657287597656,1155,1,3.847379446029663
25.667857142857144,0.23507535457611084,0.7660229206085205,90.0,0,647.6110229492188,712,1,11.07718563079834
28.44085714285717,0.19604679942131042,0.7712066769599915,296.3686218261719,0,676.8308715820312,766,1,4.169154167175293
26.921428571428635,-0.032605353742837906,0.43345487117767334,331.7477722167969,0,94.86833190917969,1024,1,5.249875068664551
27.928461538461534,0.18990740180015564,0.6753590106964111,298.4411315917969,0,512.6401977539062,749,1,15.211923599243164
25.45513513513515,0.2852720022201538,0.7649559378623962,235.57647705078125,0,1070.7940673828125,420,1,18.964006423950195
28.269746835443073,-0.1253620982170105,0.38807862997055054,257.1102294921875,0,42.42640686035156,790,1,16.1861515045166
26.23564102564103,0.15363965928554535,0.6768418550491333,6.65887451171875,0,852.76025390625,612,1,20.54837989807129
32.20575000000002,-0.0022859517484903336,0.43764036893844604,134.80616760253906,0,730.5477294921875,406,1,5.249780178070068
28.55301369863014,-0.013763738796114922,0.42143571376800537,131.76258850097656,0,210.0,786,1,8.296721458435059
25.976315789473745,0.33048874139785767,0.8198699951171875,131.3403778076172,0,1485.5301513671875,1319,1,17.671550750732422
25.663493975903634,0.06954887509346008,0.6107572317123413,312.9288330078125,0,1050.0,927,1,13.369694709777832
28.24435897435899,-0.0078125,0.6315789222717285,228.23951721191406,0,400.2499084472656,635,1,8.29705810546875
25.13160000000005,-0.13018018007278442,0.42299190163612366,74.48104858398438,0,1721.5400390625,1393,1,10.28754997253418
28.327179487179535,-0.1034594252705574,0.5148866176605225,270.0,0,284.60498046875,847,1,2.488879919052124
24.705937500000005,0.1253831535577774,0.5799180269241333,161.32327270507812,0,123.69316864013672,683,1,11.587939262390137
29.156250000000057,-0.1588805466890335,0.4110339879989624,243.59286499023438,0,67.08203887939453,479,1,12.319206237792969
26.700000000000045,0.008044030517339706,0.46342962980270386,295.71966552734375,0,3360.134033203125,1122,1,25.869794845581055
26.47337349397594,0.019520357251167297,0.6105726957321167,104.67337799072266,0,2619.637451171875,868,1,20.97842788696289
24.955205479452104,0.10540860891342163,0.6184971332550049,248.546875,0,849.0582885742188,938,1,21.719526290893555
26.370000000000005,0.13472485542297363,0.5876106023788452,327.5472717285156,0,890.4493408203125,518,1,20.02619743347168
26.46786666666668,0.24960893392562866,0.7431421279907227,20.202131271362305,0,534.1348266601562,1246,1,20.78056526184082
23.56850000000003,0.3205362558364868,0.8002076745033264,297.3001403808594,0,1142.365966796875,1262,1,29.453779220581055
28.78875000000005,-0.032767102122306824,0.4803239107131958,211.76821899414062,0,1500.0,759,1,13.90263843536377
25.098307692307685,0.0838509351015091,0.6152733564376831,58.81764221191406,0,524.78564453125,842,1,29.369338989257812
27.27685714285718,0.09288787841796875,0.40651464462280273,180.0,0,836.779541015625,1497,1,9.195145606994629
23.644666666666694,0.27749577164649963,0.8121812343597412,331.6583557128906,0,1008.4641723632812,1234,1,5.254262447357178
25.210779220779273,0.4022807776927948,0.8758547902107239,13.711386680603027,0,1845.670654296875,1047,1,10.386391639709473
25.827974683544312,0.16366906464099884,0.7271756529808044,356.9110107421875,0,1851.512939453125,1038,1,39.02705764770508
24.500303030303087,0.4720332622528076,0.8816425204277039,310.8598327636719,0,123.69316864013672,415,1,19.10687828063965
26.166315789473742,0.15721648931503296,0.7259273529052734,68.46977233886719,0,1507.4813232421875,999,1,21.65228271484375
25.38680000000005,0.18083031475543976,0.7447509169578552,180.0,0,390.0,269,1,8.28909969329834
24.216086956521735,0.27729469537734985,0.7486772537231445,316.7919616699219,0,1189.8319091796875,1226,1,27.058603286743164
30.53641975308642,-0.18493236601352692,0.20613542199134827,121.52837371826172,0,1050.0,556,1,23.43144416809082
29.564805194805217,0.17645852267742157,0.5422043204307556,201.01878356933594,0,496.5883483886719,435,1,6.921351432800293
25.20840000000004,0.14125396311283112,0.4056490361690521,197.30142211914062,0,1682.408935546875,1540,1,23.789228439331055
24.999066666666693,0.0011993283405900002,0.6103395223617554,278.4682312011719,0,720.624755859375,1084,1,6.273087501525879
26.907500000000027,0.1114666685461998,0.6745681166648865,173.0218963623047,0,391.1521301269531,220,1,19.737409591674805
25.761267605633805,0.17499999701976776,0.744380533695221,146.10276794433594,0,67.08203887939453,579,1,4.460590839385986
24.21853333333337,0.23373287916183472,0.7562462091445923,247.6029815673828,0,764.8529052734375,1101,1,23.018259048461914
27.18146341463421,0.28282231092453003,0.8412914276123047,341.4277648925781,0,390.0,695,1,3.907711982727051
30.395542168674694,0.24226915836334229,0.7756026983261108,209.89476013183594,0,120.0,657,1,7.446676254272461
24.772461538461584,0.13967914879322052,0.6935791373252869,213.2606658935547,0,400.2499084472656,386,1,32.572486877441406
