date,year,doy,fire,NDVI,NDMI,LST,tmax_7d,dewmin_7d,u_max_7d,precip_30d,precip_7d,slope,aspect,elevation,dist_urban
2018-08-23,2018,235,0,0.6915645003318787,0.1795225590467453,25.730000000000018,22.10802830287389,12.20899353027346,2.8435232979910716,0.04252291996408175,0.001900845907393034,6.305772304534912,143.67832946777344,910,161.24515496597098
2018-08-23,2018,235,0,0.8123167157173157,0.2980750501155853,23.210000000000036,22.34761526925223,12.553641619001155,2.7693677629743303,0.050061894249207484,0.0018176229221253948,11.010017395019531,3.227036714553833,856,60
2018-08-23,2018,235,0,0.7250838279724121,0.16174055635929108,29.33000000000004,22.08205348423553,13.141471208844905,2.734983171735491,0.039530081342942225,0.003808879993620451,21.158016204833984,331.44207763671875,736,272.02941017470886
2018-08-22,2018,234,0,0.6840793490409851,0.2155301719903946,25.430000000000007,23.365934535435315,11.77898777553014,2.669551304408482,0.03127516586709689,0.0010957659704118328,28.983890533447266,339.2495422363281,593,144.22205101855957
2018-08-23,2018,235,0,0.5005557537078857,-0.015200868248939514,26.510000000000048,23.502001517159613,13.338187517438655,2.889498029436384,0.04047332484651278,0.002257743619146879,7.966663837432861,290.3045959472656,592,259.42243542145695
2018-08-23,2018,235,0,0.5606749057769775,0.022189710289239883,28.27000000000004,22.245547049386175,11.815953281947543,2.5965488978794644,0.07020640153814028,0.0016729773504167156,9.600813865661621,76.15778350830078,565,150.33296378372907
2018-08-22,2018,234,0,0.6735577583312988,0.1697572022676468,30.660000000000025,22.08205348423553,13.141471208844905,2.734983171735491,0.039530081342942225,0.003808879993620451,3.9894626140594482,110.37506103515625,137,22.360679774997898
2018-08-23,2018,235,0,0.2242460399866104,-0.09231790900230408,29.950000000000045,22.096499197823675,11.323122732979925,2.694370814732143,0.03865059990812014,0.0013771893007188396,33.92788314819336,221.75460815429688,1315,304.63092423455635
2018-08-21,2018,233,0,0.8514969944953918,0.3503265082836151,24.410000000000025,22.840604945591565,12.376940482003363,2.835455758231027,0.03658431549001406,0.001512044809523161,1.5249924659729004,155.79373168945312,666,60.82762530298219
2018-08-24,2018,236,0,0.631948709487915,0.07824388146400452,28.730000000000018,23.365934535435315,11.77898777553014,2.669551304408482,0.03127516586709689,0.0010957659704118328,20.835262298583984,358.35858154296875,551,143.17821063276352
2018-08-23,2018,235,0,0.5679098963737488,0.10738588124513626,27.210000000000036,22.943878609793558,12.749795532226585,2.865110124860491,0.0384138204567499,0.0019339711887269573,12.888903617858887,222.0298614501953,561,60.82762530298219
2018-08-23,2018,235,0,0.7539212107658386,0.23017030954360962,22.910000000000025,23.10158255440848,13.21300877162389,2.8189828055245534,0.0494611837379999,0.0021116526348023967,0.6286244988441467,90,557,220.2271554554524
2018-08-22,2018,234,0,0.6424548029899597,0.18777799606323242,28.370000000000005,22.106415230887308,12.923185511997815,2.7084764753069197,0.04402966577935885,0.003409201048079069,24.141756057739258,64.31578063964844,801,335.4101966249684
2018-08-24,2018,236,0,0.699710488319397,0.24976879358291626,23.010000000000048,21.189691162109398,11.252003696986606,2.719842093331473,0.050543604087121,0.0015515626890092449,10.786234855651855,233.50225830078125,1081,10
2018-08-24,2018,236,0,0.8007925748825073,0.29372623562812805,28.170000000000016,21.830793544224377,12.319181605747815,2.879736764090402,0.042702478956467615,0.002321356676283415,3.242751359939575,0,466,70.71067811865476
2018-08-23,2018,235,0,0.4624742567539215,0.1658221185207367,24.24000000000001,21.537238420758968,12.933020891462093,3.051975795200893,0.04157525081563662,0.005092167995634611,6.289881229400635,342.673095703125,765,230.21728866442675
2018-08-23,2018,235,0,0.7513920068740845,0.21251076459884644,27.480000000000018,22.369701276506703,13.399048287527933,2.959987095424107,0.03423169035840701,0.0044396163446336345,19.443336486816406,107.34172058105469,582,98.99494936611666
2018-08-23,2018,235,0,0.4741259217262268,0.07703222334384918,30.970000000000027,22.840604945591565,12.376940482003363,2.835455758231027,0.03658431549001406,0.001512044809523161,6.288082122802734,162.7261505126953,636,22.360679774997898
2018-08-23,2018,235,0,0.6972412467002869,0.1496202051639557,29.140000000000043,25.134332275390648,10.959283447265648,3.1082284109933034,0.025247899483925806,0.0001255960685639934,15.669160842895508,168.82913208007812,710,120.83045973594572
2018-08-21,2018,233,0,0.6957101225852966,0.18566209077835083,24.05000000000001,21.612124197823675,11.65800519670762,2.7573699951171875,0.04546959478784274,0.0016509683353334026,1.336915135383606,290.2925720214844,893,161.24515496597098
2018-08-23,2018,235,0,0.6847058534622192,0.17660292983055115,27.920000000000016,24.053774588448675,12.079736328125023,2.7740565708705356,0.0249160953276224,0.0008275599700837688,3.985043525695801,110.39873504638672,788,53.85164807134504
2018-08-22,2018,234,0,0.5246891379356384,-0.032342422753572464,28.150000000000034,24.07393580845428,12.162711443219905,2.6425694056919644,0.02492101271081637,0.0010257603151231365,1.9563119411468506,161.41197204589844,933,192.35384061671343
2018-08-21,2018,233,0,0.8053969740867615,0.30483824014663696,23.53000000000003,22.650415039062523,12.81486554827012,2.822882516043527,0.04293159921098422,0.002321341775122221,15.580036163330078,258.27606201171875,709,152.31546211727817
2018-08-23,2018,235,0,0.5610365271568298,0.042145512998104095,29.32000000000005,22.924868338448675,11.544534301757835,2.867854527064732,0.029513923119790064,0.001019844554129179,6.352371692657471,150.7445831298828,887,22.360679774997898
2018-08-24,2018,236,0,0.8088685274124146,0.2840086817741394,24.810000000000002,22.787905447823675,12.296984427315863,2.733823503766741,0.036797789525277125,0.0015425176841645794,7.16912841796875,154.2738800048828,737,41.23105625617661
2018-08-22,2018,234,0,0.7859300374984741,0.28128257393836975,23.640000000000043,23.09185616629469,12.988560703822543,3.023502894810268,0.03733414192128848,0.0019021423084168987,25.020389556884766,296.7997131347656,362,56.568542494923804
2018-08-21,2018,233,0,0.6305923461914062,0.1536470651626587,22.700000000000045,22.10802830287389,12.20899353027346,2.8435232979910716,0.04252291996408175,0.001900845907393034,7.998922824859619,337.15838623046875,924,114.0175425099138
2018-08-22,2018,234,0,0.7033692002296448,0.11530589312314987,24.370000000000005,23.059032331194203,13.334889439174106,2.883087158203125,0.04635369558263491,0.001991519473257597,13.232419967651367,319.2231140136719,484,177.2004514666935
2018-08-21,2018,233,0,0.8049959540367126,0.3056149184703827,22.52000000000004,21.687452479771252,12.521916416713168,3.3117850167410716,0.0481605656855173,0.003164494178953703,6.044357776641846,313.4680480957031,603,31.622776601683796
2018-08-23,2018,235,0,0.5829008221626282,0.0021705145481973886,25.210000000000036,23.352007620675238,10.962956455775668,2.7703465053013394,0.04423132319379519,0.0006350667697816448,6.305464744567871,143.68215942382812,992,192.35384061671343
2018-08-21,2018,233,0,0.7124526500701904,0.15585578978061676,25.130000000000052,21.778763253348245,12.746118164062523,2.967104230608259,0.042482850741631495,0.004027614138784941,10.023601531982422,262.1038818359375,641,134.1640786499874
2018-08-23,2018,235,0,0.7287108898162842,0.25513195991516113,23.190000000000055,21.287133789062523,12.440233939034613,3.064490182059152,0.04475940544534396,0.004216128729048307,6.936184406280518,97.64667510986328,657,76.15773105863909
2018-08-24,2018,236,0,0.5098814368247986,0.050868745893239975,27.08000000000004,22.429140799386175,11.20386657714846,2.6596265520368303,0.05874848146367739,0.0011836530191331462,21.475467681884766,92.35820007324219,1172,184.39088914585773
2018-08-21,2018,233,0,0.829177737236023,0.3195560574531555,27.130000000000052,22.145815604073675,13.749514334542425,3.107637677873884,0.03768425960469912,0.005692878506842192,7.5663957595825195,244.752197265625,111,28.284271247461902
2018-08-23,2018,235,0,0.4796554744243622,-0.010722795501351357,23.150000000000034,21.6294886997768,12.16619698660719,2.635596139090402,0.04573906738687228,0.002658406041327055,11.077530860900879,117.04869079589844,999,110.45361017187261
2018-08-21,2018,233,0,0.5599071383476257,0.1324845850467682,25.430000000000007,21.612124197823675,11.65800519670762,2.7573699951171875,0.04546959478784274,0.0016509683353334026,2.3394548892974854,233.533447265625,954,174.6424919657298
2018-08-23,2018,235,0,0.6515164971351624,0.12548057734966278,32.870000000000005,25.45049656459264,11.795238385881703,3.0146658761160716,0.020234031271225916,0.00033966615027480884,1.5236620903015137,155.90530395507812,372,100.4987562112089
2018-08-21,2018,233,0,0.8501193523406982,0.3147159218788147,23.360000000000014,22.983976527622815,12.958984810965433,2.945746285574777,0.03947587091851901,0.0018602253419786052,13.524346351623535,124.89385223388672,623,107.70329614269008
2018-08-21,2018,233,0,0.6772458553314209,0.3158894181251526,23.710000000000036,22.10802830287389,12.20899353027346,2.8435232979910716,0.04252291996408175,0.001900845907393034,9.368715286254883,133.3776397705078,892,123.6931687685298
2018-08-21,2018,233,0,0.7278285622596741,0.19034059345722198,27.54000000000002,22.962771170479925,13.207232230050238,2.949772426060268,0.04327617366243075,0.0018530727846055584,2.7802884578704834,180,355,42.426406871192846
2018-08-22,2018,234,0,0.805751621723175,0.3593013286590576,23.210000000000036,21.92803780691969,12.238613019670765,2.755852835518973,0.043923301290757166,0.0022493989688783245,15.603263854980469,249.64767456054688,629,64.03124237432849
2018-08-21,2018,233,0,0.6838849186897278,0.15542228519916534,24.850000000000023,21.189691162109398,11.252003696986606,2.719842093331473,0.050543604087121,0.0015515626890092449,7.78944730758667,214.07040405273438,1078,178.04493814764857
2018-08-21,2018,233,0,0.7044557332992554,0.1855776309967041,23.860000000000014,22.983976527622815,12.958984810965433,2.945746285574777,0.03947587091851901,0.0018602253419786052,8.824398040771484,261.00146484375,849,182.4828759089466
2018-08-22,2018,234,0,0.7626442909240723,0.2570338845252991,28.08000000000004,23.182401820591565,11.97497166224889,2.733088902064732,0.030374584388024317,0.0011397840005784587,7.350222587585449,340.2529296875,670,94.33981132056603
2018-08-21,2018,233,0,0.7007007598876953,0.16951864957809448,23.170000000000016,21.189691162109398,11.252003696986606,2.719842093331473,0.050543604087121,0.0015515626890092449,8.540800094604492,318.98419189453125,869,78.10249675906654
2018-08-21,2018,233,0,0.7335346341133118,0.22841599583625793,24.880000000000052,21.962939017159613,12.03394470214846,2.8746337890625,0.04336109538007449,0.0017477513772874431,4.572243690490723,107.67591094970703,575,169.70562748477138
2018-08-23,2018,235,0,0.5082834959030151,-0.023968085646629333,31.30000000000001,21.830793544224377,12.319181605747815,2.879736764090402,0.042702478956467615,0.002321356676283415,10.131387710571289,256.91033935546875,519,116.61903789690601
2018-08-22,2018,234,0,0.7893284559249878,0.30122095346450806,26.02000000000004,21.9244105747768,12.746595546177502,3.1103406633649553,0.046143484901673304,0.003344172380629118,7.1689910888671875,344.8503112792969,447,170.88007490635061
2018-08-21,2018,233,0,0.5238152146339417,0.04465692862868309,31.950000000000045,25.45049656459264,11.795238385881703,3.0146658761160716,0.020234031271225916,0.00033966615027480884,5.248719692230225,208.22862243652344,476,53.85164807134504
2018-08-23,2018,235,0,0.7664554119110107,0.24929676949977875,26.930000000000007,22.55303780691969,13.047413853236606,3.1020289829799106,0.04503144104409884,0.002801978729429777,11.787492752075195,122.88793182373047,177,63.24555320336759
2018-08-23,2018,235,0,0.6446316242218018,0.09397029876708984,25.930000000000007,22.29213431222098,13.518836321149593,2.9059971400669644,0.033512038778550135,0.0044756175500779705,7.849318027496338,28.277467727661133,750,211.8962010041709
2018-08-21,2018,233,0,0.7394145131111145,0.20458360016345978,27.07000000000005,22.767589460100453,12.454675292968773,2.656160627092634,0.06491197426248263,0.0019324810726075725,5.008169174194336,90,541,158.11388300841895
2018-08-23,2018,235,0,0.7233220934867859,0.22367212176322937,27.32000000000005,23.165482003348245,13.22139456612723,2.926607404436384,0.04233272154260348,0.002473125003042753,8.829387664794922,351.9001770019531,114,10
2018-08-23,2018,235,0,0.7591902017593384,0.29860445857048035,25.750000000000057,22.67747541155137,10.011673409598245,2.7976815359933034,0.05245250244069766,0.0005988122445970134,17.60311508178711,300.6776123046875,1043,202.48456731316588
2018-08-24,2018,236,0,0.650966465473175,0.1581636220216751,29.83000000000004,24.475551496233265,10.74035252162389,2.9099578857421875,0.0304623075239725,0.0001412571889787273,19.806489944458008,266.1341247558594,823,201.24611797498108
2018-08-23,2018,235,0,0.5808203816413879,0.04111713916063309,26.970000000000027,23.239042445591565,11.540349033900668,3.002131870814732,0.02868327279020022,0.0009003521425157146,16.403160095214844,230.77359008789062,1073,98.48857801796103
2018-08-23,2018,235,0,0.7315320372581482,0.2548040747642517,31.130000000000052,22.08205348423553,13.141471208844905,2.734983171735491,0.039530081342942225,0.003808879993620451,14.762452125549316,277.0573425292969,107,82.46211251235322
2018-08-23,2018,235,0,0.866083562374115,0.40273019671440125,21.890000000000043,21.81999250139512,10.82774396623887,2.6678575788225447,0.05072004873681735,0.0011917145473390178,10.873298645019531,255.3555450439453,1373,272.9468812791236
2018-08-22,2018,234,0,0.6028987765312195,0.12217120081186295,27.380000000000052,23.165482003348245,13.22139456612723,2.926607404436384,0.04233272154260348,0.002473125003042753,6.080053806304932,292.3295593261719,162,41.23105625617661
2018-08-21,2018,233,0,0.8519485592842102,0.3719945549964905,23.650000000000034,21.962939017159613,12.03394470214846,2.8746337890625,0.04336109538007449,0.0017477513772874431,12.220969200134277,315.236572265625,742,60.82762530298219
2018-08-24,2018,236,0,0.7541870474815369,0.1963856965303421,29.890000000000043,24.377356828962093,10.318529837472113,2.944523402622768,0.032499028038269984,0.00013468577689224048,20.005970001220703,214.6610565185547,1010,130
2018-08-21,2018,233,0,0.8343577980995178,0.32437863945961,28.760000000000048,21.830793544224377,12.319181605747815,2.879736764090402,0.042702478956467615,0.002321356676283415,19.20647430419922,12.623071670532227,423,90
2018-08-22,2018,234,0,0.8124683499336243,0.2943843603134155,28.07000000000005,24.442943464006703,11.06545192173553,2.8211277553013394,0.028344226669556605,0.0003638507348924236,19.07676124572754,70.87306213378906,773,80.62257748298549
2018-08-21,2018,233,0,0.8428571224212646,0.32769712805747986,26.430000000000007,23.09185616629469,12.988560703822543,3.023502894810268,0.03733414192128848,0.0019021423084168987,4.959933280944824,310.75701904296875,426,50
2018-08-21,2018,233,0,0.5038626790046692,0.0063506681472063065,29.810000000000002,23.478123692103793,10.88549630301344,2.7856924874441966,0.04888976890969943,0.0006384791356950359,5.172991752624512,254.44215393066406,1154,151.32745950421557
2018-08-23,2018,235,0,0.6693848371505737,0.1283048838376999,24.350000000000023,21.620206996372815,11.486991228376155,2.65960693359375,0.05986194093156527,0.001594597242537077,14.699796676635742,343.0240783691406,1063,222.03603311174518
2018-08-21,2018,233,0,0.6971389651298523,0.24539487063884735,26.03000000000003,22.99986310686387,11.14246520996096,2.6950814383370534,0.03460630555082034,0.0009166540128617839,24.660680770874023,298.42376708984375,1288,260
2018-08-22,2018,234,0,0.7513360977172852,0.27891066670417786,31.29000000000002,24.800147356305843,12.159153965541293,2.7982613699776784,0.023691622208840357,0.0006381215078263835,4.170246601104736,48.23771667480469,374,14.142135623730951
2018-08-23,2018,235,0,0.6548522710800171,0.03901124373078346,28.440000000000055,22.452299281529065,12.042230224609398,2.703951154436384,0.06260105748105715,0.0021814049703507976,30.68470001220703,174.6949462890625,714,575.6735185849702
2018-08-24,2018,236,0,0.631644606590271,0.21501579880714417,24.680000000000007,21.778763253348245,12.746118164062523,2.967104230608259,0.042482850741631495,0.004027614138784941,9.945066452026367,272.6457824707031,982,189.73665961010278
2018-08-21,2018,233,0,0.47442537546157837,-0.026116667315363884,29.27000000000004,21.9244105747768,12.746595546177502,3.1103406633649553,0.046143484901673304,0.003344172380629118,11.835150718688965,96.65406799316406,469,102.95630140987001
2018-08-23,2018,235,0,0.8187794089317322,0.3936227560043335,25.510000000000048,21.9341761997768,12.490888759068127,2.695103236607143,0.04500947673249911,0.0027056725246339397,15.143937110900879,350.7158203125,382,89.44271909999159
2018-08-21,2018,233,0,0.7510378360748291,0.17691922187805176,27.650000000000034,22.429140799386175,11.20386657714846,2.6596265520368303,0.05874848146367739,0.0011836530191331462,12.024023056030273,155.78451538085938,898,78.10249675906654
2018-08-21,2018,233,0,0.6665979623794556,0.21109962463378906,24.890000000000043,23.060845947265648,12.66497410365514,2.8596910749162947,0.03663463671136569,0.0018104405624299602,11.119263648986816,90,845,114.0175425099138
2018-08-22,2018,234,0,0.7839077115058899,0.2719961106777191,30.53000000000003,22.958995710100453,12.342231096540218,2.6084485735212053,0.07240371186662387,0.001969704173269804,26.284317016601562,341.8981018066406,486,76.15773105863909
2018-08-22,2018,234,0,0.7591750621795654,0.2529616057872772,28.52000000000004,22.933084106445335,13.243016270228793,3.059757777622768,0.04271557707715701,0.0024430395585923748,5.929436683654785,108.1632308959961,442,56.568542494923804
2018-08-23,2018,235,0,0.5574676394462585,0.10298662632703781,26.77000000000004,22.924868338448675,11.544534301757835,2.867854527064732,0.029513923119790064,0.001019844554129179,9.66235637664795,286.5729064941406,1112,305.9411708155671
2018-08-22,2018,234,0,0.7802940607070923,0.3555728793144226,22.750000000000057,21.537238420758968,12.933020891462093,3.051975795200893,0.04157525081563662,0.005092167995634611,2.5502002239227295,259.5296630859375,385,72.11102550927978
2018-08-23,2018,235,0,0.6634274125099182,0.15668469667434692,28.860000000000014,22.943878609793558,12.749795532226585,2.865110124860491,0.0384138204567499,0.0019339711887269573,3.7461154460906982,30.080652236938477,447,30
2018-08-21,2018,233,0,0.447490394115448,-0.041832368820905685,30.150000000000034,22.767589460100453,12.454675292968773,2.656160627092634,0.06491197426248263,0.0019324810726075725,20.714384078979492,140.40145874023438,554,50
2018-08-23,2018,235,0,0.685849666595459,0.21277692914009094,25.400000000000034,25.197329275948675,11.03527439662389,3.047304425920759,0.023417485546357142,0.00014411821192794605,2.086177349090576,243.61553955078125,897,22.360679774997898
2018-08-21,2018,233,0,0.7586544156074524,0.21832582354545593,25.99000000000001,22.432994733537953,12.720391845703148,2.818963187081473,0.04621533830095004,0.0018269063455491619,15.77893352508545,315.7321472167969,763,80.62257748298549
2018-08-24,2018,236,0,0.720930814743042,0.23664642870426178,26.28000000000003,22.983976527622815,12.958984810965433,2.945746285574777,0.03947587091851901,0.0018602253419786052,35.929439544677734,40.579505920410156,315,58.309518948453004
2018-08-23,2018,235,0,0.634848415851593,0.12046750634908676,29.690000000000055,25.213052368164085,12.14278128487723,2.9411817278180803,0.022350622009522425,0.00045048608607345386,2.317462682723999,180,662,72.11102550927978
2018-08-24,2018,236,0,0.7550294995307922,0.22066012024879456,25.980000000000018,21.702312360491078,11.988865879603793,2.743715558733259,0.04454260845113467,0.0022017450553803997,19.425704956054688,126.63570404052734,723,162.78820596099706
2018-08-21,2018,233,0,0.881368100643158,0.4112112820148468,24.870000000000005,21.036878749302502,12.29548034667971,3.1692025320870534,0.04732818682122897,0.004390844844046171,4.993549346923828,202.12924194335938,600,94.86832980505139
2018-08-23,2018,235,0,0.667969286441803,0.18898653984069824,28.220000000000027,22.67747541155137,10.011673409598245,2.7976815359933034,0.05245250244069766,0.0005988122445970134,9.82029914855957,169.09925842285156,1398,308.7069808086626
2018-08-23,2018,235,0,0.6371999979019165,0.1855166256427765,27.82000000000005,25.562103707449808,11.251678902762308,3.1085074288504466,0.018048507761246668,0.0002336890918641643,2.630413770675659,134.8061065673828,983,164.92422502470643
2018-08-23,2018,235,0,0.6964290142059326,0.2053205519914627,25.980000000000018,21.157216099330356,12.573255702427502,3.054327828543527,0.04342849333215426,0.005103895209494169,17.25867462158203,351.89056396484375,887,166.43316977093238
2018-08-23,2018,235,0,0.4631783068180084,0.03348761051893234,23.250000000000057,22.787905447823675,12.296984427315863,2.733823503766741,0.036797789525277125,0.0015425176841645794,6.256573677062988,116.29281616210938,878,396.232255123179
2018-08-24,2018,236,0,0.5474027991294861,0.02926524542272091,22.260000000000048,21.92803780691969,12.238613019670765,2.755852835518973,0.043923301290757166,0.0022493989688783245,24.081558227539062,134.93304443359375,717,174.6424919657298
2018-08-24,2018,236,0,0.8719717264175415,0.38205158710479736,26.450000000000045,21.91033761160719,12.058180018833752,3.0064697265625,0.04101934809613894,0.0018406154138475017,13.700884819030762,354.8778991699219,617,164.92422502470643
2018-08-22,2018,234,0,0.6013228893280029,0.06826826930046082,24.630000000000052,21.778763253348245,12.746118164062523,2.967104230608259,0.042482850741631495,0.004027614138784941,7.60544490814209,100.47757720947266,934,240
2018-08-24,2018,236,0,0.7466801404953003,0.23557032644748688,25.610000000000014,21.537905447823675,10.726837594168558,2.677243913922991,0.0434875019304819,0.0012466849309831218,25.724815368652344,245.1666259765625,1094,347.1310991541957
2018-08-23,2018,235,0,0.7267128825187683,0.19387754797935486,25.630000000000052,22.983976527622815,12.958984810965433,2.945746285574777,0.03947587091851901,0.0018602253419786052,9.652273178100586,211.0611572265625,595,148.66068747318505
2018-08-23,2018,235,0,0.6977307200431824,0.15843825042247772,29.120000000000005,24.053774588448675,12.079736328125023,2.7740565708705356,0.0249160953276224,0.0008275599700837688,3.621649980545044,59.23552703857422,655,70.71067811865476
2018-08-23,2018,235,0,0.5669919848442078,0.06161707267165184,31.910000000000025,22.38238351004469,13.542243303571468,2.8227342878069197,0.04009946961332034,0.0042079926950364666,12.99649715423584,238.2628173828125,23,63.24555320336759
2018-08-23,2018,235,0,0.7878711223602295,0.3334594964981079,22.220000000000027,21.92803780691969,12.238613019670765,2.755852835518973,0.043923301290757166,0.0022493989688783245,10.027105331420898,330.4290466308594,809,50.99019513592785
2018-08-24,2018,236,0,0.6530249714851379,0.18157660961151123,26.52000000000004,23.09185616629469,12.988560703822543,3.023502894810268,0.03733414192128848,0.0019021423084168987,4.191959857940674,296.2136535644531,340,86.02325267042627
2018-08-22,2018,234,0,0.763745903968811,0.2536742687225342,24.80000000000001,22.34761526925223,12.553641619001155,2.7693677629743303,0.050061894249207484,0.0018176229221253948,6.80299186706543,227.27561950683594,764,110.45361017187261
2018-08-21,2018,233,0,0.7252934575080872,0.2050543874502182,24.870000000000005,22.25201023646764,11.43643450055805,2.9810093470982144,0.03399836797643374,0.0012259127122788982,5.757213115692139,76.06404113769531,1131,101.9803902718557
2018-08-22,2018,234,0,0.7449699640274048,0.27738264203071594,29.640000000000043,22.106415230887308,12.923185511997815,2.7084764753069197,0.04402966577935885,0.003409201048079069,6.690291881561279,139.376953125,115,36.05551275463989
2018-08-21,2018,233,0,0.6314404010772705,0.14263363182544708,30.940000000000055,25.197329275948675,11.03527439662389,3.047304425920759,0.023417485546357142,0.00014411821192794605,15.922821998596191,61.163917541503906,660,212.13203435596427
2018-08-24,2018,236,0,0.5558052659034729,-0.02768334187567234,23.400000000000034,21.189691162109398,11.252003696986606,2.719842093331473,0.050543604087121,0.0015515626890092449,1.9375996589660645,103.84221649169922,1056,170
2018-08-23,2018,235,0,0.8258789777755737,0.3047342300415039,25.210000000000036,21.189691162109398,11.252003696986606,2.719842093331473,0.050543604087121,0.0015515626890092449,3.1333940029144287,270,834,170
2018-08-23,2018,235,0,0.8350536823272705,0.32395634055137634,23.74000000000001,22.53880353655137,12.562794712611606,2.70794677734375,0.05719277043271731,0.0018702538234620647,4.961362361907959,310.74273681640625,1033,158.11388300841895
2018-08-24,2018,236,0,0.4951324164867401,0.10352641344070435,30.150000000000034,26.158803013392856,11.208195713588168,3.2024056570870534,0.01673111100125979,0.00014814152545028492,2.848670482635498,240.79220581054688,679,22.360679774997898
2018-08-23,2018,235,0,0.5705055594444275,0.08509579300880432,28.55000000000001,23.182401820591565,11.97497166224889,2.733088902064732,0.030374584388024317,0.0011397840005784587,3.880682945251465,53.37386703491211,792,14.142135623730951
2018-08-21,2018,233,0,0.6417677998542786,0.137936532497406,25.560000000000002,22.826749965122815,12.664320155552502,2.8784702845982144,0.03919258494306277,0.0019088925344377117,7.48284387588501,56.31713104248047,415,100
2018-08-21,2018,233,0,0.5967106223106384,0.04490729421377182,27.610000000000014,21.702312360491078,11.988865879603793,2.743715558733259,0.04454260845113467,0.0022017450553803997,5.2510294914245605,151.7241973876953,893,64.03124237432849
2018-08-23,2018,235,0,0.8691543340682983,0.36320000886917114,26.760000000000048,23.478123692103793,10.88549630301344,2.7856924874441966,0.04888976890969943,0.0006384791356950359,11.262961387634277,80.64385986328125,928,155.56349186104046
2018-08-23,2018,235,0,0.8047652244567871,0.2970661222934723,27.010000000000048,23.07423880440848,13.192607770647328,3.0242200578962053,0.04004211504388522,0.0021777243835359172,1.9391658306121826,256.169189453125,413,31.622776601683796
2018-08-24,2018,236,0,0.6858742237091064,0.205582395195961,25.77000000000004,21.962939017159613,12.03394470214846,2.8746337890625,0.04336109538007449,0.0017477513772874431,9.635153770446777,210.8884735107422,861,86.02325267042627
2018-08-23,2018,235,0,0.6805595755577087,0.10858931392431259,29.02000000000004,21.602859933035745,11.742889840262308,3.1630096435546875,0.03862875480580996,0.0019291432125001506,11.072702407836914,87.6296157836914,900,164.01219466856728
2018-08-22,2018,234,0,0.8139508962631226,0.3243091106414795,25.99000000000001,22.08205348423553,13.141471208844905,2.734983171735491,0.039530081342942225,0.003808879993620451,27.754026412963867,358.8145446777344,400,100
2018-08-24,2018,236,0,0.7716084718704224,0.36150041222572327,24.380000000000052,22.943878609793558,12.749795532226585,2.865110124860491,0.0384138204567499,0.0019339711887269573,2.5486137866973877,79.52305603027344,568,85.44003745317531
2018-08-23,2018,235,0,0.6029288172721863,0.07301951199769974,27.220000000000027,22.029114205496683,12.737359619140648,2.731321062360491,0.043512312363869654,0.0033104659540086345,21.720979690551758,299.18408203125,670,125.29964086141668
2018-08-23,2018,235,0,0.495959609746933,-0.007826610468327999,34.47000000000003,21.91033761160719,12.058180018833752,3.0064697265625,0.04101934809613894,0.0018406154138475017,6.581899642944336,10.867786407470703,880,186.01075237738274
2018-08-23,2018,235,0,0.5903614163398743,-0.005347593687474728,27.160000000000025,22.429140799386175,11.20386657714846,2.6596265520368303,0.05874848146367739,0.0011836530191331462,9.477614402770996,78.81754302978516,1231,242.0743687382041
2018-08-23,2018,235,0,0.5522288680076599,0.04308924078941345,30.870000000000005,22.145815604073675,13.749514334542425,3.107637677873884,0.03768425960469912,0.005692878506842192,6.695284366607666,319.32672119140625,118,22.360679774997898
2018-08-23,2018,235,0,0.6441928744316101,0.1463484913110733,26.160000000000025,22.826749965122815,12.664320155552502,2.8784702845982144,0.03919258494306277,0.0019088925344377117,7.067931175231934,148.06329345703125,431,36.05551275463989
2018-08-21,2018,233,0,0.7246626615524292,0.24117018282413483,29.200000000000045,22.67939147949221,13.40094909667971,2.902040754045759,0.03950877268243502,0.003923320911589201,13.044196128845215,117.01099395751953,110,30
2018-08-21,2018,233,0,0.7722298502922058,0.3110119104385376,24.120000000000005,21.778763253348245,12.746118164062523,2.967104230608259,0.042482850741631495,0.004027614138784941,8.25146770477295,236.0737762451172,511,202.23748416156684
2018-08-23,2018,235,0,0.4615998864173889,-0.04399461671710014,24.760000000000048,21.778763253348245,12.746118164062523,2.967104230608259,0.042482850741631495,0.004027614138784941,8.32591724395752,131.58091735839844,939,191.049731745428
2018-08-23,2018,235,0,0.6676902174949646,0.1487693339586258,25.010000000000048,21.702312360491078,11.988865879603793,2.743715558733259,0.04454260845113467,0.0022017450553803997,6.971458911895752,78.54630279541016,1282,349.2849839314596
2018-08-23,2018,235,0,0.7456003427505493,0.22581881284713745,22.05000000000001,22.55303780691969,13.047413853236606,3.1020289829799106,0.04503144104409884,0.002801978729429777,7.482582092285156,189.6045684814453,357,30
2018-08-23,2018,235,0,0.5917301774024963,0.1620832085609436,22.77000000000004,21.81999250139512,10.82774396623887,2.6678575788225447,0.05072004873681735,0.0011917145473390178,10.416088104248047,287.95159912109375,1655,342.0526275297414
2018-08-23,2018,235,0,0.6878231167793274,0.23678478598594666,26.410000000000025,22.767589460100453,12.454675292968773,2.656160627092634,0.06491197426248263,0.0019324810726075725,31.07850456237793,268.46099853515625,496,221.35943621178654
2018-08-22,2018,234,0,0.6590629816055298,0.14422258734703064,27.27000000000004,21.9244105747768,12.746595546177502,3.1103406633649553,0.046143484901673304,0.003344172380629118,23.979595184326172,123.0860595703125,350,259.6150997149434
2018-08-22,2018,234,0,0.762693464756012,0.264140784740448,24.310000000000002,21.036878749302502,12.29548034667971,3.1692025320870534,0.04732818682122897,0.004390844844046171,6.896747589111328,273.8368835449219,588,92.19544457292886
2018-08-23,2018,235,0,0.5844770669937134,0.14769648015499115,30.090000000000032,23.986210850306918,9.5954310825893,2.988274710518973,0.03452199478078555,0.00013526692217880054,3.4031362533569336,132.88653564453125,980,20
2018-08-22,2018,234,0,0.7748869061470032,0.27250608801841736,28.950000000000045,23.502001517159613,13.338187517438655,2.889498029436384,0.04047332484651278,0.002257743619146879,17.429990768432617,60.67084884643555,246,41.23105625617661
2018-08-21,2018,233,0,0.690320611000061,0.21895989775657654,35.07000000000005,23.478123692103793,10.88549630301344,2.7856924874441966,0.04888976890969943,0.0006384791356950359,14.688240051269531,293.66650390625,731,60.82762530298219
2018-08-21,2018,233,0,0.5647889375686646,0.03653039410710335,32.910000000000025,24.800147356305843,12.159153965541293,2.7982613699776784,0.023691622208840357,0.0006381215078263835,8.861553192138672,38.856895446777344,459,145.60219778561037
2018-08-23,2018,235,0,0.7874038219451904,0.27280494570732117,31.100000000000023,22.08205348423553,13.141471208844905,2.734983171735491,0.039530081342942225,0.003808879993620451,19.461824417114258,336.3762512207031,162,167.63054614240212
2018-08-23,2018,235,0,0.48120972514152527,0.11514050513505936,26.880000000000052,22.096499197823675,11.323122732979925,2.694370814732143,0.03865059990812014,0.0013771893007188396,19.82514762878418,271.28643798828125,981,160
2018-08-22,2018,234,0,0.7175008654594421,0.10757555812597275,23.29000000000002,22.340918840680843,12.41835501534598,2.799161638532366,0.04186464626718234,0.001797938488188322,9.284223556518555,137.9600830078125,897,139.2838827718412
2018-08-24,2018,236,0,0.640319287776947,0.1653800755739212,28.910000000000025,24.984536743164085,10.734205409458752,3.173028128487723,0.027351779531723963,0.00012012734240585132,12.386354446411133,174.3162384033203,1041,243.51591323771842
2018-08-23,2018,235,0,0.5602094531059265,0.10363098233938217,28.610000000000014,24.984536743164085,10.734205409458752,3.173028128487723,0.027351779531723963,0.00012012734240585132,13.475586891174316,93.87348937988281,817,0
2018-08-21,2018,233,0,0.6740474700927734,0.14879262447357178,28.730000000000018,22.767589460100453,12.454675292968773,2.656160627092634,0.06491197426248263,0.0019324810726075725,5.79939603805542,76.16813659667969,291,28.284271247461902
2018-08-22,2018,234,0,0.7716742157936096,0.30183300375938416,29.630000000000052,22.593116106305843,11.87844020298553,2.8376639229910716,0.03582171876359652,0.001253226540747221,2.399878740310669,344.9324645996094,648,20
2018-08-23,2018,235,0,0.5573536157608032,0.07401936501264572,30.950000000000045,23.35656345912389,12.97552097865514,2.9142870221819197,0.036325154494530665,0.002051571152868803,6.861453533172607,270,330,20
2018-08-23,2018,235,0,0.6662552356719971,0.1730937510728836,30.090000000000032,22.38238351004469,13.542243303571468,2.8227342878069197,0.04009946961332034,0.0042079926950364666,5.904896259307861,251.75807189941406,176,22.360679774997898
2018-08-23,2018,235,0,0.8083078265190125,0.33202284574508667,22.150000000000034,21.337540108816995,12.38993879045762,3.2905796595982144,0.049176228832489954,0.0037232579214006023,13.836016654968262,281.3720703125,509,139.2838827718412
2018-08-24,2018,236,0,0.5437785387039185,-0.02773989550769329,27.610000000000014,21.830793544224377,12.319181605747815,2.879736764090402,0.042702478956467615,0.002321356676283415,15.897078514099121,53.35855484008789,592,220.90722034374522
2018-08-23,2018,235,0,0.562917172908783,0.09133658558130264,31.100000000000023,22.08205348423553,13.141471208844905,2.734983171735491,0.039530081342942225,0.003808879993620451,21.917089462280273,54.3108024597168,168,111.80339887498948
2018-08-21,2018,233,0,0.5363048315048218,0.044845737516880035,28.24000000000001,23.438357107979925,13.21064147949221,2.8961268833705356,0.038422582339531886,0.002155447147551115,2.317462682723999,0,395,14.142135623730951
2018-08-21,2018,233,0,0.6666666865348816,0.25903430581092834,27.32000000000005,24.442943464006703,11.06545192173553,2.8211277553013394,0.028344226669556605,0.0003638507348924236,14.114788055419922,195.0635223388672,857,130.384048104053
2018-08-22,2018,234,0,0.8150827884674072,0.32151171565055847,25.460000000000036,22.826749965122815,12.664320155552502,2.8784702845982144,0.03919258494306277,0.0019088925344377117,4.944304466247559,62.10811233520508,576,63.24555320336759
2018-08-22,2018,234,0,0.7567801475524902,0.26247870922088623,26.82000000000005,21.52496163504469,13.379163905552502,3.1995740618024553,0.03989751417566012,0.006283068798246916,9.934008598327637,272.6488037109375,166,41.23105625617661
2018-08-23,2018,235,0,0.6989195942878723,0.3310180902481079,24.960000000000036,21.778763253348245,12.746118164062523,2.967104230608259,0.042482850741631495,0.004027614138784941,9.378777503967285,348.54376220703125,609,50.99019513592785
2018-08-22,2018,234,0,0.5864219069480896,0.05280129238963127,29.370000000000005,25.197329275948675,11.03527439662389,3.047304425920759,0.023417485546357142,0.00014411821192794605,16.76458168029785,186.21347045898438,584,130.384048104053
2018-08-22,2018,234,0,0.6231532692909241,0.08976855129003525,25.220000000000027,22.432994733537953,12.720391845703148,2.818963187081473,0.04621533830095004,0.0018269063455491619,13.223395347595215,177.3250274658203,696,192.35384061671343
2018-08-24,2018,236,0,0.6818536520004272,0.133004292845726,23.49000000000001,22.34761526925223,12.553641619001155,2.7693677629743303,0.050061894249207484,0.0018176229221253948,8.039183616638184,309.0776062011719,983,224.7220505424423
2018-08-23,2018,235,0,0.5695875883102417,0.09799285233020782,25.440000000000055,23.438357107979925,13.21064147949221,2.8961268833705356,0.038422582339531886,0.002155447147551115,4.474612712860107,281.938232421875,395,10
2018-08-21,2018,233,0,0.6857566833496094,0.19578957557678223,27.500000000000057,22.38060041155137,12.22017386300223,2.8772147042410716,0.04008465785909365,0.001652100823584135,5.629358768463135,85.28987884521484,544,22.360679774997898
2018-08-23,2018,235,0,0.645025908946991,0.17802897095680237,31.510000000000048,22.67939147949221,13.40094909667971,2.902040754045759,0.03950877268243502,0.003923320911589201,10.327824592590332,319.0303955078125,81,14.142135623730951
2018-08-24,2018,236,0,0.5469067096710205,-0.08948926627635956,31.79000000000002,24.053774588448675,12.079736328125023,2.7740565708705356,0.0249160953276224,0.0008275599700837688,3.3018012046813965,169.13600158691406,646,140.356688476182
2018-08-24,2018,236,0,0.672455370426178,0.16921967267990112,29.810000000000002,22.145815604073675,13.749514334542425,3.107637677873884,0.03768425960469912,0.005692878506842192,6.072684288024902,112.35835266113281,72,36.05551275463989
2018-08-22,2018,234,0,0.8011364340782166,0.30534201860427856,25.670000000000016,23.07423880440848,13.192607770647328,3.0242200578962053,0.04004211504388522,0.0021777243835359172,5.801800727844238,76.17401885986328,413,64.03124237432849
2018-08-23,2018,235,0,0.5126497745513916,0.08621616661548615,26.370000000000005,22.163236781529065,12.780284772600453,2.886533464704241,0.04315116782117556,0.0029554308874040203,13.336024284362793,285.85174560546875,1031,506.9516742254631
2018-08-21,2018,233,0,0.7090679407119751,0.18143326044082642,27.230000000000018,22.494165039062523,12.91462097167971,2.8129773821149553,0.043859121989495264,0.0028128714782624797,1.2524305582046509,270,659,114.0175425099138
2018-08-24,2018,236,0,0.5985839366912842,0.07771530747413635,28.07000000000005,21.602859933035745,11.742889840262308,3.1630096435546875,0.03862875480580996,0.0019291432125001506,3.7564311027526855,9.524678230285645,1212,494.7726750741192
2018-08-23,2018,235,0,0.6605465412139893,0.15247471630573273,27.250000000000057,22.45497610909598,13.11348658970428,2.8543287004743303,0.042534393858201014,0.0034447850210099773,11.634344100952148,251.6702423095703,267,50
2018-08-23,2018,235,0,0.7902584671974182,0.2573367953300476,22.610000000000014,21.81999250139512,10.82774396623887,2.6678575788225447,0.05072004873681735,0.0011917145473390178,24.51799774169922,110.78809356689453,1145,425.79337712087533
2018-08-23,2018,235,0,0.7227942943572998,0.21658986806869507,24.920000000000016,21.962939017159613,12.03394470214846,2.8746337890625,0.04336109538007449,0.0017477513772874431,7.061153888702393,211.84747314453125,727,130.384048104053
2018-08-21,2018,233,0,0.8445311188697815,0.3393607437610626,26.53000000000003,22.933084106445335,13.243016270228793,3.059757777622768,0.04271557707715701,0.0024430395585923748,2.9847166538238525,219.0893096923828,358,60
2018-08-22,2018,234,0,0.8304014205932617,0.32462868094444275,20.730000000000018,21.778763253348245,12.746118164062523,2.967104230608259,0.042482850741631495,0.004027614138784941,9.519160270690918,15.124808311462402,630,127.27922061357856
2018-08-23,2018,235,0,0.6497493982315063,0.11713714152574539,27.33000000000004,22.429140799386175,11.20386657714846,2.6596265520368303,0.05874848146367739,0.0011836530191331462,14.003604888916016,151.1945343017578,917,94.33981132056603
2018-08-21,2018,233,0,0.7681260108947754,0.23025070130825043,33.31,21.91033761160719,12.058180018833752,3.0064697265625,0.04101934809613894,0.0018406154138475017,2.3295278549194336,233.3525848388672,811,60
2018-08-24,2018,236,0,0.6825518608093262,0.1885862499475479,27.29000000000002,22.99986310686387,11.14246520996096,2.6950814383370534,0.03460630555082034,0.0009166540128617839,19.539392471313477,79.48735046386719,572,250
2018-08-21,2018,233,0,0.738308310508728,0.20098523795604706,25.950000000000045,22.787905447823675,12.296984427315863,2.733823503766741,0.036797789525277125,0.0015425176841645794,8.935921669006348,167.96786499023438,593,182.4828759089466
2018-08-21,2018,233,0,0.7334148287773132,0.2589093744754791,26.060000000000002,24.442943464006703,11.06545192173553,2.8211277553013394,0.028344226669556605,0.0003638507348924236,5.696978569030762,119.13056182861328,892,70
2018-08-21,2018,233,0,0.6228825449943542,0.0640251636505127,28.670000000000016,21.867902919224377,12.486821201869418,2.757108415876116,0.044476402591950404,0.0028083862287431316,29.749698638916016,323.823974609375,799,339.55853692699293
2018-08-23,2018,235,0,0.8308262228965759,0.3534453213214874,27.29000000000002,22.732433210100453,11.941197422572543,2.5380445207868303,0.08028509993482302,0.0017373205644517498,17.913984298706055,298.40667724609375,717,216.33307652783938
2018-08-23,2018,235,0,0.7635146975517273,0.2728916108608246,24.810000000000002,22.432994733537953,12.720391845703148,2.818963187081473,0.04621533830095004,0.0018269063455491619,3.3028149604797363,169.04454040527344,484,130.384048104053
2018-08-24,2018,236,0,0.672243058681488,0.1713665872812271,30.79000000000002,22.38238351004469,13.542243303571468,2.8227342878069197,0.04009946961332034,0.0042079926950364666,13.506993293762207,239.6400909423828,129,36.05551275463989
2018-08-23,2018,235,0,0.5823293328285217,0.030900709331035614,29.210000000000036,22.610781424386175,12.48941301618305,2.734433855329241,0.058507559489495264,0.0021705569250016765,23.776336669921875,124.71725463867188,573,283.0194339616981
2018-08-23,2018,235,0,0.5448916554450989,-0.02662772685289383,29.82000000000005,22.38238351004469,13.542243303571468,2.8227342878069197,0.04009946961332034,0.0042079926950364666,11.152085304260254,274.7101135253906,308,82.46211251235322
2018-08-21,2018,233,0,0.7879787087440491,0.27196192741394043,23.370000000000005,22.732433210100453,11.941197422572543,2.5380445207868303,0.08028509993482302,0.0017373205644517498,3.1640613079071045,98.41937255859375,901,220.2271554554524
2018-08-24,2018,236,0,0.8641509413719177,0.3452402949333191,24.590000000000032,22.10802830287389,12.20899353027346,2.8435232979910716,0.04252291996408175,0.001900845907393034,6.498801231384277,22.529804229736328,775,72.11102550927978
2018-08-23,2018,235,0,0.6237765550613403,0.17606768012046814,23.930000000000007,23.10158255440848,13.21300877162389,2.8189828055245534,0.0494611837379999,0.0021116526348023967,4.570480823516846,24.321271896362305,512,50.99019513592785
2018-08-21,2018,233,0,0.7458726167678833,0.23233532905578613,25.720000000000027,22.933084106445335,13.243016270228793,3.059757777622768,0.04271557707715701,0.0024430395585923748,5.631527423858643,270,333,36.05551275463989
2018-08-22,2018,234,0,0.8136636018753052,0.3132067322731018,28.970000000000027,22.767589460100453,12.454675292968773,2.656160627092634,0.06491197426248263,0.0019324810726075725,26.30694007873535,86.24518585205078,655,120.41594578792296
2018-08-22,2018,234,0,0.7629194259643555,0.2660219669342041,25.620000000000005,21.287133789062523,12.440233939034613,3.064490182059152,0.04475940544534396,0.004216128729048307,5.730553150177002,130.18370056152344,710,70.71067811865476
2018-08-21,2018,233,0,0.3877341151237488,0.16971135139465332,24.910000000000025,21.92803780691969,12.238613019670765,2.755852835518973,0.043923301290757166,0.0022493989688783245,8.41873836517334,201.6127471923828,1079,304.138126514911
2018-08-23,2018,235,0,0.7147581577301025,0.19570405781269073,24.78000000000003,22.826749965122815,12.664320155552502,2.8784702845982144,0.03919258494306277,0.0019088925344377117,6.49954080581665,202.54563903808594,467,60.82762530298219
2018-08-23,2018,235,0,0.5642662048339844,0.039213381707668304,22.610000000000014,22.029114205496683,12.737359619140648,2.731321062360491,0.043512312363869654,0.0033104659540086345,14.49222469329834,75.4920654296875,1049,196.97715603592206
2018-08-23,2018,235,0,0.7176724076271057,0.2380952388048172,25.090000000000032,22.938636125837093,12.980412510463168,2.769651140485491,0.05405442197251986,0.0021427066547303752,28.877973556518555,309.1269836425781,418,72.11102550927978
2018-08-23,2018,235,0,0.7867449522018433,0.3088802993297577,22.55000000000001,21.620206996372815,11.486991228376155,2.65960693359375,0.05986194093156527,0.001594597242537077,11.061478614807129,308.3916015625,1072,152.97058540778355
2018-08-23,2018,235,0,0.5192797780036926,0.04269449785351753,29.470000000000027,24.07393580845428,12.162711443219905,2.6425694056919644,0.02492101271081637,0.0010257603151231365,4.148618221282959,333.2147216796875,650,31.622776601683796
2018-08-23,2018,235,0,0.49513089656829834,-0.018166564404964447,28.120000000000005,25.082689993722113,11.289470563616078,2.9539031982421875,0.0232613660805292,0.00029855384654098316,9.7362699508667,153.6702117919922,920,178.04493814764857
2018-08-23,2018,235,0,0.42522844672203064,-0.031231597065925598,30.690000000000055,21.867902919224377,12.486821201869418,2.757108415876116,0.044476402591950404,0.0028083862287431316,15.89369010925293,96.52880859375,885,368.78177829171545
2018-08-23,2018,235,0,0.7512437701225281,0.27334755659103394,24.99000000000001,22.650415039062523,12.81486554827012,2.822882516043527,0.04293159921098422,0.002321341775122221,10.170626640319824,186.9907989501953,797,158.11388300841895
2018-08-24,2018,236,0,0.52259761095047,0.06229909509420395,29.410000000000025,22.135938807896252,11.235515485491078,3.1251220703125,0.032313717197663294,0.001187482617559965,3.977710008621216,290.4381408691406,917,131.52946437965906
2018-08-21,2018,233,0,0.6698455810546875,0.13961735367774963,25.33000000000004,22.67747541155137,10.011673409598245,2.7976815359933034,0.05245250244069766,0.0005988122445970134,12.774272918701172,240.01364135742188,1230,230
2018-08-23,2018,235,0,0.6945812702178955,0.3309042751789093,25.07000000000005,22.38060041155137,12.22017386300223,2.8772147042410716,0.04008465785909365,0.001652100823584135,1.5559773445129395,306.5793762207031,790,40
2018-08-22,2018,234,0,0.7296416759490967,0.25311368703842163,24.33000000000004,23.10158255440848,13.21300877162389,2.8189828055245534,0.0494611837379999,0.0021116526348023967,9.527024269104004,281.12261962890625,553,230.8679276123039
2018-08-23,2018,235,0,0.680147647857666,0.12739907205104828,22.590000000000032,21.620206996372815,11.486991228376155,2.65960693359375,0.05986194093156527,0.001594597242537077,17.453624725341797,310.0592041015625,1461,329.84845004941286
2018-08-21,2018,233,0,0.5675884485244751,0.04893992468714714,31.910000000000025,22.38238351004469,13.542243303571468,2.8227342878069197,0.04009946961332034,0.0042079926950364666,6.688938617706299,220.60940551757812,50,31.622776601683796
2018-08-23,2018,235,0,0.7334636449813843,0.26365795731544495,24.690000000000055,22.72658255440848,12.891907174246683,2.8717171805245534,0.042742488574273096,0.0018484683257966594,4.4158549308776855,301.6044006347656,597,117.04699910719626
2018-08-23,2018,235,0,0.6878671646118164,0.15022987127304077,30.810000000000002,22.188041033063655,13.110964529854925,2.811434064592634,0.039575976919419276,0.0038625390750794963,7.214175701141357,300.7664489746094,80,36.05551275463989
2018-08-23,2018,235,0,0.6431435346603394,0.13009540736675262,24.79000000000002,21.92803780691969,12.238613019670765,2.755852835518973,0.043923301290757166,0.0022493989688783245,18.72673988342285,105.22630310058594,1140,190
2018-08-24,2018,236,0,0.662600576877594,0.17433790862560272,27.99000000000001,22.29213431222098,13.518836321149593,2.9059971400669644,0.033512038778550135,0.0044756175500779705,1.5244863033294678,24.163904190063477,67,78.10249675906654
2018-08-21,2018,233,0,0.6927194595336914,0.2552674114704132,30.390000000000043,22.145815604073675,13.749514334542425,3.107637677873884,0.03768425960469912,0.005692878506842192,1.390963077545166,0,85,0
2018-08-23,2018,235,0,0.866195559501648,0.35896649956703186,26.840000000000032,22.55303780691969,13.047413853236606,3.1020289829799106,0.04503144104409884,0.002801978729429777,3.7573492527008057,9.60799503326416,330,86.02325267042627
2018-08-23,2018,235,0,0.5658999681472778,0.09853646159172058,27.29000000000002,23.478123692103793,10.88549630301344,2.7856924874441966,0.04888976890969943,0.0006384791356950359,15.642556190490723,213.04129028320312,1320,292.0616373302047
2018-08-21,2018,233,0,0.5755813717842102,0.06408753246068954,29.940000000000055,22.145815604073675,13.749514334542425,3.107637677873884,0.03768425960469912,0.005692878506842192,19.03487777709961,39.2694091796875,110,70.71067811865476
2018-08-24,2018,236,0,0.6861271858215332,0.15118616819381714,31.410000000000025,22.38238351004469,13.542243303571468,2.8227342878069197,0.04009946961332034,0.0042079926950364666,8.764305114746094,175.942138671875,216,98.48857801796103
2018-08-23,2018,235,0,0.7367135882377625,0.24822668731212616,24.090000000000032,22.216162981305843,11.909613909040218,2.9029541015625,0.040379611443764674,0.001437598608198698,11.729240417480469,94.47174072265625,622,145.60219778561037
2018-08-23,2018,235,0,0.7229714393615723,0.214902862906456,25.010000000000048,21.92803780691969,12.238613019670765,2.755852835518973,0.043923301290757166,0.0022493989688783245,17.693758010864258,297.1730041503906,386,64.03124237432849
2018-08-23,2018,235,0,0.6184718608856201,0.11781582236289978,31.79000000000002,25.183973475865002,11.684500994001155,2.8671787806919644,0.023459894251114832,0.0004603208524613933,6.351533889770508,150.75819396972656,688,220.2271554554524
2018-08-23,2018,235,0,0.42442476749420166,-0.11938561499118805,25.79000000000002,22.429140799386175,11.20386657714846,2.6596265520368303,0.05874848146367739,0.0011836530191331462,17.58501625061035,26.639978408813477,1162,104.40306508910551
2018-08-24,2018,236,0,0.6837480068206787,0.16495564579963684,29.27000000000004,22.767589460100453,12.454675292968773,2.656160627092634,0.06491197426248263,0.0019324810726075725,11.731600761413574,108.16804504394531,766,42.426406871192846
2018-08-23,2018,235,0,0.6826842427253723,0.16320118308067322,29.640000000000043,22.429140799386175,11.20386657714846,2.6596265520368303,0.05874848146367739,0.0011836530191331462,16.326200485229492,214.0078887939453,1066,89.44271909999159
2018-08-22,2018,234,0,0.7568879127502441,0.22626830637454987,29.110000000000014,22.08205348423553,13.141471208844905,2.734983171735491,0.039530081342942225,0.003808879993620451,13.712387084960938,237.9445037841797,567,113.13708498984761
2018-08-21,2018,233,0,0.4820849895477295,-0.10555785149335861,29.03000000000003,24.053774588448675,12.079736328125023,2.7740565708705356,0.0249160953276224,0.0008275599700837688,6.920915603637695,158.99070739746094,751,160.31219541881399
2018-08-23,2018,235,0,0.7784395217895508,0.3462482988834381,22.690000000000055,21.522600882393988,12.95263279506139,3.034517560686384,0.04277312536168765,0.0057067812902360515,4.190576076507568,131.51368713378906,529,170.29386365926402
2018-08-21,2018,233,0,0.34234845638275146,-0.09144947677850723,29.02000000000004,21.867902919224377,12.486821201869418,2.757108415876116,0.044476402591950404,0.0028083862287431316,13.50970458984375,143.95155334472656,854,381.1823710509184
2018-08-22,2018,234,0,0.8176184296607971,0.29546454548835754,23.380000000000052,22.432994733537953,12.720391845703148,2.818963187081473,0.04621533830095004,0.0018269063455491619,26.41618537902832,6.3309526443481445,576,120.41594578792296
2018-08-23,2018,235,0,0.7879320383071899,0.2507912814617157,27.670000000000016,23.07423880440848,13.192607770647328,3.0242200578962053,0.04004211504388522,0.0021777243835359172,9.494879722595215,156.85028076171875,405,42.426406871192846
2018-08-23,2018,235,0,0.7966871857643127,0.295969158411026,24.870000000000005,22.216162981305843,11.909613909040218,2.9029541015625,0.040379611443764674,0.001437598608198698,2.2350003719329834,326.0523681640625,611,147.648230602334
2018-08-23,2018,235,0,0.8007419109344482,0.35235968232154846,25.53000000000003,22.195999581473245,13.440617588588168,2.9410487583705356,0.04070889730382632,0.0046736688835054,2.40030574798584,195.1053924560547,416,128.06248474865697
2018-08-23,2018,235,0,0.6478269100189209,0.12822747230529785,27.230000000000018,22.029114205496683,12.737359619140648,2.731321062360491,0.043512312363869654,0.0033104659540086345,13.060025215148926,290.4210510253906,637,100
2018-08-22,2018,234,0,0.683722972869873,0.21087194979190826,25.55000000000001,21.189691162109398,11.252003696986606,2.719842093331473,0.050543604087121,0.0015515626890092449,4.9913859367370605,157.93222045898438,1102,210.95023109728987
2018-08-23,2018,235,0,0.8107151985168457,0.26470062136650085,24.110000000000014,22.133660888671898,10.551664515904065,2.616609845842634,0.07222932357717227,0.0011504830343156414,15.019306182861328,77.80948638916016,1173,327.56678708318395
2018-08-23,2018,235,0,0.8166666626930237,0.25978395342826843,25.890000000000043,22.67747541155137,10.011673409598245,2.7976815359933034,0.05245250244069766,0.0005988122445970134,17.646759033203125,106.252685546875,1035,128.06248474865697
2018-08-21,2018,233,0,0.2691139876842499,-0.16481328010559082,33.83000000000004,21.91033761160719,12.058180018833752,3.0064697265625,0.04101934809613894,0.0018406154138475017,4.9718523025512695,90,1104,288.61739379323626
2018-08-24,2018,236,0,0.7339334487915039,0.17322108149528503,27.000000000000057,22.452299281529065,12.042230224609398,2.703951154436384,0.06260105748105715,0.0021814049703507976,23.288570404052734,296.8270568847656,1096,496.78969393496885
2018-08-23,2018,235,0,0.5413594841957092,0.07773005217313766,33.89000000000004,25.183973475865002,11.684500994001155,2.8671787806919644,0.023459894251114832,0.0004603208524613933,3.1132748126983643,270,384,42.426406871192846
2018-08-23,2018,235,0,0.7286926507949829,0.20890873670578003,22.890000000000043,22.767589460100453,12.454675292968773,2.656160627092634,0.06491197426248263,0.0019324810726075725,29.628490447998047,148.63621520996094,544,288.44410203711914
2018-08-23,2018,235,0,0.7560489177703857,0.21724818646907806,25.610000000000014,21.189691162109398,11.252003696986606,2.719842093331473,0.050543604087121,0.0015515626890092449,8.21613883972168,162.354248046875,1102,174.6424919657298
2018-08-23,2018,235,0,0.6963136196136475,0.14607630670070648,22.930000000000007,22.554509190150668,12.646153477260043,3.148223876953125,0.03896966357160281,0.0017555744869142131,0.46373534202575684,0,613,170
2018-08-23,2018,235,0,0.6902814507484436,0.1319131851196289,30.850000000000023,25.213052368164085,12.14278128487723,2.9411817278180803,0.022350622009522425,0.00045048608607345386,4.564376354217529,287.70751953125,707,245.96747752497689
2018-08-23,2018,235,0,0.5858729481697083,0.04472595080733299,28.010000000000048,25.082689993722113,11.289470563616078,2.9539031982421875,0.0232613660805292,0.00029855384654098316,13.906816482543945,328.202880859375,805,63.24555320336759
2018-08-21,2018,233,0,0.7997786402702332,0.2777230739593506,25.29000000000002,22.650415039062523,12.81486554827012,2.822882516043527,0.04293159921098422,0.002321341775122221,5.264310359954834,45.3515739440918,410,44.721359549995796
2018-08-22,2018,234,0,0.7424095273017883,0.22876900434494019,29.83000000000004,22.145815604073675,13.749514334542425,3.107637677873884,0.03768425960469912,0.005692878506842192,1.1189919710159302,214.0286865234375,44,50
2018-08-23,2018,235,0,0.7869330048561096,0.40020111203193665,23.910000000000025,23.165482003348245,13.22139456612723,2.926607404436384,0.04233272154260348,0.002473125003042753,11.542863845825195,58.98902893066406,236,85.44003745317531
2018-08-23,2018,235,0,0.49445441365242004,0.035834744572639465,25.970000000000027,23.182401820591565,11.97497166224889,2.733088902064732,0.030374584388024317,0.0011397840005784587,2.535912036895752,100.53009033203125,847,20
2018-08-22,2018,234,0,0.47504645586013794,-0.0889950543642044,25.920000000000016,21.9244105747768,12.746595546177502,3.1103406633649553,0.046143484901673304,0.003344172380629118,2.2394306659698486,214.11581420898438,518,84.85281374238569
2018-08-23,2018,235,0,0.8847960233688354,0.38755476474761963,24.870000000000005,21.91033761160719,12.058180018833752,3.0064697265625,0.04101934809613894,0.0018406154138475017,5.12544584274292,353.0316162109375,729,53.85164807134504
2018-08-23,2018,235,0,0.6816367506980896,0.1614239513874054,21.810000000000002,22.096499197823675,11.323122732979925,2.694370814732143,0.03865059990812014,0.0013771893007188396,10.288887023925781,105.51683807373047,1233,354.400902933387
2018-08-23,2018,235,0,0.8231425285339355,0.31684762239456177,26.07000000000005,21.962939017159613,12.03394470214846,2.8746337890625,0.04336109538007449,0.0017477513772874431,8.372590065002441,285.96014404296875,576,72.80109889280519
2018-08-23,2018,235,0,0.7215003967285156,0.23366127908229828,23.350000000000023,22.901239013671898,11.442483520507835,2.639467511858259,0.06659695286679934,0.0012196989280610637,13.826994895935059,297.4127197265625,667,114.0175425099138
2018-08-23,2018,235,0,0.8389015197753906,0.38062259554862976,23.160000000000025,21.287133789062523,12.440233939034613,3.064490182059152,0.04475940544534396,0.004216128729048307,11.872117042541504,69.72601318359375,554,40
2018-08-23,2018,235,0,0.88101726770401,0.38474881649017334,22.83000000000004,22.554509190150668,12.646153477260043,3.148223876953125,0.03896966357160281,0.0017555744869142131,16.715261459350586,260.6936340332031,438,89.44271909999159
2018-08-23,2018,235,0,0.6523604989051819,0.10553410649299622,27.260000000000048,22.133660888671898,10.551664515904065,2.616609845842634,0.07222932357717227,0.0011504830343156414,15.432583808898926,175.46119689941406,1048,36.05551275463989
2018-08-22,2018,234,0,0.751361608505249,0.2595367729663849,30.090000000000032,22.38238351004469,13.542243303571468,2.8227342878069197,0.04009946961332034,0.0042079926950364666,4.497869491577148,223.92567443847656,130,10
2018-08-23,2018,235,0,0.7514078617095947,0.34596577286720276,24.29000000000002,23.365934535435315,11.77898777553014,2.669551304408482,0.03127516586709689,0.0010957659704118328,11.187161445617676,82.94767761230469,798,143.17821063276352
2018-08-23,2018,235,0,0.7359330654144287,0.18800055980682373,24.250000000000057,22.593116106305843,11.87844020298553,2.8376639229910716,0.03582171876359652,0.001253226540747221,2.0882935523986816,63.64436340332031,920,106.3014581273465
2018-08-21,2018,233,0,0.6961796283721924,0.21189044415950775,22.810000000000002,22.80735822405137,12.945426286969905,3.049591064453125,0.040547309111840235,0.0017471553308396892,26.276227951049805,107.16289520263672,149,10
2018-08-21,2018,233,0,0.6283438801765442,0.08361873030662537,29.730000000000018,25.213052368164085,12.14278128487723,2.9411817278180803,0.022350622009522425,0.00045048608607345386,5.24830436706543,134.822265625,706,92.19544457292886
2018-08-22,2018,234,0,0.6631885170936584,0.17942100763320923,30.750000000000057,26.158803013392856,11.208195713588168,3.2024056570870534,0.01673111100125979,0.00014814152545028492,13.972430229187012,167.39146423339844,571,170.29386365926402
2018-08-22,2018,234,0,0.4832834005355835,0.03349308297038078,29.99000000000001,24.07393580845428,12.162711443219905,2.6425694056919644,0.02492101271081637,0.0010257603151231365,1.5548990964889526,306.60888671875,635,50
2018-08-24,2018,236,0,0.7161571979522705,0.1894085854291916,26.890000000000043,22.732433210100453,11.941197422572543,2.5380445207868303,0.08028509993482302,0.0017373205644517498,6.6965250968933105,220.6857452392578,938,50.99019513592785
2018-08-23,2018,235,0,0.7763873934745789,0.2226659059524536,25.200000000000045,22.188041033063655,13.110964529854925,2.811434064592634,0.039575976919419276,0.0038625390750794963,18.48284912109375,294.3079528808594,500,41.23105625617661
2018-08-23,2018,235,0,0.6806053519248962,0.18787547945976257,28.340000000000032,21.830793544224377,12.319181605747815,2.879736764090402,0.042702478956467615,0.002321356676283415,13.546941757202148,166.95004272460938,609,86.02325267042627
2018-08-23,2018,235,0,0.6314394474029541,0.29205000400543213,24.980000000000018,22.224354771205356,13.096000017438655,2.8359876360212053,0.043128830980545985,0.003719666741552885,7.474282741546631,90,684,60.82762530298219
2018-08-23,2018,235,0,0.7466091513633728,0.29508572816848755,28.430000000000007,22.5298793247768,12.986694771902933,2.9469757080078125,0.043265459727532374,0.0029894651395707683,20.952905654907227,173.43792724609375,204,44.721359549995796
2018-08-21,2018,233,0,0.8079010248184204,0.3634646236896515,25.670000000000016,22.5298793247768,12.986694771902933,2.9469757080078125,0.043265459727532374,0.0029894651395707683,3.12939715385437,270,68,89.44271909999159
2018-08-24,2018,236,0,0.6716572046279907,0.10719781368970871,25.640000000000043,22.340918840680843,12.41835501534598,2.799161638532366,0.04186464626718234,0.001797938488188322,1.8723057508468628,137.9701385498047,575,70.71067811865476
2018-08-22,2018,234,0,0.6702002286911011,0.0899772197008133,30.110000000000014,25.562103707449808,11.251678902762308,3.1085074288504466,0.018048507761246668,0.0002336890918641643,6.771028995513916,227.02296447753906,813,130.384048104053
2018-08-23,2018,235,0,0.6346749067306519,0.18479059636592865,26.210000000000036,21.907972499302502,12.56182686941969,3.260957990373884,0.04535078782964419,0.002659687541189726,3.477152109146118,201.18174743652344,554,28.284271247461902
2018-08-23,2018,235,0,0.5462248921394348,0.06837254017591476,28.07000000000005,25.197329275948675,11.03527439662389,3.047304425920759,0.023417485546357142,0.00014411821192794605,8.65789794921875,291.8442687988281,766,161.24515496597098
2018-08-24,2018,236,0,0.7438318729400635,0.31586191058158875,22.610000000000014,21.522600882393988,12.95263279506139,3.034517560686384,0.04277312536168765,0.0057067812902360515,13.086294174194336,25.136640548706055,497,63.24555320336759
2018-08-23,2018,235,0,0.5436835289001465,0.09845505654811859,29.05000000000001,23.188261195591565,12.471337890625023,2.7554473876953125,0.03354349512983035,0.0013958157522111492,0.6250921487808228,90,619,22.360679774997898
2018-08-22,2018,234,0,0.6537767648696899,0.12663914263248444,24.450000000000045,22.72658255440848,12.891907174246683,2.8717171805245534,0.042742488574273096,0.0018484683257966594,27.511075973510742,229.25326538085938,562,245.15301344262525
2018-08-22,2018,234,0,0.7844370007514954,0.2949061989784241,25.750000000000057,21.9244105747768,12.746595546177502,3.1103406633649553,0.046143484901673304,0.003344172380629118,5.85450553894043,18.696434020996094,542,22.360679774997898
2018-08-21,2018,233,0,0.7884738445281982,0.2936841547489166,31.370000000000005,22.38238351004469,13.542243303571468,2.8227342878069197,0.04009946961332034,0.0042079926950364666,2.333552122116089,233.42613220214844,72,58.309518948453004
2018-08-23,2018,235,0,0.7113573551177979,0.18035918474197388,27.30000000000001,22.826749965122815,12.664320155552502,2.8784702845982144,0.03919258494306277,0.0019088925344377117,5.25510311126709,331.6412658691406,454,44.721359549995796
2018-08-23,2018,235,0,0.7212305068969727,0.31630876660346985,25.49000000000001,21.9341761997768,12.490888759068127,2.695103236607143,0.04500947673249911,0.0027056725246339397,6.229196071624756,270,447,22.360679774997898
2018-08-21,2018,233,0,0.7147985100746155,0.2689826786518097,23.120000000000005,22.593116106305843,11.87844020298553,2.8376639229910716,0.03582171876359652,0.001253226540747221,4.931545734405518,62.029232025146484,1005,111.80339887498948
2018-08-23,2018,235,0,0.8718201518058777,0.405181348323822,23.27000000000004,22.38060041155137,12.22017386300223,2.8772147042410716,0.04008465785909365,0.001652100823584135,2.9794979095458984,321.03460693359375,821,50.99019513592785
2018-08-23,2018,235,0,0.7848330736160278,0.2961253523826599,25.810000000000002,22.933084106445335,13.243016270228793,3.059757777622768,0.04271557707715701,0.0024430395585923748,5.092456817626953,280.4659118652344,369,70
2018-08-24,2018,236,0,0.7765021324157715,0.23181605339050293,25.470000000000027,22.983976527622815,12.958984810965433,2.945746285574777,0.03947587091851901,0.0018602253419786052,20.136091232299805,243.801025390625,385,202.48456731316588
2018-08-23,2018,235,0,0.7754768133163452,0.30625566840171814,25.980000000000018,22.943878609793558,12.749795532226585,2.865110124860491,0.0384138204567499,0.0019339711887269573,5.600457191467285,137.97642517089844,713,63.24555320336759
2018-08-23,2018,235,0,0.8375418186187744,0.27734535932540894,31.33000000000004,22.188041033063655,13.110964529854925,2.811434064592634,0.039575976919419276,0.0038625390750794963,25.585872650146484,224.7678985595703,465,183.84776310850236
2018-08-23,2018,235,0,0.6964688301086426,0.17290836572647095,27.120000000000005,21.867902919224377,12.486821201869418,2.757108415876116,0.044476402591950404,0.0028083862287431316,24.590717315673828,61.47605514526367,611,130.384048104053
2018-08-22,2018,234,0,0.7080216407775879,0.23361623287200928,21.930000000000007,21.957953752790218,11.676110839843773,3.0426722935267856,0.0380318738930292,0.0014836282951264934,10.958791732788086,156.86740112304688,1256,284.2534080710379
2018-08-23,2018,235,0,0.5422700643539429,0.0038535459898412228,26.03000000000003,21.537905447823675,10.726837594168558,2.677243913922991,0.0434875019304819,0.0012466849309831218,5.598700523376465,137.9965057373047,1319,348.28149534536
2018-08-22,2018,234,0,0.7694047093391418,0.26858407258987427,30.220000000000027,26.32739083426344,11.219391305106058,3.293086460658482,0.018017409037835108,0.00011658086604171558,25.588932037353516,300.4674377441406,516,197.9898987322333
2018-08-23,2018,235,0,0.6893628835678101,0.17062325775623322,28.760000000000048,23.986210850306918,9.5954310825893,2.988274710518973,0.03452199478078555,0.00013526692217880054,7.930777549743652,188.9943389892578,971,110.45361017187261
2018-08-22,2018,234,0,0.6522560715675354,0.1648900806903839,28.53000000000003,24.498529052734398,12.03044172014512,2.915254865373884,0.02497078258920382,0.0006234885675340252,10.503732681274414,69.55924987792969,777,22.360679774997898
2018-08-21,2018,233,0,0.698306143283844,0.19862227141857147,25.05000000000001,21.52496163504469,13.379163905552502,3.1995740618024553,0.03989751417566012,0.006283068798246916,9.524394989013672,237.95057678222656,419,166.43316977093238
2018-08-23,2018,235,0,0.8484916090965271,0.34002915024757385,22.58000000000004,21.189691162109398,11.252003696986606,2.719842093331473,0.050543604087121,0.0015515626890092449,11.706620216369629,251.7906951904297,1125,186.01075237738274
2018-08-22,2018,234,0,0.5179657340049744,0.09193548560142517,28.510000000000048,23.188261195591565,12.471337890625023,2.7554473876953125,0.03354349512983035,0.0013958157522111492,0.7782332301139832,53.42613983154297,618,104.40306508910551
2018-08-21,2018,233,0,0.5646388530731201,0.08617928624153137,23.870000000000005,22.34761526925223,12.553641619001155,2.7693677629743303,0.050061894249207484,0.0018176229221253948,22.65435791015625,273.335205078125,887,220.2271554554524
2018-08-24,2018,236,0,0.6623042225837708,0.2929088771343231,27.260000000000048,22.787905447823675,12.296984427315863,2.733823503766741,0.036797789525277125,0.0015425176841645794,7.352460861206055,340.203857421875,617,72.11102550927978
2018-08-22,2018,234,0,0.774193525314331,0.22661122679710388,25.890000000000043,21.189691162109398,11.252003696986606,2.719842093331473,0.050543604087121,0.0015515626890092449,7.7819013595581055,118.28173065185547,1132,332.86633954186476
2018-08-21,2018,233,0,0.5560988783836365,0.08627503365278244,27.28000000000003,22.826749965122815,12.664320155552502,2.8784702845982144,0.03919258494306277,0.0019088925344377117,1.1190906763076782,214.0361785888672,459,20
2018-08-23,2018,235,0,0.7511110901832581,0.31492719054222107,27.910000000000025,22.494165039062523,12.91462097167971,2.8129773821149553,0.043859121989495264,0.0028128714782624797,14.671439170837402,73.84519958496094,695,165.52945357246847
2018-08-23,2018,235,0,0.5422885417938232,0.006221260409802198,31.610000000000014,23.352007620675238,10.962956455775668,2.7703465053013394,0.04423132319379519,0.0006350667697816448,9.72402572631836,187.3109130859375,996,190.26297590440447
2018-08-22,2018,234,0,0.758129358291626,0.19226957857608795,23.49000000000001,22.029114205496683,12.737359619140648,2.731321062360491,0.043512312363869654,0.0033104659540086345,26.18221092224121,84.33158874511719,399,205.91260281974002
2018-08-24,2018,236,0,0.5248463749885559,-0.05089365318417549,24.77000000000004,22.72658255440848,12.891907174246683,2.8717171805245534,0.042742488574273096,0.0018484683257966594,42.49176025390625,162.59829711914062,351,246.98178070456936
2018-08-23,2018,235,0,0.6423743963241577,0.19815059006214142,26.810000000000002,24.463311767578148,12.059208897181918,2.67388916015625,0.024783162068612086,0.0008286328536897258,9.486226081848145,203.02488708496094,945,357.3513677041127
2018-08-21,2018,233,0,0.7337944507598877,0.2409353107213974,26.49000000000001,22.933084106445335,13.243016270228793,3.059757777622768,0.04271557707715701,0.0024430395585923748,1.9395703077316284,76.17213439941406,320,22.360679774997898
2018-08-22,2018,234,0,0.7274890542030334,0.2570096254348755,28.670000000000016,24.442943464006703,11.06545192173553,2.8211277553013394,0.028344226669556605,0.0003638507348924236,8.223363876342773,235.94012451171875,769,80
2018-08-23,2018,235,0,0.5194458961486816,0.022823330014944077,27.810000000000002,21.702312360491078,11.988865879603793,2.743715558733259,0.04454260845113467,0.0022017450553803997,10.698596000671387,112.67930603027344,1033,120
2018-08-23,2018,235,0,0.620292603969574,0.057113464921712875,28.170000000000016,23.112028285435315,10.949768502371683,2.7294703892299106,0.03954680044580172,0.0007706971389680461,5.42892599105835,126.59522247314453,772,226.27416997969522
2018-08-22,2018,234,0,0.7937853336334229,0.29082220792770386,29.77000000000004,25.213052368164085,12.14278128487723,2.9411817278180803,0.022350622009522425,0.00045048608607345386,5.657745361328125,153.98756408691406,600,110.45361017187261
2018-08-23,2018,235,0,0.6242671608924866,0.12778760492801666,25.950000000000045,22.826749965122815,12.664320155552502,2.8784702845982144,0.03919258494306277,0.0019088925344377117,6.2527174949646,265.7635803222656,364,10
2018-08-24,2018,236,0,0.3696793019771576,0.04302477091550827,29.480000000000018,23.438357107979925,13.21064147949221,2.8961268833705356,0.038422582339531886,0.002155447147551115,13.293384552001953,43.99491500854492,299,28.284271247461902
2018-08-24,2018,236,0,0.7038012146949768,0.1824796050786972,27.83000000000004,21.702312360491078,11.988865879603793,2.743715558733259,0.04454260845113467,0.0022017450553803997,4.735435485839844,113.00623321533203,872,64.03124237432849
2018-08-23,2018,235,0,0.7302455902099609,0.22615772485733032,23.590000000000032,21.189691162109398,11.252003696986606,2.719842093331473,0.050543604087121,0.0015515626890092449,4.0952863693237305,37.690818786621094,1174,134.1640786499874
2018-08-22,2018,234,0,0.7054698467254639,0.23341310024261475,25.55000000000001,24.463311767578148,12.059208897181918,2.67388916015625,0.024783162068612086,0.0008286328536897258,11.250635147094727,235.27508544921875,800,312.40998703626616
2018-08-22,2018,234,0,0.6856536269187927,0.17263874411582947,26.980000000000018,22.933084106445335,13.243016270228793,3.059757777622768,0.04271557707715701,0.0024430395585923748,6.04004430770874,133.5071258544922,425,53.85164807134504
2018-08-21,2018,233,0,0.7421822547912598,0.2462182193994522,23.27000000000004,22.962771170479925,13.207232230050238,2.949772426060268,0.04327617366243075,0.0018530727846055584,8.89163875579834,325.8707275390625,361,10
2018-08-21,2018,233,0,0.8402760624885559,0.31871119141578674,28.810000000000002,22.826749965122815,12.664320155552502,2.8784702845982144,0.03919258494306277,0.0019088925344377117,12.824701309204102,35.1396598815918,404,70.71067811865476
2018-08-23,2018,235,0,0.7957592010498047,0.2952074110507965,22.390000000000043,22.38060041155137,12.22017386300223,2.8772147042410716,0.04008465785909365,0.001652100823584135,6.3555707931518555,330.6927185058594,929,143.17821063276352
2018-08-23,2018,235,0,0.6788853406906128,0.13756132125854492,25.690000000000055,23.112028285435315,10.949768502371683,2.7294703892299106,0.03954680044580172,0.0007706971389680461,21.77943229675293,259.495361328125,1093,602.0797289396147
2018-08-23,2018,235,0,0.5873199105262756,0.08961424231529236,30.230000000000018,25.197329275948675,11.03527439662389,3.047304425920759,0.023417485546357142,0.00014411821192794605,12.67335319519043,113.32386016845703,582,63.24555320336759
2018-08-24,2018,236,0,0.7390313148498535,0.18269436061382294,30.390000000000043,23.35656345912389,12.97552097865514,2.9142870221819197,0.036325154494530665,0.002051571152868803,1.9572463035583496,341.33074951171875,386,136.01470508735443
2018-08-23,2018,235,0,0.2756495475769043,-0.14758779108524323,29.710000000000036,21.852968924386175,12.333533586774593,3.020850045340402,0.04086284120011996,0.0024405957681565837,12.122742652893066,114.4876937866211,1408,740.2702209328698
2018-08-23,2018,235,0,0.7317580580711365,0.23066066205501556,27.690000000000055,22.943878609793558,12.749795532226585,2.865110124860491,0.0384138204567499,0.0019339711887269573,10.4467191696167,45.382080078125,623,50.99019513592785
2018-08-22,2018,234,0,0.5653336048126221,0.18249200284481049,25.870000000000005,21.189691162109398,11.252003696986606,2.719842093331473,0.050543604087121,0.0015515626890092449,6.312191486358643,36.40150451660156,1103,342.0526275297414
2018-08-24,2018,236,0,0.7131405472755432,0.17804154753684998,26.510000000000048,21.91033761160719,12.058180018833752,3.0064697265625,0.04101934809613894,0.0018406154138475017,7.7490949630737305,241.5860595703125,660,130
2018-08-23,2018,235,0,0.5447569489479065,0.07061433792114258,25.78000000000003,21.35308663504469,13.0907924107143,3.108553205217634,0.04144236226010989,0.0060844363195329265,16.698461532592773,340.79254150390625,521,158.11388300841895
2018-08-21,2018,233,0,0.6805820465087891,0.18814288079738617,25.650000000000034,23.059032331194203,13.334889439174106,2.883087158203125,0.04635369558263491,0.001991519473257597,14.991809844970703,32.191307067871094,437,102.95630140987001
2018-08-23,2018,235,0,0.7186887264251709,0.178534135222435,27.560000000000002,23.438357107979925,13.21064147949221,2.8961268833705356,0.038422582339531886,0.002155447147551115,3.757631540298462,270,457,100
2018-08-23,2018,235,0,0.7108272314071655,0.17411111295223236,28.79000000000002,22.195999581473245,13.440617588588168,2.9410487583705356,0.04070889730382632,0.0046736688835054,12.984341621398926,276.0448303222656,782,200
2018-08-24,2018,236,0,0.6494393348693848,0.09807992726564407,25.090000000000032,21.537905447823675,10.726837594168558,2.677243913922991,0.0434875019304819,0.0012466849309831218,10.819615364074707,207.20606994628906,1573,637.8871373526824
2018-08-23,2018,235,0,0.8048315048217773,0.33684083819389343,26.680000000000007,22.79552830287389,12.779279872349377,2.844151088169643,0.041240496229416834,0.002088749550047453,20.198034286499023,331.64654541015625,646,120.83045973594572
2018-08-21,2018,233,0,0.6160942912101746,0.06647749990224838,24.58000000000004,21.830793544224377,12.319181605747815,2.879736764090402,0.042702478956467615,0.002321356676283415,21.33879852294922,21.200204849243164,1023,334.21549934136806
2018-08-24,2018,236,0,0.6105383634567261,0.08348623663187027,25.53000000000003,21.81999250139512,10.82774396623887,2.6678575788225447,0.05072004873681735,0.0011917145473390178,7.608668327331543,194.1977996826172,1479,290
2018-08-23,2018,235,0,0.8431195020675659,0.35176295042037964,25.08000000000004,23.352007620675238,10.962956455775668,2.7703465053013394,0.04423132319379519,0.0006350667697816448,4.991123676300049,270,693,89.44271909999159
2018-08-22,2018,234,0,0.7028975486755371,0.17445476353168488,30.170000000000016,23.059032331194203,13.334889439174106,2.883087158203125,0.04635369558263491,0.001991519473257597,3.768631935119629,270,344,72.11102550927978
2018-08-21,2018,233,0,0.7238345742225647,0.16852732002735138,29.210000000000036,22.610781424386175,12.48941301618305,2.734433855329241,0.058507559489495264,0.0021705569250016765,24.514501571655273,202.6428985595703,420,308.7069808086626
2018-08-22,2018,234,0,0.5233522653579712,-0.07170717418193817,27.52000000000004,23.112028285435315,10.949768502371683,2.7294703892299106,0.03954680044580172,0.0007706971389680461,18.291662216186523,162.7342529296875,992,178.88543819998318
2018-08-21,2018,233,0,0.8264692425727844,0.33721327781677246,24.110000000000014,22.340918840680843,12.41835501534598,2.799161638532366,0.04186464626718234,0.001797938488188322,8.422348022460938,201.675537109375,660,164.01219466856728
2018-08-22,2018,234,0,0.7560743093490601,0.21494698524475098,25.760000000000048,22.34761526925223,12.553641619001155,2.7693677629743303,0.050061894249207484,0.0018176229221253948,17.59624481201172,26.717552185058594,685,160
2018-08-22,2018,234,0,0.48588013648986816,-0.031179292127490044,30.79000000000002,24.50600149972098,11.609536743164085,2.7400730678013394,0.026225847791916834,0.0006016136629014568,5.6736226081848145,279.3775634765625,495,114.0175425099138
2018-08-23,2018,235,0,0.7437585592269897,0.2230449765920639,23.860000000000014,21.287133789062523,12.440233939034613,3.064490182059152,0.04475940544534396,0.004216128729048307,11.351493835449219,310.1714782714844,932,252.98221281347037
2018-08-22,2018,234,0,0.7668282389640808,0.3134354054927826,23.53000000000003,22.224354771205356,13.096000017438655,2.8359876360212053,0.043128830980545985,0.003719666741552885,6.25184965133667,94.23703002929688,713,123.6931687685298
2018-08-23,2018,235,0,0.7343444228172302,0.26864197850227356,25.55000000000001,21.92803780691969,12.238613019670765,2.755852835518973,0.043923301290757166,0.0022493989688783245,10.34936237335205,318.8902587890625,303,50.99019513592785
2018-08-24,2018,236,0,0.58740234375,0.09093959629535675,25.590000000000032,23.075075857979925,12.624721418108265,2.8000902448381697,0.036052895378357874,0.0016873420698075847,9.215730667114258,3.8635029792785645,535,162.78820596099706
2018-08-23,2018,235,0,0.700426459312439,0.1656579077243805,25.150000000000034,22.34761526925223,12.553641619001155,2.7693677629743303,0.050061894249207484,0.0018176229221253948,31.998275756835938,10.104915618896484,408,134.53624047073708
2018-08-23,2018,235,0,0.7492433786392212,0.24741791188716888,27.05000000000001,22.55303780691969,13.047413853236606,3.1020289829799106,0.04503144104409884,0.002801978729429777,5.798291206359863,76.1654281616211,466,31.622776601683796
2018-08-23,2018,235,0,0.7355002164840698,0.18330523371696472,27.27000000000004,22.787905447823675,12.296984427315863,2.733823503766741,0.036797789525277125,0.0015425176841645794,4.467265605926514,325.9750671386719,590,170.29386365926402
2018-08-23,2018,235,0,0.5297107696533203,0.07006712257862091,29.83000000000004,24.984536743164085,10.734205409458752,3.173028128487723,0.027351779531723963,0.00012012734240585132,3.704791784286499,0,862,94.86832980505139
2018-08-23,2018,235,0,0.7686291337013245,0.25647929310798645,25.27000000000004,23.060845947265648,12.66497410365514,2.8596910749162947,0.03663463671136569,0.0018104405624299602,5.947813510894775,320.97650146484375,582,67.0820393249937
2018-08-21,2018,233,0,0.7285161018371582,0.2021418958902359,24.83000000000004,21.759596034458752,12.549059622628363,2.6279798235212053,0.04427991588044833,0.003187263153257902,14.217219352722168,239.26010131835938,981,298.328677803526
2018-08-22,2018,234,0,0.6566417217254639,0.03327319398522377,28.650000000000034,21.867902919224377,12.486821201869418,2.757108415876116,0.044476402591950404,0.0028083862287431316,24.409900665283203,314.0712585449219,136,72.80109889280519
2018-08-23,2018,235,0,0.544476330280304,0.1147540956735611,28.970000000000027,22.924868338448675,11.544534301757835,2.867854527064732,0.029513923119790064,0.001019844554129179,1.3300920724868774,249.59864807128906,843,121.65525060596438
2018-08-23,2018,235,0,0.6447368264198303,0.15905511379241943,32.35000000000002,25.45049656459264,11.795238385881703,3.0146658761160716,0.020234031271225916,0.00033966615027480884,3.7571239471435547,277.0799255371094,367,10
2018-08-22,2018,234,0,0.8549134135246277,0.2965050935745239,22.470000000000027,22.34761526925223,12.553641619001155,2.7693677629743303,0.050061894249207484,0.0018176229221253948,6.36264181137085,136.54029846191406,753,72.11102550927978
2018-08-23,2018,235,0,0.6532361507415771,0.17270147800445557,33.33000000000004,22.38238351004469,13.542243303571468,2.8227342878069197,0.04009946961332034,0.0042079926950364666,3.242751359939575,180,102,10
2018-08-23,2018,235,0,0.7891827821731567,0.3120311200618744,26.090000000000032,22.429140799386175,11.20386657714846,2.6596265520368303,0.05874848146367739,0.0011836530191331462,7.998178005218506,301.2275695800781,646,80
2018-08-23,2018,235,0,0.7207701206207275,0.18065430223941803,25.79000000000002,21.651409040178578,11.31435328892303,3.1934814453125,0.03576184589791964,0.0015126706582933025,5.581910133361816,173.61891174316406,1165,150
2018-08-23,2018,235,0,0.8032171726226807,0.2923823893070221,25.760000000000048,21.702312360491078,11.988865879603793,2.743715558733259,0.04454260845113467,0.0022017450553803997,8.049421310424805,166.64476013183594,1041,201.24611797498108
2018-08-22,2018,234,0,0.5233599543571472,-0.013462666422128677,26.230000000000018,21.337540108816995,12.38993879045762,3.2905796595982144,0.049176228832489954,0.0037232579214006023,8.170866012573242,276.4733581542969,789,162.78820596099706
2018-08-23,2018,235,0,0.6378324031829834,0.0881076380610466,30.470000000000027,24.50600149972098,11.609536743164085,2.7400730678013394,0.026225847791916834,0.0006016136629014568,2.494650363922119,270,434,92.19544457292886
2018-08-23,2018,235,0,0.6923873424530029,0.19400803744792938,30.310000000000002,24.984536743164085,10.734205409458752,3.173028128487723,0.027351779531723963,0.00012012734240585132,20.17814826965332,309.69561767578125,990,222.03603311174518
2018-08-24,2018,236,0,0.629391074180603,0.09438586235046387,28.670000000000016,21.830793544224377,12.319181605747815,2.879736764090402,0.042702478956467615,0.002321356676283415,3.40696120262146,294.0710754394531,527,70.71067811865476
2018-08-23,2018,235,0,0.8518365621566772,0.3521115481853485,23.480000000000018,23.060845947265648,12.66497410365514,2.8596910749162947,0.03663463671136569,0.0018104405624299602,6.027480125427246,313.6214294433594,671,53.85164807134504
2018-08-23,2018,235,0,0.4811250865459442,-0.009865005500614643,29.670000000000016,22.245547049386175,11.815953281947543,2.5965488978794644,0.07020640153814028,0.0016729773504167156,26.156875610351562,119.63068389892578,498,250
2018-08-23,2018,235,0,0.8503710627555847,0.34737756848335266,25.77000000000004,22.901239013671898,11.442483520507835,2.639467511858259,0.06659695286679934,0.0012196989280610637,23.08512306213379,52.579193115234375,885,111.80339887498948
2018-08-24,2018,236,0,0.7314298748970032,0.20952877402305603,29.610000000000014,23.059032331194203,13.334889439174106,2.883087158203125,0.04635369558263491,0.001991519473257597,2.317462682723999,0,346,86.02325267042627
2018-08-22,2018,234,0,0.45790407061576843,0.06776046007871628,27.690000000000055,22.983976527622815,12.958984810965433,2.945746285574777,0.03947587091851901,0.0018602253419786052,8.66995906829834,154.46978759765625,890,226.71568097509268
2018-08-21,2018,233,0,0.6242701411247253,0.12753944098949432,28.230000000000018,22.188041033063655,13.110964529854925,2.811434064592634,0.039575976919419276,0.0038625390750794963,16.945791244506836,93.04541778564453,103,41.23105625617661
2018-08-23,2018,235,0,0.785422146320343,0.3497791886329651,26.860000000000014,21.9341761997768,12.490888759068127,2.695103236607143,0.04500947673249911,0.0027056725246339397,18.833280563354492,129.84567260742188,658,102.95630140987001
2018-08-24,2018,236,0,0.829959511756897,0.3260015845298767,25.210000000000036,22.10802830287389,12.20899353027346,2.8435232979910716,0.04252291996408175,0.001900845907393034,3.0477914810180664,204.20477294921875,611,42.426406871192846
2018-08-21,2018,233,0,0.7048471570014954,0.23550914227962494,30.750000000000057,22.610781424386175,12.48941301618305,2.734433855329241,0.058507559489495264,0.0021705569250016765,13.590862274169922,309.5023498535156,333,86.02325267042627
2018-08-23,2018,235,0,0.7842302918434143,0.26634153723716736,26.960000000000036,23.075075857979925,12.624721418108265,2.8000902448381697,0.036052895378357874,0.0016873420698075847,5.1257500648498535,6.996275901794434,563,31.622776601683796
2018-08-21,2018,233,0,0.7023667097091675,0.1852770745754242,26.33000000000004,23.075075857979925,12.624721418108265,2.8000902448381697,0.036052895378357874,0.0016873420698075847,3.7377541065216064,138.01905822753906,701,30
2018-08-23,2018,235,0,0.7884522676467896,0.31361064314842224,27.810000000000002,21.759596034458752,12.549059622628363,2.6279798235212053,0.04427991588044833,0.003187263153257902,14.466527938842773,19.75104522705078,530,63.24555320336759
2018-08-21,2018,233,0,0.7887142300605774,0.2849698066711426,23.310000000000002,22.267589460100453,11.328729248046898,2.4858202253069197,0.08775201220441531,0.001676255605879362,17.939640045166016,180,1087,162.78820596099706
2018-08-22,2018,234,0,0.6654456853866577,0.13630573451519012,30.02000000000004,25.197329275948675,11.03527439662389,3.047304425920759,0.023417485546357142,0.00014411821192794605,29.609140396118164,264.2782287597656,679,143.17821063276352
2018-08-22,2018,234,0,0.6583977341651917,0.2378206104040146,25.870000000000005,22.787905447823675,12.296984427315863,2.733823503766741,0.036797789525277125,0.0015425176841645794,4.841553211212158,40.141841888427734,605,36.05551275463989
2018-08-24,2018,236,0,0.7031158208847046,0.1375291347503662,25.28000000000003,21.759596034458752,12.549059622628363,2.6279798235212053,0.04427991588044833,0.003187263153257902,14.748435974121094,287.90631103515625,720,243.31050121192877
2018-08-23,2018,235,0,0.8409913778305054,0.35680606961250305,24.55000000000001,22.53880353655137,12.562794712611606,2.70794677734375,0.05719277043271731,0.0018702538234620647,13.438352584838867,285.7232971191406,848,70.71067811865476
2018-08-24,2018,236,0,0.878241777420044,0.3629983961582184,18.77000000000004,21.92803780691969,12.238613019670765,2.755852835518973,0.043923301290757166,0.0022493989688783245,24.266263961791992,97.219970703125,711,92.19544457292886
2018-08-24,2018,236,0,0.6916780471801758,0.1642046719789505,28.210000000000036,21.651409040178578,11.31435328892303,3.1934814453125,0.03576184589791964,0.0015126706582933025,3.3016772270202637,169.14723205566406,1197,287.92360097775935
2018-08-23,2018,235,0,0.7170538306236267,0.2444111555814743,27.440000000000055,24.07393580845428,12.162711443219905,2.6425694056919644,0.02492101271081637,0.0010257603151231365,5.063966274261475,79.4742202758789,853,130.384048104053
2018-08-21,2018,233,0,0.7252331972122192,0.2272825390100479,27.250000000000057,22.826749965122815,12.664320155552502,2.8784702845982144,0.03919258494306277,0.0019088925344377117,15.11094856262207,256.12548828125,363,10
2018-08-23,2018,235,0,0.6993483901023865,0.1459403783082962,31.410000000000025,22.029114205496683,12.737359619140648,2.731321062360491,0.043512312363869654,0.0033104659540086345,16.73596954345703,257.5647888183594,730,170.29386365926402
2018-08-23,2018,235,0,0.732995867729187,0.22229216992855072,26.52000000000004,22.029114205496683,12.737359619140648,2.731321062360491,0.043512312363869654,0.0033104659540086345,15.56548023223877,290.40655517578125,948,313.0495168499706
2018-08-22,2018,234,0,0.5670443773269653,0.028564581647515297,25.610000000000014,22.901239013671898,11.442483520507835,2.639467511858259,0.06659695286679934,0.0012196989280610637,3.864048719406128,283.86688232421875,1049,174.928556845359
2018-08-23,2018,235,0,0.690887451171875,0.15823522210121155,28.690000000000055,21.852968924386175,12.333533586774593,3.020850045340402,0.04086284120011996,0.0024405957681565837,4.166350364685059,0,804,381.1823710509184
2018-08-23,2018,235,0,0.6022099256515503,0.1370425671339035,26.250000000000057,21.92803780691969,12.238613019670765,2.755852835518973,0.043923301290757166,0.0022493989688783245,1.3321536779403687,69.63164520263672,1233,406.07881008493905
2018-08-23,2018,235,0,0.7148818373680115,0.18787118792533875,27.27000000000004,22.180823625837093,12.585037667410745,3.199922834123884,0.04193797488141726,0.002179706237974699,4.793750762939453,195.17352294921875,542,63.24555320336759
2018-08-23,2018,235,0,0.7465431094169617,0.2918189764022827,28.49000000000001,23.986210850306918,9.5954310825893,2.988274710518973,0.03452199478078555,0.00013526692217880054,9.527120590209961,231.174560546875,1085,130.384048104053
2018-08-22,2018,234,0,0.6969696879386902,0.1666383594274521,23.860000000000014,22.962771170479925,13.207232230050238,2.949772426060268,0.04327617366243075,0.0018530727846055584,2.643641710281372,45.47835159301758,304,40
2018-08-24,2018,236,0,0.6334905624389648,0.05540844798088074,33.460000000000036,23.478123692103793,10.88549630301344,2.7856924874441966,0.04888976890969943,0.0006384791356950359,18.57186508178711,51.22011947631836,679,100.4987562112089
2018-08-23,2018,235,0,0.7559667229652405,0.26473429799079895,27.250000000000057,22.494165039062523,12.91462097167971,2.8129773821149553,0.043859121989495264,0.0028128714782624797,16.15915870666504,236.0359344482422,442,134.1640786499874
2018-08-23,2018,235,0,0.7279202938079834,0.22830680012702942,24.560000000000002,21.778763253348245,12.746118164062523,2.967104230608259,0.042482850741631495,0.004027614138784941,20.138845443725586,193.80032348632812,891,133.41664064126334
2018-08-23,2018,235,0,0.6142542958259583,0.13474568724632263,29.000000000000057,25.562103707449808,11.251678902762308,3.1085074288504466,0.018048507761246668,0.0002336890918641643,3.3470818996429443,146.136474609375,804,152.31546211727817
2018-08-23,2018,235,0,0.7855493426322937,0.2780584990978241,26.110000000000014,22.767589460100453,12.454675292968773,2.656160627092634,0.06491197426248263,0.0019324810726075725,19.42693328857422,319.2293701171875,424,130
2018-08-23,2018,235,0,0.5186738967895508,0.007281369064003229,26.970000000000027,22.794933210100453,11.990856061662953,2.5654100690569197,0.07841866989064883,0.0019372047407060222,10.759050369262695,292.5416564941406,863,136.01470508735443
2018-08-22,2018,234,0,0.6737917065620422,0.16422203183174133,26.370000000000005,21.962939017159613,12.03394470214846,2.8746337890625,0.04336109538007449,0.0017477513772874431,5.660186290740967,206.0633544921875,629,72.80109889280519
2018-08-22,2018,234,0,0.5067437291145325,0.006015468388795853,27.190000000000055,21.852968924386175,12.333533586774593,3.020850045340402,0.04086284120011996,0.0024405957681565837,28.954822540283203,280.96307373046875,1039,600.3332407921454
2018-08-23,2018,235,0,0.7432968616485596,0.18800853192806244,24.340000000000032,22.610781424386175,12.48941301618305,2.734433855329241,0.058507559489495264,0.0021705569250016765,19.88410186767578,135.73443603515625,685,338.3784863137726
2018-08-24,2018,236,0,0.7182645797729492,0.20787343382835388,24.860000000000014,22.826749965122815,12.664320155552502,2.8784702845982144,0.03919258494306277,0.0019088925344377117,9.281631469726562,299.6868896484375,628,28.284271247461902
2018-08-21,2018,233,0,0.6843946576118469,0.13004694879055023,26.99000000000001,24.442943464006703,11.06545192173553,2.8211277553013394,0.028344226669556605,0.0003638507348924236,20.041553497314453,32.52764892578125,891,218.40329667841556
2018-08-24,2018,236,0,0.688758373260498,0.29661837220191956,24.810000000000002,22.096499197823675,11.323122732979925,2.694370814732143,0.03865059990812014,0.0013771893007188396,17.03936004638672,147.68138122558594,1444,463.24939287601876
2018-08-24,2018,236,0,0.666201114654541,0.17870722711086273,27.24000000000001,22.787905447823675,12.296984427315863,2.733823503766741,0.036797789525277125,0.0015425176841645794,1.1188933849334717,325.9787902832031,536,90.55385138137417
2018-08-23,2018,235,1,0.571882426738739,0.11067304760217667,23.310000000000002,23.112028285435315,10.949768502371683,2.7294703892299106,0.03954680044580172,0.0007706971389680461,19.259387969970703,268.672607421875,1355,457.93012567421243
2018-08-23,2018,235,1,0.6132996082305908,0.08239883184432983,23.57000000000005,23.112028285435315,10.949768502371683,2.7294703892299106,0.03954680044580172,0.0007706971389680461,22.21302032470703,172.31968688964844,1145,475.3945729601885
2018-08-23,2018,235,1,0.4470120668411255,-0.046916261315345764,23.57000000000005,23.112028285435315,10.949768502371683,2.7294703892299106,0.03954680044580172,0.0007706971389680461,30.509374618530273,188.52175903320312,1190,501.1985634456667
2018-08-21,2018,233,1,0.7349914312362671,0.27032968401908875,23.310000000000002,23.112028285435315,10.949768502371683,2.7294703892299106,0.03954680044580172,0.0007706971389680461,23.42595672607422,208.59913635253906,1323,429.53463189829057
2018-08-22,2018,234,1,0.5667701959609985,-0.014429357834160328,25.250000000000057,23.112028285435315,10.949768502371683,2.7294703892299106,0.03954680044580172,0.0007706971389680461,23.356386184692383,223.03164672851562,1180,531.4132102234569
2018-08-24,2018,236,1,0.6088818311691284,0.05182214826345444,25.250000000000057,23.112028285435315,10.949768502371683,2.7294703892299106,0.03954680044580172,0.0007706971389680461,22.90728187561035,258.957275390625,1039,554.616984954482
2019-09-08,2019,251,0,0.7038635015487671,0.1707933098077774,27.110000000000014,25.826723807198675,14.188361467633968,1.6882761546543665,0.0427048991342005,0.008043613302618269,14.533079147338867,182.41009521484375,566,30
2019-09-04,2019,247,0,0.6160200834274292,0.061733610928058624,27.05000000000001,26.13213718959264,14.09490792410719,1.4920018059866769,0.03621328276590674,0.014222752320677046,1.2519018650054932,270,562,41.23105625617661
2019-09-18,2019,261,0,0.737546443939209,0.14613991975784302,31.850000000000023,26.061706978934183,13.073748343331488,1.5640317371913366,0.03420171541170447,0.01323288308373094,5.700944900512695,119.10820007324219,686,63.24555320336759
2019-09-16,2019,259,0,0.6117158532142639,0.06453273445367813,27.730000000000018,26.701150512695335,14.83457990373887,1.4200151988438197,0.036149982633155275,0.013130422699362043,8.650272369384766,196.73513793945312,157,22.360679774997898
2019-09-13,2019,256,0,0.8223376274108887,0.3071596920490265,24.29000000000002,25.11254708426344,13.805830165318127,1.6967812946864538,0.04190543693498938,0.006877999770551924,12.841752052307129,215.2512969970703,562,85.44003745317531
2019-09-13,2019,256,0,0.6270492076873779,0.09105560183525085,27.150000000000034,25.463331386021252,11.987159075055843,1.6481163842337472,0.03499934476808875,0.012450572121053938,13.473531723022461,91.93594360351562,1144,156.20499351813308
2019-09-13,2019,256,0,0.6716504096984863,0.07291052490472794,25.79000000000002,23.784805733816995,10.646502249581488,1.780815805707659,0.041360233249228884,0.015310551988989118,23.273595809936523,234.3136749267578,1378,270.1851217221259
2019-09-16,2019,259,0,0.45626476407051086,-0.007934805937111378,27.79000000000002,24.852827235630627,11.835249110630627,1.9083945410592216,0.046086434545081545,0.015612822043806318,7.847350597381592,28.250415802001953,1099,219.3171219946131
2019-09-08,2019,251,0,0.7623529434204102,0.2689655125141144,26.53000000000003,25.217479596819203,14.465369524274593,2.0598598207746233,0.04422308904127448,0.0028950832962095774,14.49441909790039,282.6600036621094,485,80
2019-09-13,2019,256,0,0.577793300151825,0.07675056904554367,31.29000000000002,26.9321010044643,10.451647513253363,2.040395872933524,0.03452237349943488,0.01030680166473985,2.3298540115356445,306.6414489746094,821,102.95630140987001
2019-09-06,2019,249,0,0.3444806635379791,-0.1416640430688858,26.74000000000001,24.93107648577012,13.006827654157405,2.101952280317034,0.06785707575277655,0.017366912233740095,6.21665620803833,274.2612609863281,1287,626.2587324740471
2019-09-04,2019,247,0,0.5421792268753052,-0.01507573015987873,29.55000000000001,25.068911307198675,12.558605085100453,1.8824458803449358,0.05095784765676825,0.015593033301740888,12.968265533447266,238.18292236328125,1151,403.11288741492746
2019-09-16,2019,259,0,0.7498162984848022,0.21561962366104126,27.80000000000001,25.716051810128363,12.644036865234398,1.8187883922031947,0.041110713305037905,0.018183212745100263,11.060885429382324,6.431023597717285,770,72.11102550927978
2019-09-17,2019,260,0,0.8461915254592896,0.31778138875961304,28.850000000000023,25.239325823102718,11.843719918387308,1.777336801801409,0.04213996631101935,0.01671518014660478,24.105072021484375,257.4625549316406,942,142.12670403551894
2019-09-04,2019,247,0,0.5642303824424744,-0.032635029405355453,27.130000000000052,25.481177629743343,12.458551025390648,1.8202638626098633,0.03273237151102393,0.012609001266866926,18.786203384399414,148.9368133544922,737,143.17821063276352
2019-09-13,2019,256,0,0.5161009430885315,0.006206774152815342,28.83000000000004,25.15596487862723,13.078587559291293,1.5885229110717773,0.04615503949121802,0.010862689483076338,20.61488914489746,231.39285278320312,1040,151.32745950421557
2019-09-15,2019,258,0,0.6394751667976379,0.1281648725271225,24.310000000000002,26.183916800362738,14.41553649902346,1.5770150593348913,0.03740567368463843,0.008382555115133528,12.535197257995605,100.48724365234375,622,22.360679774997898
2019-09-15,2019,258,0,0.8671802878379822,0.4747764766216278,25.410000000000025,26.183916800362738,14.41553649902346,1.5770150593348913,0.03740567368463843,0.008382555115133528,24.7994384765625,301.7030334472656,319,82.46211251235322
2019-09-04,2019,247,0,0.3552350103855133,-0.0411997064948082,32.13000000000005,25.334525408063655,11.018596540178578,1.8133671624319894,0.042657468738120485,0.014639269578367475,15.93460750579834,96.51107025146484,891,296.81644159311656
2019-09-13,2019,256,0,0.7170172333717346,0.22759974002838135,23.810000000000002,25.533476039341565,13.757791137695335,1.5440211977277483,0.041060868920844484,0.009577061998754743,11.618453025817871,312.0069885253906,353,72.11102550927978
2019-09-15,2019,258,0,0.6175882816314697,0.037569060921669006,24.510000000000048,25.493870762416293,13.288371930803578,1.8785418101719447,0.03950111967520087,0.014961328375250105,4.508363723754883,315.9354553222656,615,111.80339887498948
2019-09-06,2019,249,0,0.7416545748710632,0.20719140768051147,24.920000000000016,26.183916800362738,14.41553649902346,1.5770150593348913,0.03740567368463843,0.008382555115133528,27.870872497558594,117.33323669433594,422,104.40306508910551
2019-09-13,2019,256,0,0.7834067344665527,0.2585013508796692,26.03000000000003,26.194733101981058,14.400347464425238,1.516625131879534,0.036114815892737795,0.011459019052892927,5.947442531585693,140.98095703125,397,122.06555615733703
2019-09-13,2019,256,0,0.7125653624534607,0.12117856740951538,30.110000000000014,27.53417576381139,11.736884416852718,1.7160252162388392,0.027990822019141604,0.009254943597227339,6.049354553222656,247.550048828125,732,144.22205101855957
2019-09-08,2019,251,0,0.5784953832626343,0.07887144386768341,26.090000000000032,25.505310494559183,13.699905831473245,1.7550764083862305,0.03918765884832709,0.014594804513365034,5.725353717803955,118.97138214111328,595,10
2019-09-09,2019,252,0,0.7961956262588501,0.23908045887947083,29.640000000000043,25.068911307198675,12.558605085100453,1.8824458803449358,0.05095784765676825,0.015593033301740888,19.32108497619629,253.91737365722656,1110,164.01219466856728
2019-09-14,2019,257,0,0.748870849609375,0.20604988932609558,26.950000000000045,26.798931012834828,14.950845336914085,1.5051156452723913,0.03470023375944464,0.009397711622625593,12.591300010681152,241.89651489257812,155,40
2019-09-17,2019,260,0,0.48965150117874146,-0.0786881074309349,32.450000000000045,27.513249424525668,11.389603097098245,1.7687465122767858,0.029786709966224123,0.009038861858755354,0.6225398182868958,270,367,60
2019-09-13,2019,256,0,0.7867042422294617,0.2686777412891388,25.130000000000052,26.016043962751155,14.312727137974377,1.4964309419904436,0.038379196347754885,0.013828109967619184,34.62527847290039,169.93881225585938,427,200.9975124224178
2019-09-04,2019,247,0,0.5876519083976746,0.10787934064865112,28.750000000000057,26.358222307477718,14.650282069615002,1.327537945338658,0.03892632228330939,0.01238970087757707,8.103939056396484,90,115,10
2019-09-06,2019,249,0,0.44552966952323914,-0.01982714794576168,27.180000000000007,23.508216203962093,10.424236188616078,1.8227382387433733,0.04007980627016394,0.014949899184614424,20.13976287841797,236.51266479492188,1495,524.6903848937962
2019-09-13,2019,256,0,0.5876944661140442,0.027399960905313492,27.110000000000014,25.492848423549106,14.147088623046898,1.8386684145246233,0.037167985262435366,0.005583386886030439,9.277474403381348,172.2947998046875,1035,151.32745950421557
2019-09-04,2019,247,0,0.6192742586135864,0.14193914830684662,31.29000000000002,26.15383082798553,13.14399108886721,1.8031740188598633,0.03707866770223944,0.015620958077818159,25.794387817382812,273.841064453125,659,100
2019-09-18,2019,261,0,0.7873445749282837,0.26472941040992737,25.670000000000016,25.19850638253348,13.96999075753348,1.5980220522199358,0.04704714220957129,0.005971815454870466,2.872352361679077,118.943603515625,549,120.41594578792296
2019-09-15,2019,258,0,0.6575425863265991,0.09056203812360764,29.370000000000005,27.53417576381139,11.736884416852718,1.7160252162388392,0.027990822019141604,0.009254943597227339,5.69024658203125,119.16859436035156,636,50
2019-09-18,2019,261,0,0.7025725245475769,0.2695018947124481,25.130000000000052,25.093933541434183,13.996898542131703,1.8449463163103377,0.042927790703338076,0.004689853656202558,9.724966049194336,286.4610595703125,540,92.19544457292886
2019-09-04,2019,247,0,0.7867907285690308,0.24617516994476318,29.130000000000052,24.762089756556918,11.50653991699221,1.8541321073259627,0.041433546962302614,0.02005399392834306,27.499523162841797,130.77105712890625,894,145.60219778561037
2019-09-08,2019,251,0,0.890168309211731,0.40614014863967896,25.53000000000003,25.52443629673553,13.12306692940848,1.591362680707659,0.036379132689994265,0.012580927479177717,7.408000946044922,144.0244903564453,649,78.10249675906654
2019-09-14,2019,257,0,0.69786536693573,0.13247673213481903,27.870000000000005,25.257124110630627,12.520386178152933,1.6598615646362305,0.04055567485288947,0.012311723101049665,29.392654418945312,111.93685913085938,718,180.27756377319946
2019-09-16,2019,259,0,0.5322180986404419,-0.04440925642848015,28.690000000000055,24.210931396484398,11.02851257324221,2.1381657464163646,0.0536074380298075,0.018394198286443952,8.126955032348633,37.485050201416016,1179,221.35943621178654
2019-09-08,2019,251,0,0.7418637275695801,0.19755211472511292,25.950000000000045,25.354455566406273,12.179631260463168,1.692378044128418,0.03777006668047278,0.012604217994123701,1.2486361265182495,90,621,98.99494936611666
2019-09-06,2019,249,0,0.6395236849784851,0.10352905839681625,30.850000000000023,24.95087585449221,10.193017578125023,2.0834409168788364,0.04228884381250708,0.013976912963300947,1.8719134330749512,270,1015,10
2019-09-16,2019,259,0,0.7143696546554565,0.18443872034549713,29.640000000000043,24.57542463030137,10.775539289202015,2.0442936761038646,0.04513393742040961,0.015826445090681318,8.289697647094727,48.19343566894531,1073,53.85164807134504
2019-09-08,2019,251,0,0.6078513860702515,0.055693019181489944,29.55000000000001,26.956179373604925,12.118199375697543,1.5972719192504883,0.029516984047454287,0.01163276659241319,5.087785243988037,0,805,56.568542494923804
2019-09-14,2019,257,0,0.6396695375442505,0.07281869649887085,28.07000000000005,25.15596487862723,13.078587559291293,1.5885229110717773,0.04615503949121802,0.010862689483076338,7.858689785003662,175.4730224609375,845,140.356688476182
2019-09-06,2019,249,0,0.5233957171440125,0.0038118218071758747,25.100000000000023,25.093933541434183,13.996898542131703,1.8449463163103377,0.042927790703338076,0.004689853656202558,6.402152061462402,282.4978332519531,495,114.0175425099138
2019-09-15,2019,258,0,0.7416835427284241,0.25953152775764465,28.07000000000005,25.056067766462093,11.087040928431918,1.6947191783360072,0.03731771213011115,0.01317216085186601,21.708240509033203,286.53656005859375,748,31.622776601683796
2019-09-18,2019,261,0,0.4502759277820587,-0.10598567128181458,29.440000000000055,26.400297328404065,14.832892717633968,1.6421153204781669,0.03680988055662482,0.012981217372328047,7.033401012420654,349.7524108886719,523,90.55385138137417
2019-09-12,2019,255,0,0.762778639793396,0.22401252388954163,28.49000000000001,25.916617693219905,11.932013811383968,1.5801646368844169,0.03223109644846289,0.012027930486112837,19.567859649658203,332.63006591796875,780,41.23105625617661
2019-09-09,2019,252,0,0.5640445947647095,-0.01056469976902008,31.29000000000002,25.477384730747815,11.089061628069203,1.7385356085641044,0.03411600393251746,0.012049492466360334,8.153242111206055,147.93142700195312,937,101.9803902718557
2019-09-12,2019,255,0,0.6712542176246643,0.10908150672912598,26.930000000000007,24.254752458844905,11.93755711146764,1.8631958280290877,0.0410913566966471,0.015955667960554365,8.329174041748047,296.2491760253906,893,194.164878389476
2019-09-13,2019,256,0,0.6958580613136292,0.12050400674343109,27.80000000000001,25.068911307198675,12.558605085100453,1.8824458803449358,0.05095784765676825,0.015593033301740888,26.094139099121094,282.4059753417969,576,100.4987562112089
2019-09-13,2019,256,0,0.7435082793235779,0.22496435046195984,26.150000000000034,26.400297328404065,14.832892717633968,1.6421153204781669,0.03680988055662482,0.012981217372328047,5.686426639556885,347.2705383300781,597,136.01470508735443
2019-09-06,2019,249,0,0.7097176909446716,0.12257616221904755,28.970000000000027,26.350627790178578,11.084405517578148,1.7106338228498186,0.03823477429346411,0.011204849946409468,3.908017873764038,198.5856170654297,774,53.85164807134504
2019-09-04,2019,247,0,0.6334144473075867,0.09876187890768051,27.710000000000036,23.861675153459828,10.402570887974377,1.8203709466116769,0.04259998005823462,0.018714454042822126,9.820491790771484,169.09329223632812,1438,310
2019-09-15,2019,258,0,0.7184653878211975,0.21081800758838654,26.55000000000001,25.519195992606058,14.92182312011721,2.2869787216186523,0.04184718829588263,0.002469237911611799,5.907914638519287,251.76779174804688,106,36.05551275463989
2019-09-13,2019,256,0,0.7119073271751404,0.15365853905677795,28.390000000000043,25.06388898577012,12.710338483537953,1.5718706675938197,0.043308291854422976,0.011596765386968855,9.960782051086426,146.05445861816406,995,94.86832980505139
2019-09-13,2019,256,0,0.504435658454895,0.010885911993682384,30.170000000000016,26.820448085240002,11.551531546456488,1.6308739525931222,0.03447013002828925,0.011299442517668012,4.943696022033691,49.079776763916016,523,84.85281374238569
2019-09-06,2019,249,0,0.4184943735599518,-0.06834744662046432,31.05000000000001,24.419915771484398,11.87738952636721,2.1643825258527483,0.06118095320658057,0.018909599649816755,4.562501430511475,204.09765625,1092,774.2092740338364
2019-09-09,2019,252,0,0.6000970602035522,0.10984666645526886,27.090000000000032,26.1471888950893,14.407035173688655,1.3861491339547294,0.03839616877035468,0.013319235312849287,2.317462682723999,180,428,22.360679774997898
2019-09-06,2019,249,0,0.8036670088768005,0.27245116233825684,25.870000000000005,26.466282871791293,12.810573468889515,1.5997460229056222,0.03317550224260657,0.013155650365263227,7.230965614318848,120.68643188476562,867,100.4987562112089
2019-09-12,2019,255,0,0.7834326028823853,0.2535368502140045,25.27000000000004,25.78450491768973,14.112294224330356,1.6182701928274972,0.03874309760526984,0.014232229459196333,6.517190933227539,73.5367431640625,783,67.0820393249937
2019-09-17,2019,260,0,0.7791677713394165,0.2866291403770447,26.340000000000032,24.85891985212055,11.203068760463168,1.8385659626552038,0.04031759900049536,0.014273401367574934,5.849882125854492,18.561214447021484,1284,312.5699921617557
2019-09-06,2019,249,0,0.7444761395454407,0.14650823175907135,30.120000000000005,25.481177629743343,12.458551025390648,1.8202638626098633,0.03273237151102393,0.012609001266866926,26.876489639282227,114.53343200683594,1078,551.0898293381942
2019-09-14,2019,257,0,0.7327539324760437,0.21454407274723053,30.430000000000007,27.108719308035745,10.367506190708752,1.942460605076381,0.034134809197944094,0.009063612687498335,26.77866554260254,18.872215270996094,687,101.9803902718557
2019-09-16,2019,259,0,0.5546815991401672,0.03700708597898483,29.090000000000032,25.916617693219905,11.932013811383968,1.5801646368844169,0.03223109644846289,0.012027930486112837,7.34934663772583,199.7278289794922,1045,111.80339887498948
2019-09-13,2019,256,0,0.791442334651947,0.2416715919971466,27.170000000000016,24.85891985212055,11.203068760463168,1.8385659626552038,0.04031759900049536,0.014273401367574934,7.5622711181640625,280.5387878417969,1068,130
2019-09-06,2019,249,0,0.7778786420822144,0.24697640538215637,26.350000000000023,25.477384730747815,11.089061628069203,1.7385356085641044,0.03411600393251746,0.012049492466360334,8.839064598083496,294.6067810058594,999,50
2019-09-14,2019,257,0,0.7400327324867249,0.26676347851753235,26.670000000000016,27.119276210240002,11.994890921456488,1.6142920085362025,0.03131194812254279,0.01143215225926042,13.604883193969727,64.22950744628906,712,255.53864678361276
2019-09-06,2019,249,0,0.9103163480758667,0.4095844328403473,25.700000000000045,25.257124110630627,12.520386178152933,1.6598615646362305,0.04055567485288947,0.012311723101049665,12.516870498657227,128.3009490966797,631,31.622776601683796
2019-09-13,2019,256,0,0.47459834814071655,-0.07591836899518967,32.150000000000034,26.9321010044643,10.451647513253363,2.040395872933524,0.03452237349943488,0.01030680166473985,7.8586249351501465,355.47906494140625,977,102.95630140987001
2019-09-13,2019,256,0,0.7438727021217346,0.25097283720970154,26.510000000000048,25.056067766462093,11.087040928431918,1.6947191783360072,0.03731771213011115,0.01317216085186601,19.466737747192383,336.34051513671875,1106,510
2019-09-08,2019,251,0,0.7463929057121277,0.25732898712158203,25.05000000000001,25.904458618164085,14.005175345284613,1.5761801855904716,0.038259107889693666,0.015558969247251753,8.954872131347656,135.98057556152344,816,36.05551275463989
2019-09-16,2019,259,0,0.8020569086074829,0.32984527945518494,26.090000000000032,26.358222307477718,14.650282069615002,1.327537945338658,0.03892632228330939,0.01238970087757707,5.801800727844238,76.17401885986328,413,64.03124237432849
2019-09-14,2019,257,0,0.6046954989433289,0.020612353459000587,28.850000000000023,25.219022914341565,13.394444492885043,1.812229837690081,0.06053576272920935,0.013301115500837568,22.339475631713867,154.96214294433594,328,89.44271909999159
2019-09-13,2019,256,0,0.7520714402198792,0.2055332213640213,25.100000000000023,25.301243809291293,14.365147617885043,2.077019418988909,0.03919467729524939,0.003581371176153425,14.912877082824707,155.74790954589844,497,76.15773105863909
2019-09-12,2019,255,0,0.653531551361084,0.12207683175802231,25.350000000000023,25.78450491768973,14.112294224330356,1.6182701928274972,0.03874309760526984,0.014232229459196333,2.642773151397705,314.5401916503906,484,166.43316977093238
2019-09-14,2019,257,0,0.6416781544685364,0.045915067195892334,30.450000000000045,25.15596487862723,13.078587559291293,1.5885229110717773,0.04615503949121802,0.010862689483076338,40.203041076660156,125.74536895751953,853,70.71067811865476
2019-09-15,2019,258,0,0.4607437252998352,-0.09294693917036057,32.110000000000014,27.53417576381139,11.736884416852718,1.7160252162388392,0.027990822019141604,0.009254943597227339,0.6225884556770325,90,375,133.41664064126334
2019-09-06,2019,249,0,0.7847706079483032,0.21983253955841064,26.470000000000027,24.254752458844905,11.93755711146764,1.8631958280290877,0.0410913566966471,0.015955667960554365,18.24851417541504,84.36502075195312,984,50
2019-09-13,2019,256,0,0.5259701609611511,0.01247771829366684,28.430000000000007,26.229455566406273,14.519769287109398,1.6277810505458288,0.03515257340864508,0.007555108535200361,5.125879764556885,172.99188232421875,433,110.45361017187261
2019-09-06,2019,249,0,0.7285616397857666,0.15853750705718994,27.090000000000032,25.785865129743343,13.247833687918558,1.714585849217006,0.03386044901804297,0.012884851562887434,26.094533920288086,319.4801330566406,560,128.06248474865697
2019-09-08,2019,251,0,0.7524651885032654,0.26460781693458557,24.890000000000043,26.016043962751155,14.312727137974377,1.4964309419904436,0.038379196347754885,0.013828109967619184,22.87381935119629,337.0576171875,507,22.360679774997898
2019-09-17,2019,260,0,0.4263473153114319,-0.045785196125507355,28.29000000000002,26.229455566406273,14.519769287109398,1.6277810505458288,0.03515257340864508,0.007555108535200361,15.97402572631836,96.49407196044922,620,136.01470508735443
2019-09-14,2019,257,0,0.7845196723937988,0.22935210168361664,31.99000000000001,26.622670200892856,10.395942034040218,2.140493529183524,0.034798149289649416,0.0116695575594008,21.239036560058594,358.3976135253906,734,120
2019-09-14,2019,257,0,0.7675539255142212,0.2949901521205902,27.710000000000036,26.210615321568127,14.582046944754495,1.5150055204119002,0.0400709549804148,0.010388758051306013,8.103373527526855,90,417,106.3014581273465
2019-09-06,2019,249,0,0.5316223502159119,-0.00907342042773962,27.610000000000014,25.554064505440863,14.34191502162389,1.8540454592023576,0.04670358103708594,0.006917905080229048,26.570905685424805,324.01605224609375,566,228.47319317591726
2019-09-08,2019,251,0,0.7875576019287109,0.3044554591178894,23.360000000000014,25.505310494559183,13.699905831473245,1.7550764083862305,0.03918765884832709,0.014594804513365034,19.72588539123535,326.6375732421875,774,92.19544457292886
2019-09-13,2019,256,0,0.7246695756912231,0.298999160528183,24.100000000000023,25.65160958426344,14.179714093889515,1.6200666427612305,0.04096921187834113,0.009084176289945844,17.36714744567871,325.9089050292969,507,100
2019-09-13,2019,256,0,0.7870912551879883,0.2705954909324646,23.870000000000005,25.533476039341565,13.757791137695335,1.5440211977277483,0.041060868920844484,0.009577061998754743,24.59889793395996,257.75140380859375,356,72.11102550927978
2019-09-17,2019,260,0,0.6616711020469666,0.07252267748117447,26.05000000000001,26.466282871791293,12.810573468889515,1.5997460229056222,0.03317550224260657,0.013155650365263227,10.774923324584961,239.31158447265625,781,130
2019-09-06,2019,249,0,0.6734920740127563,0.08929707109928131,24.99000000000001,25.785865129743343,13.247833687918558,1.714585849217006,0.03386044901804297,0.012884851562887434,12.79218864440918,235.22425842285156,955,305.9411708155671
2019-09-14,2019,257,0,0.665938675403595,0.08977806568145752,26.010000000000048,26.466282871791293,12.810573468889515,1.5997460229056222,0.03317550224260657,0.013155650365263227,4.348725318908691,196.68234252929688,958,196.468827043885
2019-09-14,2019,257,0,0.6682565808296204,0.14879697561264038,28.430000000000007,26.820448085240002,11.551531546456488,1.6308739525931222,0.03447013002828925,0.011299442517668012,11.835273742675781,195.06954956054688,810,10
2019-09-15,2019,258,0,0.5958730578422546,0.09376972168684006,26.750000000000057,24.466840907505627,11.436042131696468,1.764704704284668,0.038237992944281984,0.014742132294088606,15.218029022216797,233.4824676513672,1038,305.28675044947494
2019-09-18,2019,261,0,0.6124513745307922,0.12056737393140793,24.750000000000057,25.563476998465433,12.9064662388393,1.660334587097168,0.036884997310203005,0.014667447674185041,4.747318267822266,247.054931640625,904,327.56678708318395
2019-09-13,2019,256,0,0.5596385598182678,0.002128894906491041,25.470000000000027,24.217922101702015,11.588784790039085,1.8792393548148019,0.04210022491411536,0.01677493380299211,15.398099899291992,276.7509460449219,1147,72.11102550927978
2019-09-06,2019,249,0,0.554851233959198,0.11332666873931885,26.380000000000052,26.1471888950893,14.407035173688655,1.3861491339547294,0.03839616877035468,0.013319235312849287,6.494812965393066,174.47174072265625,380,85.44003745317531
2019-09-13,2019,256,0,0.7200629711151123,0.26580092310905457,24.810000000000002,26.54540841238844,14.670227486746683,1.7438958031790597,0.03593905669645636,0.013426285254865888,8.529534339904785,233.58436584472656,620,243.31050121192877
2019-09-13,2019,256,0,0.7940642237663269,0.26662391424179077,26.650000000000034,26.194733101981058,14.400347464425238,1.516625131879534,0.036114815892737795,0.011459019052892927,1.9343358278274536,283.8660583496094,383,144.22205101855957
2019-09-13,2019,256,0,0.5907964706420898,-0.005031721666455269,30.55000000000001,25.239325823102718,11.843719918387308,1.777336801801409,0.04213996631101935,0.01671518014660478,9.575506210327148,76.11975860595703,795,194.164878389476
2019-09-14,2019,257,0,0.5380215048789978,-0.0401623472571373,29.630000000000052,25.044314139229925,12.248515973772328,1.8006936482020788,0.041580442609351564,0.0173865221618712,12.393498420715332,243.7686767578125,790,121.65525060596438
2019-09-13,2019,256,0,0.7190970778465271,0.11013419926166534,28.33000000000004,25.716051810128363,12.644036865234398,1.8187883922031947,0.041110713305037905,0.018183212745100263,23.110273361206055,127.3675308227539,672,80.62257748298549
2019-09-06,2019,249,0,0.5199686884880066,-0.050798702985048294,28.450000000000045,26.350627790178578,11.084405517578148,1.7106338228498186,0.03823477429346411,0.011204849946409468,13.031914710998535,199.234375,869,28.284271247461902
2019-09-13,2019,256,0,0.6342950463294983,0.12177403271198273,31.99000000000001,27.119276210240002,11.994890921456488,1.6142920085362025,0.03131194812254279,0.01143215225926042,1.3303465843200684,69.60273742675781,399,0
2019-09-06,2019,249,0,0.46365848183631897,-0.02199464850127697,28.78000000000003,25.056067766462093,11.087040928431918,1.6947191783360072,0.03731771213011115,0.01317216085186601,9.341876029968262,207.67254638671875,1360,258.0697580112788
2019-09-06,2019,249,0,0.48723942041397095,-0.04726400971412659,28.79000000000002,25.056067766462093,11.087040928431918,1.6947191783360072,0.03731771213011115,0.01317216085186601,4.739348411560059,112.9860610961914,942,14.142135623730951
2019-09-14,2019,257,0,0.8246492743492126,0.31686607003211975,31.670000000000016,24.95087585449221,10.193017578125023,2.0834409168788364,0.04228884381250708,0.013976912963300947,8.61153507232666,314.0106506347656,951,136.01470508735443
2019-09-13,2019,256,0,0.6131235957145691,0.07119376212358475,27.730000000000018,25.219022914341565,13.394444492885043,1.812229837690081,0.06053576272920935,0.013301115500837568,17.120025634765625,309.0977783203125,570,184.39088914585773
2019-09-13,2019,256,0,0.832332193851471,0.2788516879081726,25.07000000000005,25.869302368164085,13.183073207310315,1.5504601342337472,0.035252232374709536,0.013136740791708235,5.610469341278076,90,739,60.82762530298219
2019-09-17,2019,260,0,0.7451462745666504,0.1833244264125824,28.05000000000001,23.65625915527346,11.125336129324808,1.9623866762433733,0.04228721958593695,0.016242485511213545,17.00830078125,322.5426025390625,1092,117.04699910719626
2019-09-06,2019,249,0,0.5713682174682617,0.040565136820077896,30.720000000000027,28.20149710518973,10.860035923549106,1.9374258858816964,0.024102974953216005,0.006902720796972517,7.769895553588867,72.74691772460938,460,141.4213562373095
2019-09-12,2019,255,0,0.7492208480834961,0.2389744371175766,26.57000000000005,25.889934430803578,14.310133143833752,1.419422013419015,0.03868709904150336,0.011869173514753584,14.03182315826416,285.0160217285156,450,72.11102550927978
2019-09-16,2019,259,0,0.6583571434020996,0.19227291643619537,30.33000000000004,26.15383082798553,13.14399108886721,1.8031740188598633,0.03707866770223944,0.015620958077818159,29.054401397705078,71.30559539794922,528,136.01470508735443
2019-09-14,2019,257,0,0.545952320098877,-0.026952378451824188,32.33000000000004,26.9321010044643,10.451647513253363,2.040395872933524,0.03452237349943488,0.01030680166473985,28.364011764526367,16.366893768310547,617,202.23748416156684
2019-09-13,2019,256,0,0.7269189953804016,0.12410411238670349,27.950000000000045,25.481177629743343,12.458551025390648,1.8202638626098633,0.03273237151102393,0.012609001266866926,26.449199676513672,340.6748962402344,729,392.0459156782532
2019-09-06,2019,249,0,0.6336892247200012,0.08061286807060242,25.350000000000023,26.44360177176344,14.77266409737723,1.410914421081543,0.03937812549070685,0.011408355104833845,4.193449020385742,296.2035827636719,409,50.99019513592785
2019-09-18,2019,261,0,0.8469721674919128,0.36061736941337585,24.760000000000048,25.533476039341565,13.757791137695335,1.5440211977277483,0.041060868920844484,0.009577061998754743,21.08660316467285,329.384765625,625,108.16653826391969
2019-09-06,2019,249,0,0.30805686116218567,-0.15463107824325562,30.010000000000048,25.15596487862723,13.078587559291293,1.5885229110717773,0.04615503949121802,0.010862689483076338,30.189388275146484,262.8069152832031,1080,312.40998703626616
2019-09-14,2019,257,0,0.7909783124923706,0.31225529313087463,25.190000000000055,25.301243809291293,14.365147617885043,2.077019418988909,0.03919467729524939,0.003581371176153425,16.4764404296875,135.35800170898438,289,92.19544457292886
2019-09-13,2019,256,0,0.8673673868179321,0.34601885080337524,24.03000000000003,25.938939121791293,14.43130754743305,1.7660540172031947,0.03939056796030371,0.006652768719106916,23.585988998413086,22.03935432434082,582,36.05551275463989
2019-09-14,2019,257,0,0.3834969103336334,-0.1915733963251114,29.32000000000005,25.15596487862723,13.078587559291293,1.5885229110717773,0.04615503949121802,0.010862689483076338,8.668206214904785,111.81652069091797,995,101.9803902718557
2019-09-15,2019,258,0,0.8451327681541443,0.35264134407043457,27.900000000000034,26.54540841238844,14.670227486746683,1.7438958031790597,0.03593905669645636,0.013426285254865888,7.801140785217285,241.7952117919922,616,177.2004514666935
2019-09-13,2019,256,0,0.8855186104774475,0.35254839062690735,25.890000000000043,25.881681605747815,11.924412754603793,1.654102189200265,0.0347102622409281,0.013121839630514387,10.262282371520996,349.580810546875,847,136.01470508735443
2019-09-15,2019,258,0,0.4116525650024414,-0.07219480723142624,30.53000000000003,27.119276210240002,11.994890921456488,1.6142920085362025,0.03131194812254279,0.01143215225926042,6.966367721557617,78.53773498535156,572,120.83045973594572
2019-09-14,2019,257,0,0.8532285094261169,0.33241045475006104,25.090000000000032,24.254752458844905,11.93755711146764,1.8631958280290877,0.0410913566966471,0.015955667960554365,11.504044532775879,6.169273853302002,1061,78.10249675906654
2019-09-06,2019,249,0,0.8670777678489685,0.40076932311058044,23.860000000000014,25.65160958426344,14.179714093889515,1.6200666427612305,0.04096921187834113,0.009084176289945844,30.72344970703125,56.05635452270508,442,80
2019-09-06,2019,249,0,0.5992023944854736,0.025138475000858307,27.850000000000023,24.93107648577012,13.006827654157405,2.101952280317034,0.06785707575277655,0.017366912233740095,29.55638313293457,137.91928100585938,821,680.0735254367721
2019-09-18,2019,261,0,0.4351832866668701,-0.05575312674045563,30.700000000000045,25.87085876464846,10.926882498604925,1.9150841576712472,0.03586082560018866,0.01199510322800279,8.510229110717773,220.77505493164062,1008,41.23105625617661
2019-09-06,2019,249,0,0.8674959540367126,0.3732959032058716,24.260000000000048,26.016043962751155,14.312727137974377,1.4964309419904436,0.038379196347754885,0.013828109967619184,8.548867225646973,118.9855728149414,573,72.11102550927978
2019-09-15,2019,258,0,0.7596880197525024,0.2517662048339844,25.890000000000043,26.016043962751155,14.312727137974377,1.4964309419904436,0.038379196347754885,0.013828109967619184,5.27493953704834,45.46615219116211,618,72.80109889280519
2019-09-15,2019,258,0,0.4095432460308075,-0.07141740620136261,29.610000000000014,25.916617693219905,11.932013811383968,1.5801646368844169,0.03223109644846289,0.012027930486112837,2.7802884578704834,0,788,53.85164807134504
2019-09-09,2019,252,0,0.6934847831726074,0.16476283967494965,29.05000000000001,25.603886631556918,12.030816650390648,1.9048760277884347,0.031262133540671755,0.012348886597067121,23.079797744750977,252.307373046875,962,261.72504656604804
2019-09-13,2019,256,0,0.5160065293312073,-0.0066562253050506115,24.840000000000032,25.344212559291293,14.064630126953148,1.5892784936087472,0.04635505777792304,0.01172296332111955,7.017445087432861,101.37687683105469,433,0
2019-09-13,2019,256,0,0.7039999961853027,0.1745491623878479,28.49000000000001,25.359647914341565,13.601307896205356,1.6879971367972237,0.04737925929025977,0.009361844527632002,14.138806343078613,114.68964385986328,263,53.85164807134504
2019-09-15,2019,258,0,0.5940043330192566,0.14499028027057648,24.470000000000027,25.11254708426344,13.805830165318127,1.6967812946864538,0.04190543693498938,0.006877999770551924,8.783921241760254,58.412139892578125,677,22.360679774997898
2019-09-06,2019,249,0,0.6873834729194641,0.14576654136180878,29.120000000000005,25.360705130440863,14.137067958286877,1.9821844100952148,0.05983321768240302,0.00830596314659715,12.468144416809082,259.453857421875,57,44.721359549995796
2019-09-17,2019,260,0,0.45028355717658997,-0.035678889602422714,32.190000000000055,25.334525408063655,11.018596540178578,1.8133671624319894,0.042657468738120485,0.014639269578367475,5.316600322723389,249.64096069335938,990,67.0820393249937
2019-09-13,2019,256,0,0.6177574396133423,0.1090293824672699,26.930000000000007,23.784805733816995,10.646502249581488,1.780815805707659,0.041360233249228884,0.015310551988989118,21.333423614501953,34.007896423339844,1307,247.3863375370596
2019-09-06,2019,249,0,0.5030331611633301,-0.018511269241571426,29.230000000000018,26.400297328404065,14.832892717633968,1.6421153204781669,0.03680988055662482,0.012981217372328047,2.6431772708892822,225.4684295654297,595,130
2019-09-14,2019,257,0,0.7674129605293274,0.2921118438243866,28.170000000000016,25.092627825055843,13.130578613281273,1.8260668345860072,0.055567104639571596,0.014484208094984297,18.271259307861328,287.1083068847656,522,202.23748416156684
2019-09-13,2019,256,0,0.5414858460426331,0.06417322903871536,28.710000000000036,26.13213718959264,14.09490792410719,1.4920018059866769,0.03621328276590674,0.014222752320677046,4.792238235473633,344.8935852050781,444,10
2019-09-16,2019,259,0,0.6050013303756714,0.04760710150003433,26.370000000000005,24.254752458844905,11.93755711146764,1.8631958280290877,0.0410913566966471,0.015955667960554365,3.745983123779297,329.9228515625,976,40
2019-09-15,2019,258,0,0.617876410484314,0.05534105375409126,27.190000000000055,26.042618233816995,14.247497994559183,1.5098589488438197,0.036060367049735476,0.012973260152250532,4.348875522613525,343.3110046386719,476,56.568542494923804
2019-09-14,2019,257,0,0.5907012224197388,0.047133758664131165,25.27000000000004,23.784805733816995,10.646502249581488,1.780815805707659,0.041360233249228884,0.015310551988989118,6.006588935852051,180,1396,493.9635614091387
2019-09-17,2019,260,0,0.5585708022117615,-0.033441465348005295,30.850000000000023,27.513249424525668,11.389603097098245,1.7687465122767858,0.029786709966224123,0.009038861858755354,10.330926895141602,147.52532958984375,629,196.97715603592206
2019-09-13,2019,256,0,0.5547292828559875,-0.02785043604671955,26.83000000000004,25.092627825055843,13.130578613281273,1.8260668345860072,0.055567104639571596,0.014484208094984297,32.137489318847656,52.731632232666016,787,211.8962010041709
2019-09-16,2019,259,0,0.8604108095169067,0.3408986032009125,25.27000000000004,24.762089756556918,11.50653991699221,1.8541321073259627,0.041433546962302614,0.02005399392834306,26.786298751831055,308.702392578125,960,94.33981132056603
2019-09-09,2019,252,0,0.7228080630302429,0.14612147212028503,26.690000000000055,26.13213718959264,14.09490792410719,1.4920018059866769,0.03621328276590674,0.014222752320677046,8.195218086242676,279.7065734863281,717,100.4987562112089
2019-09-14,2019,257,0,0.45370903611183167,0.06689175218343735,27.700000000000045,25.785865129743343,13.247833687918558,1.714585849217006,0.03386044901804297,0.012884851562887434,20.85498809814453,136.24960327148438,379,114.0175425099138
2019-09-18,2019,261,0,0.30693069100379944,-0.15950676798820496,28.32000000000005,25.15596487862723,13.078587559291293,1.5885229110717773,0.04615503949121802,0.010862689483076338,9.40206241607666,113.01936340332031,1025,180.27756377319946
2019-09-14,2019,257,0,0.8094912767410278,0.27213266491889954,25.950000000000045,26.995514351981058,15.086107962472113,1.4569153104509627,0.03517859083608954,0.011201348173528913,3.7571027278900146,170.41429138183594,449,125.29964086141668
2019-09-15,2019,258,0,0.8029823303222656,0.25386810302734375,27.250000000000057,25.239325823102718,11.843719918387308,1.777336801801409,0.04213996631101935,0.01671518014660478,8.947283744812012,209.07896423339844,890,100
2019-09-14,2019,257,0,0.41852644085884094,-0.11077041178941727,25.860000000000014,25.563476998465433,12.9064662388393,1.660334587097168,0.036884997310203005,0.014667447674185041,6.490784645080566,230.18821716308594,675,63.24555320336759
2019-09-16,2019,259,0,0.5585673451423645,0.02027145028114319,32.49000000000001,26.622670200892856,10.395942034040218,2.140493529183524,0.034798149289649416,0.0116695575594008,3.472658395767212,159.01087951660156,920,130
2019-09-12,2019,255,0,0.8216925263404846,0.3225145637989044,25.920000000000016,24.85891985212055,11.203068760463168,1.8385659626552038,0.04031759900049536,0.014273401367574934,5.6070356369018555,85.27096557617188,1122,348.8552708502482
2019-09-18,2019,261,0,0.7755448222160339,0.22833694517612457,27.310000000000002,25.881681605747815,11.924412754603793,1.654102189200265,0.0347102622409281,0.013121839630514387,4.853952884674072,149.07041931152344,802,190.26297590440447
2019-09-08,2019,251,0,0.835615873336792,0.2942109704017639,24.690000000000055,25.52443629673553,13.12306692940848,1.591362680707659,0.036379132689994265,0.012580927479177717,7.455081462860107,149.99179077148438,698,120.41594578792296
2019-09-13,2019,256,0,0.6753565669059753,0.1118004322052002,33.29000000000002,26.9321010044643,10.451647513253363,2.040395872933524,0.03452237349943488,0.01030680166473985,9.997153282165527,137.27821350097656,733,208.80613017821102
2019-09-13,2019,256,0,0.6659702658653259,0.061357222497463226,28.79000000000002,25.06388898577012,12.710338483537953,1.5718706675938197,0.043308291854422976,0.011596765386968855,8.853885650634766,65.43782806396484,1017,102.95630140987001
2019-09-08,2019,251,0,0.8657099008560181,0.34800148010253906,25.940000000000055,24.85891985212055,11.203068760463168,1.8385659626552038,0.04031759900049536,0.014273401367574934,18.740009307861328,137.69581604003906,1050,180.27756377319946
2019-09-06,2019,249,0,0.8948483467102051,0.43523651361465454,24.710000000000036,25.79859313964846,14.71620657784598,1.9977085930960519,0.04055956405596106,0.004457350838094953,2.7802884578704834,180,404,50
2019-09-13,2019,256,0,0.8505885004997253,0.37734654545783997,24.910000000000025,26.194798496791293,14.412149047851585,1.5109052658081055,0.03634281856016486,0.009921666252523664,24.801912307739258,325.4080505371094,250,70
2019-09-14,2019,257,0,0.5239629745483398,-0.017273452132940292,32.35000000000002,26.105451747349377,10.76430228097098,1.817866325378418,0.041827727379363466,0.011182259786039594,7.507382392883301,277.0558166503906,901,111.80339887498948
2019-09-06,2019,249,0,0.7883018255233765,0.29453244805336,25.620000000000005,25.717922101702015,13.35119454520094,1.7858381271362305,0.0386894236226496,0.015083801019102339,21.752899169921875,353.6893615722656,830,370.1351104664349
2019-09-14,2019,257,0,0.5903694033622742,0.03230507671833038,26.370000000000005,25.092627825055843,13.130578613281273,1.8260668345860072,0.055567104639571596,0.014484208094984297,23.06939697265625,8.808246612548828,518,123.6931687685298
2019-09-08,2019,251,0,0.6042618155479431,0.021317830309271812,28.690000000000055,25.354455566406273,12.179631260463168,1.692378044128418,0.03777006668047278,0.012604217994123701,5.125477313995361,6.971267223358154,889,122.06555615733703
2019-09-04,2019,247,0,0.7489848732948303,0.15454940497875214,25.79000000000002,24.070295497349377,9.804400198800238,1.943437167576381,0.04302844804720252,0.016385700571447614,23.64179229736328,11.496147155761719,989,104.40306508910551
2019-09-15,2019,258,0,0.7211155295372009,0.15427882969379425,26.910000000000025,26.042618233816995,14.247497994559183,1.5098589488438197,0.036060367049735476,0.012973260152250532,7.049293041229248,321.7619323730469,395,107.70329614269008
2019-09-17,2019,260,0,0.6506673693656921,0.042496733367443085,31.670000000000016,25.716051810128363,12.644036865234398,1.8187883922031947,0.041110713305037905,0.018183212745100263,17.949234008789062,181.93643188476562,546,56.568542494923804
2019-09-13,2019,256,0,0.7672826647758484,0.23480601608753204,25.730000000000018,25.372358485630627,13.215868704659613,1.5739240646362305,0.03767998916105597,0.011671792733579878,9.992820739746094,82.07891082763672,885,53.85164807134504
2019-09-09,2019,252,0,0.43105244636535645,-0.10846953839063644,29.010000000000048,25.77325047084264,12.33208836146764,1.8799213681902205,0.0365107993503031,0.016400199401289228,13.439201354980469,254.2777557373047,1067,505.6678751908213
2019-09-09,2019,252,0,0.7267857789993286,0.1684139221906662,26.170000000000016,25.904458618164085,14.005175345284613,1.5761801855904716,0.038259107889693666,0.015558969247251753,5.180100440979004,122.39019012451172,636,130
2019-09-13,2019,256,0,0.4666089117527008,-0.0335872657597065,32.51000000000005,26.466282871791293,12.810573468889515,1.5997460229056222,0.03317550224260657,0.013155650365263227,3.4044113159179688,132.86656188964844,641,50
2019-09-17,2019,260,0,0.828791081905365,0.2482709288597107,25.560000000000002,26.358222307477718,14.650282069615002,1.327537945338658,0.03892632228330939,0.01238970087757707,2.6428799629211426,225.4620819091797,446,58.309518948453004
2019-09-08,2019,251,0,0.5449983477592468,-0.000233481201576069,29.170000000000016,24.852827235630627,11.835249110630627,1.9083945410592216,0.046086434545081545,0.015612822043806318,15.77763843536377,270,1210,147.648230602334
2019-09-04,2019,247,0,0.42485782504081726,-0.12437810748815536,31.950000000000045,26.9321010044643,10.451647513253363,2.040395872933524,0.03452237349943488,0.01030680166473985,13.578914642333984,222.50474548339844,928,134.53624047073708
2019-09-13,2019,256,0,0.6791942715644836,0.1655498594045639,27.600000000000023,25.359647914341565,13.601307896205356,1.6879971367972237,0.04737925929025977,0.009361844527632002,8.110280990600586,293.4271545410156,290,50.99019513592785
2019-09-06,2019,249,0,0.7567094564437866,0.2238873690366745,24.77000000000004,24.9583461216518,13.807770211356058,1.6137189865112305,0.0473459998984751,0.008416425454527143,10.974517822265625,23.32877540588379,634,44.721359549995796
2019-09-14,2019,257,0,0.6282608509063721,0.08249253779649734,25.470000000000027,25.78450491768973,14.112294224330356,1.6182701928274972,0.03874309760526984,0.014232229459196333,1.8840492963790894,90,463,174.928556845359
2019-09-15,2019,258,0,0.5818063020706177,-0.000830564764328301,24.560000000000002,25.78450491768973,14.112294224330356,1.6182701928274972,0.03874309760526984,0.014232229459196333,31.19489860534668,315.1102294921875,763,150.33296378372907
2019-09-06,2019,249,0,0.7309216856956482,0.20281583070755005,24.310000000000002,25.52443629673553,13.12306692940848,1.591362680707659,0.036379132689994265,0.012580927479177717,12.99547004699707,190.89012145996094,781,85.44003745317531
2019-09-08,2019,251,0,0.7525079250335693,0.19748671352863312,25.390000000000043,25.093933541434183,13.996898542131703,1.8449463163103377,0.042927790703338076,0.004689853656202558,22.46306610107422,232.6373748779297,729,166.43316977093238
2019-09-14,2019,257,0,0.6460841298103333,0.05089540407061577,27.83000000000004,25.06388898577012,12.710338483537953,1.5718706675938197,0.043308291854422976,0.011596765386968855,20.62455940246582,231.416259765625,952,82.46211251235322
2019-09-06,2019,249,0,0.5726045370101929,0.04648648574948311,32.35000000000002,25.334525408063655,11.018596540178578,1.8133671624319894,0.042657468738120485,0.014639269578367475,6.305022716522217,216.3123321533203,961,141.4213562373095
2019-09-14,2019,257,0,0.8295941948890686,0.3064754903316498,25.27000000000004,25.384729003906273,14.059023611886175,1.510026523045131,0.044328380646270205,0.011801313626676802,1.390963077545166,180,496,60.82762530298219
2019-09-13,2019,256,0,0.672801673412323,0.10296078026294708,25.700000000000045,25.904458618164085,14.005175345284613,1.5761801855904716,0.038259107889693666,0.015558969247251753,4.667051315307617,306.5037841796875,676,150.33296378372907
2019-09-15,2019,258,0,0.8193432688713074,0.2940191328525543,25.890000000000043,25.889934430803578,14.310133143833752,1.419422013419015,0.03868709904150336,0.011869173514753584,4.415262699127197,83.98294830322266,621,106.3014581273465
2019-09-14,2019,257,0,0.380501389503479,-0.04668567329645157,27.700000000000045,25.068911307198675,12.558605085100453,1.8824458803449358,0.05095784765676825,0.015593033301740888,6.7904372215271,294.0694274902344,835,208.80613017821102
2019-09-06,2019,249,0,0.8107684254646301,0.2702842354774475,25.090000000000032,24.254752458844905,11.93755711146764,1.8631958280290877,0.0410913566966471,0.015955667960554365,11.50405216217041,6.169651508331299,1025,14.142135623730951
2019-09-06,2019,249,0,0.46973803639411926,-0.041103605180978775,32.29000000000002,25.180228533063655,11.111625017438655,1.7009927204677038,0.042349968375724245,0.013553496467977766,17.66979217529297,218.03451538085938,1006,206.15528128088303
2019-09-16,2019,259,0,0.8691151142120361,0.3631344139575958,25.010000000000048,24.852827235630627,11.835249110630627,1.9083945410592216,0.046086434545081545,0.015612822043806318,8.51370906829834,40.802608489990234,1187,210.95023109728987
2019-09-14,2019,257,0,0.7175869941711426,0.20121483504772186,25.870000000000005,23.784805733816995,10.646502249581488,1.780815805707659,0.041360233249228884,0.015310551988989118,11.216148376464844,277.0335388183594,1652,337.34255586866
2019-09-14,2019,257,0,0.7467741966247559,0.21867966651916504,31.83000000000004,26.105451747349377,10.76430228097098,1.817866325378418,0.041827727379363466,0.011182259786039594,10.673373222351074,144.68202209472656,750,122.06555615733703
2019-09-14,2019,257,0,0.7627321481704712,0.21877849102020264,26.870000000000005,23.784805733816995,10.646502249581488,1.780815805707659,0.041360233249228884,0.015310551988989118,18.09173011779785,352.3137512207031,1223,336.1547262794322
2019-09-13,2019,256,0,0.5844629406929016,0.004304241389036179,28.560000000000002,24.85891985212055,11.203068760463168,1.8385659626552038,0.04031759900049536,0.014273401367574934,13.613308906555176,250.47479248046875,1128,80.62257748298549
2019-09-18,2019,261,0,0.604824423789978,0.03771790862083435,29.630000000000052,25.15596487862723,13.078587559291293,1.5885229110717773,0.04615503949121802,0.010862689483076338,8.505626678466797,299.14947509765625,834,222.03603311174518
2019-09-08,2019,251,0,0.7621344327926636,0.22398215532302856,29.55000000000001,25.554064505440863,14.34191502162389,1.8540454592023576,0.04670358103708594,0.006917905080229048,13.079523086547852,100.03146362304688,112,60.82762530298219
2019-09-08,2019,251,0,0.8026168346405029,0.34280145168304443,28.170000000000016,25.77325047084264,12.33208836146764,1.8799213681902205,0.0365107993503031,0.016400199401289228,22.323863983154297,145.88206481933594,537,84.85281374238569
2019-09-13,2019,256,0,0.6334661245346069,0.08999598026275635,29.650000000000034,26.798931012834828,14.950845336914085,1.5051156452723913,0.03470023375944464,0.009397711622625593,4.991837501525879,337.91937255859375,79,40
2019-09-14,2019,257,0,0.7140540480613708,0.26741814613342285,25.49000000000001,24.070295497349377,9.804400198800238,1.943437167576381,0.04302844804720252,0.016385700571447614,20.01388931274414,81.05147552490234,1344,76.15773105863909
2019-09-14,2019,257,0,0.7054017782211304,0.17214757204055786,27.55000000000001,26.466282871791293,12.810573468889515,1.5997460229056222,0.03317550224260657,0.013155650365263227,4.6273674964904785,180,844,90
2019-09-15,2019,258,0,0.46516743302345276,0.04801734909415245,26.890000000000043,25.916617693219905,11.932013811383968,1.5801646368844169,0.03223109644846289,0.012027930486112837,0,0,643,20
2019-09-13,2019,256,0,0.5983370542526245,0.09274525940418243,30.29000000000002,25.180228533063655,11.111625017438655,1.7009927204677038,0.042349968375724245,0.013553496467977766,16.141019821166992,78.71044921875,906,167.63054614240212
2019-09-04,2019,247,0,0.6900255680084229,0.19493670761585236,28.54000000000002,25.77325047084264,12.33208836146764,1.8799213681902205,0.0365107993503031,0.016400199401289228,25.994258880615234,354.8408203125,395,67.0820393249937
2019-09-13,2019,256,0,0.8046958446502686,0.25501683354377747,25.29000000000002,26.1471888950893,14.407035173688655,1.3861491339547294,0.03839616877035468,0.013319235312849287,8.516510009765625,324.17059326171875,377,122.06555615733703
2019-09-06,2019,249,0,0.6307264566421509,0.1937989443540573,27.55000000000001,25.056067766462093,11.087040928431918,1.6947191783360072,0.03731771213011115,0.01317216085186601,16.185049057006836,206.8276824951172,1350,560.357029044876
2019-09-09,2019,252,0,0.6078767776489258,0.13691219687461853,31.390000000000043,26.15383082798553,13.14399108886721,1.8031740188598633,0.03707866770223944,0.015620958077818159,24.439373016357422,184.1497344970703,505,80
2019-09-14,2019,257,0,0.7907759547233582,0.30130746960639954,29.100000000000023,25.57192164829803,14.308576747349377,2.122650282723563,0.07326503497557013,0.009777884948164228,19.187162399291992,92.66627502441406,142,44.721359549995796
2019-09-14,2019,257,0,0.5844957828521729,0.00700171897187829,31.670000000000016,26.622670200892856,10.395942034040218,2.140493529183524,0.034798149289649416,0.0116695575594008,16.306631088256836,39.22422409057617,841,50.99019513592785
2019-09-13,2019,256,0,0.6281659007072449,0.08533431589603424,28.440000000000055,25.869302368164085,13.183073207310315,1.5504601342337472,0.035252232374709536,0.013136740791708235,0.46373534202575684,0,621,50
2019-09-13,2019,256,0,0.7873883843421936,0.27660423517227173,29.53000000000003,25.056067766462093,11.087040928431918,1.6947191783360072,0.03731771213011115,0.01317216085186601,4.937235355377197,297.935546875,473,161.55494421403512
2019-09-16,2019,259,0,0.8554382920265198,0.34583935141563416,28.02000000000004,25.716051810128363,12.644036865234398,1.8187883922031947,0.041110713305037905,0.018183212745100263,23.192333221435547,332.6101989746094,613,116.61903789690601
2019-09-15,2019,258,0,0.5926517844200134,0.01733514666557312,28.190000000000055,24.254752458844905,11.93755711146764,1.8631958280290877,0.0410913566966471,0.015955667960554365,4.468665599822998,214.0516357421875,994,70.71067811865476
2019-09-06,2019,249,0,0.7504488825798035,0.2367330640554428,28.910000000000025,26.820448085240002,11.551531546456488,1.6308739525931222,0.03447013002828925,0.011299442517668012,19.195741653442383,57.67610168457031,532,63.24555320336759
2019-09-13,2019,256,0,0.6429101824760437,0.1257755160331726,26.950000000000045,26.995514351981058,15.086107962472113,1.4569153104509627,0.03517859083608954,0.011201348173528913,10.70419692993164,170.00576782226562,430,160
2019-09-13,2019,256,0,0.5827597379684448,0.0885254442691803,27.750000000000057,25.358193969726585,13.629935564313655,1.8625925609043665,0.06172082227663367,0.011205609905630354,17.47559356689453,248.90460205078125,977,351.7101079013795
2019-09-06,2019,249,0,0.4369165897369385,-0.034008096903562546,30.350000000000023,25.955122157505627,14.799872698102718,1.907444681440081,0.042917523803275515,0.00568799303761125,11.813896179199219,222.67327880859375,120,0
2019-09-15,2019,258,0,0.5457854866981506,0.01419148501008749,29.27000000000004,27.172289603097113,10.728080095563655,1.848996843610491,0.031963143767875124,0.009000416862875227,1.956201195716858,198.578369140625,827,80.62257748298549
2019-09-15,2019,258,0,0.7404133081436157,0.09242723882198334,26.370000000000005,26.466282871791293,12.810573468889515,1.5997460229056222,0.03317550224260657,0.013155650365263227,8.257230758666992,333.17230224609375,925,220
2019-09-14,2019,257,0,0.6739047765731812,0.1742502599954605,29.590000000000032,25.358193969726585,13.629935564313655,1.8625925609043665,0.06172082227663367,0.011205609905630354,11.406169891357422,147.4047393798828,313,116.61903789690601
2019-09-06,2019,249,0,0.7369528412818909,0.2263851910829544,27.02000000000004,23.784805733816995,10.646502249581488,1.780815805707659,0.041360233249228884,0.015310551988989118,30.372093200683594,261.26165771484375,1360,282.31188426986205
2019-09-13,2019,256,0,0.5563991069793701,0.03866210952401161,28.890000000000043,26.701150512695335,14.83457990373887,1.4200151988438197,0.036149982633155275,0.013130422699362043,5.6997857093811035,80.6661605834961,218,20
2019-09-13,2019,256,0,0.8446224927902222,0.35900887846946716,25.32000000000005,26.040318516322543,13.72815856933596,1.562523569379534,0.036386568369429995,0.014608319866567854,9.215736389160156,176.13595581054688,579,67.0820393249937
2019-09-18,2019,261,0,0.7940983772277832,0.3025866150856018,25.55000000000001,25.79859313964846,14.71620657784598,1.9977085930960519,0.04055956405596106,0.004457350838094953,3.863250494003296,283.86981201171875,263,28.284271247461902
2019-09-06,2019,249,0,0.8185970783233643,0.3058539927005768,25.250000000000057,25.257124110630627,12.520386178152933,1.6598615646362305,0.04055567485288947,0.012311723101049665,8.311915397644043,175.72389221191406,799,31.622776601683796
2019-09-06,2019,249,0,0.8605427742004395,0.4065170884132385,23.500000000000057,25.938939121791293,14.43130754743305,1.7660540172031947,0.03939056796030371,0.006652768719106916,8.14510440826416,322.3465576171875,728,22.360679774997898
2019-09-14,2019,257,0,0.6840715408325195,0.09576141834259033,27.130000000000052,25.554064505440863,14.34191502162389,1.8540454592023576,0.04670358103708594,0.006917905080229048,24.020740509033203,168.73062133789062,435,280
2019-09-14,2019,257,0,0.5554519295692444,0.023573962971568108,28.250000000000057,26.105451747349377,10.76430228097098,1.817866325378418,0.041827727379363466,0.011182259786039594,27.820653915405273,62.60382843017578,777,170
2019-09-15,2019,258,0,0.7375310659408569,0.2438163161277771,27.670000000000016,25.601776559012308,13.933057948521252,2.059450558253697,0.07609463137583106,0.01320817695847154,12.197138786315918,339.40966796875,261,110.45361017187261
2019-09-13,2019,256,0,0.8928768634796143,0.385414719581604,25.58000000000004,25.257124110630627,12.520386178152933,1.6598615646362305,0.04055567485288947,0.012311723101049665,14.624837875366211,138.10986328125,616,144.22205101855957
2019-09-13,2019,256,0,0.7424914836883545,0.16991057991981506,27.450000000000045,25.519195992606058,14.92182312011721,2.2869787216186523,0.04184718829588263,0.002469237911611799,6.038674354553223,185.93077087402344,46,70.71067811865476
2019-09-16,2019,259,0,0.6676619052886963,0.08916592597961426,27.27000000000004,24.852827235630627,11.835249110630627,1.9083945410592216,0.046086434545081545,0.015612822043806318,27.152725219726562,282.763916015625,1005,255.53864678361276
2019-09-13,2019,256,0,0.5209776163101196,-0.029870472848415375,29.940000000000055,25.15596487862723,13.078587559291293,1.5885229110717773,0.04615503949121802,0.010862689483076338,14.701133728027344,84.68975067138672,901,392.17343102255154
2019-09-09,2019,252,0,0.6646170616149902,0.15627822279930115,27.77000000000004,26.701150512695335,14.83457990373887,1.4200151988438197,0.036149982633155275,0.013130422699362043,2.4006073474884033,195.13206481933594,323,72.80109889280519
2019-09-08,2019,251,0,0.43556439876556396,-0.08204018324613571,27.470000000000027,25.358193969726585,13.629935564313655,1.8625925609043665,0.06172082227663367,0.011205609905630354,21.896926879882812,189.34539794921875,1192,417.73197148410844
2019-09-15,2019,258,0,0.6717383861541748,0.10216488689184189,30.250000000000057,27.172289603097113,10.728080095563655,1.848996843610491,0.031963143767875124,0.009000416862875227,14.729399681091309,277.073974609375,797,82.46211251235322
2019-09-06,2019,249,0,0.7445351481437683,0.21862535178661346,23.910000000000025,25.938939121791293,14.43130754743305,1.7660540172031947,0.03939056796030371,0.006652768719106916,6.867624282836914,266.14666748046875,720,114.0175425099138
2019-09-15,2019,258,0,0.609726071357727,0.10245928913354874,28.970000000000027,25.57192164829803,14.308576747349377,2.122650282723563,0.07326503497557013,0.009777884948164228,12.204938888549805,287.4192199707031,82,14.142135623730951
2019-09-06,2019,249,0,0.713939368724823,0.23063533008098602,27.890000000000043,26.820448085240002,11.551531546456488,1.6308739525931222,0.03447013002828925,0.011299442517668012,11.060206413269043,186.39895629882812,963,134.1640786499874
2019-09-14,2019,257,0,0.6842105388641357,0.06382978707551956,26.920000000000016,25.481177629743343,12.458551025390648,1.8202638626098633,0.03273237151102393,0.012609001266866926,23.64707374572754,348.43341064453125,1002,550.3635162326806
2019-09-13,2019,256,0,0.777677059173584,0.3188146948814392,30.380000000000052,24.93107648577012,13.006827654157405,2.101952280317034,0.06785707575277655,0.017366912233740095,25.910085678100586,310.525634765625,708,512.4451190127583
2019-09-06,2019,249,0,0.40915873646736145,-0.15700700879096985,32.150000000000034,25.685529872349377,10.790250941685315,1.902827262878418,0.042115737022918154,0.012557324039846662,8.669488906860352,270,1017,219.3171219946131
2019-09-06,2019,249,0,0.7771338224411011,0.2525217533111572,26.090000000000032,24.852827235630627,11.835249110630627,1.9083945410592216,0.046086434545081545,0.015612822043806318,4.388192653656006,238.17221069335938,1268,313.8470965295043
2019-09-06,2019,249,0,0.5852982401847839,0.0035471904557198286,25.970000000000027,26.15383082798553,13.14399108886721,1.8031740188598633,0.03707866770223944,0.015620958077818159,17.725242614746094,95.81356811523438,999,320.1562118716424
2019-09-12,2019,255,0,0.5545876622200012,-0.0011391383595764637,25.610000000000014,25.505310494559183,13.699905831473245,1.7550764083862305,0.03918765884832709,0.014594804513365034,5.652812480926514,274.6903991699219,549,22.360679774997898
2019-09-08,2019,251,0,0.5386443734169006,-0.021846480667591095,29.07000000000005,24.852827235630627,11.835249110630627,1.9083945410592216,0.046086434545081545,0.015612822043806318,10.121487617492676,256.89703369140625,1190,106.3014581273465
2019-09-15,2019,258,0,0.7124220132827759,0.188177689909935,28.420000000000016,25.554064505440863,14.34191502162389,1.8540454592023576,0.04670358103708594,0.006917905080229048,5.004053115844727,264.69610595703125,123,64.03124237432849
2019-09-06,2019,249,0,0.7605456113815308,0.24590164422988892,26.370000000000005,25.257124110630627,12.520386178152933,1.6598615646362305,0.04055567485288947,0.012311723101049665,10.669695854187012,215.28944396972656,568,42.426406871192846
2019-09-06,2019,249,0,0.6128755211830139,0.024531785398721695,26.150000000000034,24.762089756556918,11.50653991699221,1.8541321073259627,0.041433546962302614,0.02005399392834306,6.950079441070557,185.1492919921875,881,196.97715603592206
2019-09-08,2019,251,0,0.6947149038314819,0.1305241584777832,26.100000000000023,25.493870762416293,13.288371930803578,1.8785418101719447,0.03950111967520087,0.014961328375250105,1.5260009765625,335.7095947265625,852,196.97715603592206
2019-09-06,2019,249,0,0.30387043952941895,-0.1461876481771469,30.05000000000001,25.15596487862723,13.078587559291293,1.5885229110717773,0.04615503949121802,0.010862689483076338,22.51475715637207,273.35821533203125,1113,269.07248094147417
2019-09-09,2019,252,0,0.7220852375030518,0.16944783926010132,26.83000000000004,26.194733101981058,14.400347464425238,1.516625131879534,0.036114815892737795,0.011459019052892927,15.200766563415527,122.42530822753906,484,82.46211251235322
2019-09-04,2019,247,0,0.8053299188613892,0.28624024987220764,25.840000000000032,26.358222307477718,14.650282069615002,1.327537945338658,0.03892632228330939,0.01238970087757707,3.302788496017456,349.0469055175781,436,90.55385138137417
2019-09-13,2019,256,0,0.6052836179733276,0.15003138780593872,25.130000000000052,25.533476039341565,13.757791137695335,1.5440211977277483,0.041060868920844484,0.009577061998754743,13.878365516662598,321.8330993652344,1085,92.19544457292886
2019-09-14,2019,257,0,0.8416786193847656,0.31687143445014954,28.090000000000032,25.239325823102718,11.843719918387308,1.777336801801409,0.04213996631101935,0.01671518014660478,21.881898880004883,101.62619018554688,854,31.622776601683796
2019-09-14,2019,257,0,0.3189733624458313,-0.16807299852371216,27.470000000000027,24.93107648577012,13.006827654157405,2.101952280317034,0.06785707575277655,0.017366912233740095,22.499353408813477,343.2375183105469,1346,617.7378084592201
2019-09-06,2019,249,0,0.641255259513855,0.03979268670082092,29.010000000000048,25.189381626674106,13.202715628487738,1.7167136328560966,0.03961751264528601,0.015767376887708906,6.654409885406494,110.29669952392578,923,28.284271247461902
2019-09-16,2019,259,0,0.7531750202178955,0.17298069596290588,28.500000000000057,25.360705130440863,14.137067958286877,1.9821844100952148,0.05983321768240302,0.00830596314659715,7.194367408752441,251.30067443847656,120,36.05551275463989
2019-09-09,2019,252,0,0.5969338417053223,0.07719461619853973,24.53000000000003,25.639147513253363,14.081757027762308,1.3745465959821428,0.03984131318525641,0.011478673684507612,0.9274099469184875,0,704,10
2019-09-06,2019,249,0,0.7175909876823425,0.16408269107341766,26.700000000000045,25.044314139229925,12.248515973772328,1.8006936482020788,0.041580442609351564,0.0173865221618712,9.280977249145508,137.98269653320312,1052,134.53624047073708
2019-09-18,2019,261,0,0.6462953686714172,0.08716857433319092,26.57000000000005,23.784805733816995,10.646502249581488,1.780815805707659,0.041360233249228884,0.015310551988989118,32.19793701171875,301.80364990234375,1283,570
2019-09-14,2019,257,0,0.7693251371383667,0.2698412835597992,26.110000000000014,26.995514351981058,15.086107962472113,1.4569153104509627,0.03517859083608954,0.011201348173528913,13.3196382522583,118.59536743164062,421,30
2019-09-06,2019,249,0,0.6346180438995361,0.0031825611367821693,29.630000000000052,25.15596487862723,13.078587559291293,1.5885229110717773,0.04615503949121802,0.010862689483076338,5.166614055633545,254.42234802246094,678,254.95097567963924
2019-09-06,2019,249,0,0.5027999877929688,-0.09059116989374161,26.130000000000052,26.016043962751155,14.312727137974377,1.4964309419904436,0.038379196347754885,0.013828109967619184,9.84819221496582,49.25100326538086,720,133.41664064126334
2019-09-18,2019,261,0,0.5499534010887146,0.009087815880775452,27.090000000000032,26.229455566406273,14.519769287109398,1.6277810505458288,0.03515257340864508,0.007555108535200361,6.265452861785889,296.25238037109375,895,92.19544457292886
2019-09-14,2019,257,0,0.6293494701385498,0.09321603924036026,26.77000000000004,25.463331386021252,11.987159075055843,1.6481163842337472,0.03499934476808875,0.012450572121053938,7.550342082977295,295.3059387207031,670,102.95630140987001
2019-09-16,2019,259,0,0.5596728324890137,0.12926843762397766,27.910000000000025,27.119276210240002,11.994890921456488,1.6142920085362025,0.03131194812254279,0.01143215225926042,14.313185691833496,79.0274658203125,693,143.17821063276352
2019-09-16,2019,259,0,0.7515568733215332,0.15967465937137604,26.77000000000004,25.463331386021252,11.987159075055843,1.6481163842337472,0.03499934476808875,0.012450572121053938,14.918778419494629,142.1718292236328,784,80.62257748298549
2019-09-14,2019,257,0,0.4229200780391693,-0.09580221027135849,27.83000000000004,24.93107648577012,13.006827654157405,2.101952280317034,0.06785707575277655,0.017366912233740095,8.210805892944336,162.47325134277344,1002,539.351462406472
2019-09-13,2019,256,0,0.7780422568321228,0.2954087257385254,25.82000000000005,26.358222307477718,14.650282069615002,1.327537945338658,0.03892632228330939,0.01238970087757707,2.7802884578704834,180,408,60
2019-09-15,2019,258,0,0.5842894911766052,0.1066584438085556,28.450000000000045,24.956096540178578,10.976800537109398,1.6924172810145788,0.03989236456350653,0.013312529790312055,14.954919815063477,301.0065612792969,1016,30
2019-09-14,2019,257,0,0.6227114200592041,0.10580150038003922,27.910000000000025,24.210931396484398,11.02851257324221,2.1381657464163646,0.0536074380298075,0.018394198286443952,7.993408203125,202.746337890625,961,22.360679774997898
2019-09-06,2019,249,0,0.7626093029975891,0.14068284630775452,28.850000000000023,26.40641828264512,14.495294189453148,1.4559035982404436,0.03703120750383704,0.014932524430662397,5.666382312774658,153.80799865722656,436,60
2019-09-14,2019,257,0,0.7793679237365723,0.2574734687805176,26.190000000000055,25.492848423549106,14.147088623046898,1.8386684145246233,0.037167985262435366,0.005583386886030439,9.552167892456055,308.702392578125,683,20
2019-09-15,2019,258,0,0.7062993049621582,0.13550737500190735,26.210000000000036,25.505310494559183,13.699905831473245,1.7550764083862305,0.03918765884832709,0.014594804513365034,1.9395703077316284,76.17213439941406,544,31.622776601683796
2019-09-13,2019,256,0,0.5726853609085083,0.13017407059669495,30.470000000000027,27.119276210240002,11.994890921456488,1.6142920085362025,0.03131194812254279,0.01143215225926042,7.363631725311279,247.92721557617188,569,170.29386365926402
2019-09-06,2019,249,0,0.7003480195999146,0.15998297929763794,27.750000000000057,24.762089756556918,11.50653991699221,1.8541321073259627,0.041433546962302614,0.02005399392834306,17.096202850341797,0,870,152.64337522473747
2019-09-13,2019,256,0,0.7535198330879211,0.21012313663959503,27.090000000000032,25.785865129743343,13.247833687918558,1.714585849217006,0.03386044901804297,0.012884851562887434,3.1742711067199707,98.39204406738281,473,164.01219466856728
2019-09-13,2019,256,0,0.6924939751625061,0.19766436517238617,28.360000000000014,23.508216203962093,10.424236188616078,1.8227382387433733,0.04007980627016394,0.014949899184614424,16.31666374206543,36.6954460144043,910,230.8679276123039
2019-09-18,2019,261,0,0.5943049192428589,0.03596562147140503,25.310000000000002,25.505310494559183,13.699905831473245,1.7550764083862305,0.03918765884832709,0.014594804513365034,17.48830223083496,150.85848999023438,432,36.05551275463989
2019-09-09,2019,252,0,0.8501439094543457,0.32300662994384766,25.450000000000045,26.44360177176344,14.77266409737723,1.410914421081543,0.03937812549070685,0.011408355104833845,5.583438396453857,325.8879699707031,335,40
2019-09-14,2019,257,0,0.3928036093711853,-0.06584911048412323,30.730000000000018,26.105451747349377,10.76430228097098,1.817866325378418,0.041827727379363466,0.011182259786039594,23.969390869140625,78.44791412353516,774,56.568542494923804
2019-09-06,2019,249,0,0.6870670318603516,0.14676353335380554,26.590000000000032,25.19850638253348,13.96999075753348,1.5980220522199358,0.04704714220957129,0.005971815454870466,7.55863618850708,277.0071716308594,819,203.9607805437114
2019-09-16,2019,259,0,0.8194519281387329,0.3033509850502014,24.710000000000036,26.13213718959264,14.09490792410719,1.4920018059866769,0.03621328276590674,0.014222752320677046,7.609154224395752,14.212427139282227,610,50.99019513592785
2019-09-14,2019,257,0,0.8150666356086731,0.30021265149116516,24.82000000000005,25.492848423549106,14.147088623046898,1.8386684145246233,0.037167985262435366,0.005583386886030439,11.952472686767578,78.9787368774414,759,53.85164807134504
2019-09-08,2019,251,0,0.426378458738327,-0.08845064789056778,32.650000000000034,25.916617693219905,11.932013811383968,1.5801646368844169,0.03223109644846289,0.012027930486112837,1.2486361265182495,270,619,40
2019-09-13,2019,256,0,0.7039940357208252,0.25599899888038635,27.55000000000001,26.040318516322543,13.72815856933596,1.562523569379534,0.036386568369429995,0.014608319866567854,4.3489789962768555,163.3064422607422,686,40
2019-09-14,2019,257,0,0.4394156038761139,-0.04015898331999779,26.810000000000002,25.481177629743343,12.458551025390648,1.8202638626098633,0.03273237151102393,0.012609001266866926,16.713773727416992,184.19027709960938,966,383.275357934736
2019-09-14,2019,257,0,0.6799890398979187,0.18417197465896606,26.560000000000002,25.717922101702015,13.35119454520094,1.7858381271362305,0.0386894236226496,0.015083801019102339,2.7802884578704834,180,916,164.92422502470643
2019-09-06,2019,249,0,0.7948099970817566,0.25591790676116943,29.730000000000018,25.239325823102718,11.843719918387308,1.777336801801409,0.04213996631101935,0.01671518014660478,8.843430519104004,20.543790817260742,823,78.10249675906654
2019-09-17,2019,260,0,0.6992478966712952,0.10094719380140305,30.920000000000016,26.81834455217637,11.580200631277933,1.696531023297991,0.02831337255434363,0.010036062467008833,5.421077728271484,126.65721130371094,692,116.61903789690601
2019-09-06,2019,249,0,0.7246122360229492,0.29571637511253357,27.920000000000016,26.44360177176344,14.77266409737723,1.410914421081543,0.03937812549070685,0.011408355104833845,8.171854972839355,147.7209014892578,319,22.360679774997898
2019-09-16,2019,259,0,0.809971272945404,0.33754226565361023,26.090000000000032,26.798931012834828,14.950845336914085,1.5051156452723913,0.03470023375944464,0.009397711622625593,17.588146209716797,26.661632537841797,240,102.95630140987001
2019-09-15,2019,258,0,0.7397772073745728,0.1873386651277542,27.390000000000043,25.869302368164085,13.183073207310315,1.5504601342337472,0.035252232374709536,0.013136740791708235,5.0743303298950195,280.50390625,767,155.24174696260025
2019-09-06,2019,249,0,0.6414064764976501,0.13703207671642303,28.29000000000002,24.956096540178578,10.976800537109398,1.6924172810145788,0.03989236456350653,0.013312529790312055,24.634275436401367,223.64105224609375,962,620.966987850401
2019-09-14,2019,257,0,0.7635989189147949,0.18559794127941132,24.970000000000027,26.194733101981058,14.400347464425238,1.516625131879534,0.036114815892737795,0.011459019052892927,8.243879318237305,303.9621887207031,319,63.24555320336759
2019-09-16,2019,259,0,0.5619266033172607,0.009472916834056377,31.05000000000001,24.95087585449221,10.193017578125023,2.0834409168788364,0.04228884381250708,0.013976912963300947,11.537195205688477,286.11444091796875,1133,167.63054614240212
2019-09-13,2019,256,0,0.6253963708877563,0.1517198234796524,26.470000000000027,23.784805733816995,10.646502249581488,1.780815805707659,0.041360233249228884,0.015310551988989118,12.188461303710938,65.6572265625,1575,408.5339643163099
2019-09-18,2019,261,0,0.6648504137992859,0.08798828721046448,31.220000000000027,26.81834455217637,11.580200631277933,1.696531023297991,0.02831337255434363,0.010036062467008833,4.994974613189697,95.31360626220703,720,237.69728648009425
2019-09-13,2019,256,0,0.7430058717727661,0.2608926594257355,26.310000000000002,25.826723807198675,14.188361467633968,1.6882761546543665,0.0427048991342005,0.008043613302618269,10.722186088562012,148.74856567382812,110,67.0820393249937
2019-09-13,2019,256,0,0.7004662156105042,0.1729162186384201,26.07000000000005,26.229455566406273,14.519769287109398,1.6277810505458288,0.03515257340864508,0.007555108535200361,7.581670761108398,64.80725860595703,488,108.16653826391969
2019-09-12,2019,255,0,0.6029039025306702,0.05321907997131348,26.03000000000003,25.189381626674106,13.202715628487738,1.7167136328560966,0.03961751264528601,0.015767376887708906,0.46373534202575684,180,974,30
2019-09-18,2019,261,0,0.603783369064331,0.0406770296394825,28.450000000000045,24.254752458844905,11.93755711146764,1.8631958280290877,0.0410913566966471,0.015955667960554365,1.1195176839828491,325.9314880371094,880,50
2019-09-13,2019,256,0,0.6551447510719299,0.06709210574626923,28.250000000000057,25.189381626674106,13.202715628487738,1.7167136328560966,0.03961751264528601,0.015767376887708906,1.390963077545166,180,946,158.11388300841895
2019-09-13,2019,256,0,0.6854410767555237,0.11625345796346664,29.260000000000048,24.57542463030137,10.775539289202015,2.0442936761038646,0.04513393742040961,0.015826445090681318,4.1457905769348145,206.70750427246094,960,111.80339887498948
2019-09-08,2019,251,0,0.7350387573242188,0.20726528763771057,23.870000000000005,25.52443629673553,13.12306692940848,1.591362680707659,0.036379132689994265,0.012580927479177717,5.173660755157471,74.44422149658203,735,94.86832980505139
2019-09-16,2019,259,0,0.49356958270072937,0.00959692895412445,30.810000000000002,25.955122157505627,14.799872698102718,1.907444681440081,0.042917523803275515,0.00568799303761125,3.8840391635894775,233.4107666015625,80,10
2019-09-06,2019,249,0,0.7167374491691589,0.2717462480068207,28.53000000000003,27.172289603097113,10.728080095563655,1.848996843610491,0.031963143767875124,0.009000416862875227,9.515667915344238,344.95465087890625,839,177.2004514666935
2019-09-13,2019,256,0,0.7053895592689514,0.2125745713710785,23.910000000000025,25.11254708426344,13.805830165318127,1.6967812946864538,0.04190543693498938,0.006877999770551924,9.724900245666504,187.35171508789062,580,206.15528128088303
2019-09-06,2019,249,0,0.5751729011535645,0.049338921904563904,30.710000000000036,25.219022914341565,13.394444492885043,1.812229837690081,0.06053576272920935,0.013301115500837568,11.716489791870117,85.52324676513672,718,139.2838827718412
2019-09-08,2019,251,0,0.5647430419921875,0.018097693100571632,25.370000000000005,26.358222307477718,14.650282069615002,1.327537945338658,0.03892632228330939,0.01238970087757707,4.993349075317383,202.12356567382812,537,42.426406871192846
2019-09-12,2019,255,0,0.5498915314674377,0.012698779813945293,32.89000000000004,25.477384730747815,11.089061628069203,1.7385356085641044,0.03411600393251746,0.012049492466360334,3.877711057662964,126.65888214111328,800,164.01219466856728
2019-09-16,2019,259,0,0.4753958582878113,-0.007386593613773584,30.920000000000016,25.477384730747815,11.089061628069203,1.7385356085641044,0.03411600393251746,0.012049492466360334,20.582714080810547,80.07113647460938,1071,273.1300056749533
2019-09-18,2019,261,0,0.7561392784118652,0.3754061460494995,25.03000000000003,25.533476039341565,13.757791137695335,1.5440211977277483,0.041060868920844484,0.009577061998754743,6.229196071624756,270,447,22.360679774997898
2019-09-13,2019,256,0,0.6641094088554382,0.15846869349479675,24.79000000000002,26.210615321568127,14.582046944754495,1.5150055204119002,0.0400709549804148,0.010388758051306013,4.154148578643799,333.0634765625,412,0
2019-09-08,2019,251,0,0.7525612115859985,0.22787383198738098,28.170000000000016,24.466840907505627,11.436042131696468,1.764704704284668,0.038237992944281984,0.014742132294088606,24.152889251708984,273.1039733886719,1181,342.34485537247383
2019-09-08,2019,251,0,0.7041314244270325,0.13550810515880585,26.310000000000002,24.254752458844905,11.93755711146764,1.8631958280290877,0.0410913566966471,0.015955667960554365,7.827112197875977,287.1214294433594,806,94.33981132056603
2019-09-18,2019,261,0,0.5539445877075195,0.013191130943596363,31.410000000000025,25.180228533063655,11.111625017438655,1.7009927204677038,0.042349968375724245,0.013553496467977766,7.249950408935547,50.48830032348633,1030,80
2019-09-15,2019,258,0,0.8553931713104248,0.3343304395675659,25.430000000000007,26.44360177176344,14.77266409737723,1.410914421081543,0.03937812549070685,0.011408355104833845,4.213090896606445,171.44227600097656,395,70.71067811865476
2019-09-15,2019,258,0,0.30047300457954407,-0.14536133408546448,29.55000000000001,25.463331386021252,11.987159075055843,1.6481163842337472,0.03499934476808875,0.012450572121053938,3.882598876953125,53.39494323730469,634,22.360679774997898
2019-09-18,2019,261,0,0.7274202108383179,0.19469387829303741,30.450000000000045,27.853651210240002,9.902640642438655,2.060213361467634,0.025644544782203127,0.006788861024290327,7.396274089813232,144.1512451171875,765,102.95630140987001
2019-09-06,2019,249,0,0.6127946376800537,0.08898992836475372,27.350000000000023,25.358193969726585,13.629935564313655,1.8625925609043665,0.06172082227663367,0.011205609905630354,12.004683494567871,299.658203125,437,10
2019-09-14,2019,257,0,0.8570465445518494,0.35374999046325684,26.810000000000002,25.826723807198675,14.188361467633968,1.6882761546543665,0.0427048991342005,0.008043613302618269,9.260885238647461,233.43983459472656,85,64.03124237432849
2019-09-13,2019,256,0,0.7381504774093628,0.1777149885892868,25.610000000000014,25.19850638253348,13.96999075753348,1.5980220522199358,0.04704714220957129,0.005971815454870466,15.46474552154541,294.1782531738281,791,120.41594578792296
2019-09-14,2019,257,0,0.5280463099479675,-0.04631412774324417,29.970000000000027,25.685529872349377,10.790250941685315,1.902827262878418,0.042115737022918154,0.012557324039846662,12.386611938476562,185.6960906982422,1027,85.44003745317531
2019-09-14,2019,257,0,0.6732512712478638,0.16411130130290985,29.190000000000055,25.044314139229925,12.248515973772328,1.8006936482020788,0.041580442609351564,0.0173865221618712,19.771404266357422,328.8306884765625,555,228.0350850198276
2019-09-06,2019,249,0,0.8523195385932922,0.38307029008865356,24.350000000000023,25.344212559291293,14.064630126953148,1.5892784936087472,0.04635505777792304,0.01172296332111955,14.194174766540527,273.66949462890625,604,86.02325267042627
2019-09-13,2019,256,0,0.6064233779907227,0.05020042136311531,27.120000000000005,25.601776559012308,13.933057948521252,2.059450558253697,0.07609463137583106,0.01320817695847154,14.135880470275879,355.0533142089844,611,197.2308292331602
2019-09-12,2019,255,0,0.6889000535011292,0.10470859706401825,28.470000000000027,24.254752458844905,11.93755711146764,1.8631958280290877,0.0410913566966471,0.015955667960554365,2.865001916885376,60.97493362426758,907,50
2019-09-06,2019,249,0,0.7100313305854797,0.16325660049915314,26.010000000000048,25.11254708426344,13.805830165318127,1.6967812946864538,0.04190543693498938,0.006877999770551924,6.134557247161865,11.767144203186035,802,152.64337522473747
2019-09-14,2019,257,0,0.7205716371536255,0.16873770952224731,25.33000000000004,26.210615321568127,14.582046944754495,1.5150055204119002,0.0400709549804148,0.010388758051306013,4.213085174560547,188.5572052001953,330,31.622776601683796
2019-09-13,2019,256,0,0.7358490824699402,0.16576650738716125,27.090000000000032,25.716051810128363,12.644036865234398,1.8187883922031947,0.041110713305037905,0.018183212745100263,24.884048461914062,347.7341003417969,1021,282.842712474619
2019-09-15,2019,258,0,0.7474457025527954,0.2615151107311249,25.660000000000025,25.371610804966565,14.658935982840433,2.0557077952793668,0.0454471300263819,0.00415293501606584,29.980098724365234,337.8193359375,331,63.24555320336759
2019-09-15,2019,258,0,0.6022756695747375,0.09728647023439407,25.77000000000004,23.784805733816995,10.646502249581488,1.780815805707659,0.041360233249228884,0.015310551988989118,5.125760555267334,186.99725341796875,1344,458.9117562233506
2019-09-06,2019,249,0,0.8331900238990784,0.3253012001514435,24.130000000000052,25.533476039341565,13.757791137695335,1.5440211977277483,0.041060868920844484,0.009577061998754743,8.664003372192383,334.55364990234375,524,72.80109889280519
2019-09-14,2019,257,0,0.5981981754302979,-0.014313598163425922,28.690000000000055,25.06388898577012,12.710338483537953,1.5718706675938197,0.043308291854422976,0.011596765386968855,15.454094886779785,259.8829345703125,667,199.24858845171275
2019-09-06,2019,249,0,0.5950026512145996,0.15681123733520508,27.310000000000002,24.583633858816995,11.325073678152933,1.745936393737793,0.042114962162536074,0.015842419135481123,11.811745643615723,96.6677017211914,1353,263.0589287593181
2019-09-06,2019,249,0,0.8726257681846619,0.37325751781463623,23.730000000000018,25.78450491768973,14.112294224330356,1.6182701928274972,0.03874309760526984,0.014232229459196333,22.357324600219727,327.79962158203125,618,110.45361017187261
2019-09-06,2019,249,0,0.42735883593559265,-0.05182463303208351,28.190000000000055,26.194733101981058,14.400347464425238,1.516625131879534,0.036114815892737795,0.011459019052892927,4.212714672088623,188.52352905273438,476,20
2019-09-14,2019,257,0,0.669440507888794,0.21805134415626526,29.03000000000003,25.881681605747815,11.924412754603793,1.654102189200265,0.0347102622409281,0.013121839630514387,7.377376079559326,67.9709701538086,764,210.2379604162864
2019-09-14,2019,257,0,0.704783022403717,0.11757882684469223,27.870000000000005,25.334536307198675,13.429210553850453,1.510735239301409,0.039270092072051455,0.01066112147560716,8.113226890563965,113.41801452636719,1239,482.70073544588683
2019-09-15,2019,258,0,0.7981366515159607,0.3083709180355072,24.670000000000016,25.533476039341565,13.757791137695335,1.5440211977277483,0.041060868920844484,0.009577061998754743,14.57730484008789,324.0187683105469,526,50.99019513592785
2019-09-06,2019,249,0,0.7540695667266846,0.2779874801635742,27.03000000000003,25.601776559012308,13.933057948521252,2.059450558253697,0.07609463137583106,0.01320817695847154,13.765859603881836,352.3591613769531,186,31.622776601683796
2019-09-08,2019,251,0,0.7753916382789612,0.23464465141296387,25.380000000000052,25.189381626674106,13.202715628487738,1.7167136328560966,0.03961751264528601,0.015767376887708906,0.9274099469184875,0,548,110
2019-09-13,2019,256,0,0.7019897699356079,0.20197655260562897,27.24000000000001,25.217479596819203,14.465369524274593,2.0598598207746233,0.04422308904127448,0.0028950832962095774,11.059788703918457,141.88421630859375,501,36.05551275463989
2019-09-13,2019,256,0,0.754170835018158,0.22194962203502655,25.390000000000043,25.093933541434183,13.996898542131703,1.8449463163103377,0.042927790703338076,0.004689853656202558,17.344444274902344,155.10052490234375,563,60
2019-09-12,2019,255,0,0.6475092172622681,0.02902398630976677,31.600000000000023,26.81834455217637,11.580200631277933,1.696531023297991,0.02831337255434363,0.010036062467008833,12.277364730834961,272.1314697265625,614,90.55385138137417
2019-09-14,2019,257,0,0.8180809617042542,0.26271185278892517,27.250000000000057,25.937929861886175,13.288284737723245,1.730339731488909,0.03786766928629248,0.015275981295019392,27.163461685180664,58.63197708129883,553,100
2019-09-18,2019,261,0,0.6701175570487976,0.13084734976291656,23.730000000000018,25.126299612862738,13.88683689662389,1.6413916179112025,0.04750428003267615,0.010750483739286665,17.624059677124023,284.76055908203125,737,174.6424919657298
2019-09-13,2019,256,0,0.6754143834114075,0.23491983115673065,25.49000000000001,24.070295497349377,9.804400198800238,1.943437167576381,0.04302844804720252,0.016385700571447614,15.993579864501953,8.752974510192871,1324,152.64337522473747
2019-09-06,2019,249,0,0.55982905626297,-0.03387381508946419,28.410000000000025,24.254752458844905,11.93755711146764,1.8631958280290877,0.0410913566966471,0.015955667960554365,4.792724132537842,164.87200927734375,909,130
2019-09-14,2019,257,0,0.871690571308136,0.355258971452713,25.80000000000001,25.257124110630627,12.520386178152933,1.6598615646362305,0.04055567485288947,0.012311723101049665,6.676846027374268,213.9327850341797,753,92.19544457292886
2019-09-14,2019,257,0,0.8370786309242249,0.3177802860736847,27.670000000000016,25.06388898577012,12.710338483537953,1.5718706675938197,0.043308291854422976,0.011596765386968855,16.097454071044922,78.67779541015625,670,130
2019-09-17,2019,260,0,0.47051453590393066,-0.10846099257469177,29.890000000000043,25.239325823102718,11.843719918387308,1.777336801801409,0.04213996631101935,0.01671518014660478,6.582951068878174,190.91578674316406,1169,256.3201123595259
2019-09-14,2019,257,0,0.45425868034362793,-0.07461965829133987,30.670000000000016,25.180228533063655,11.111625017438655,1.7009927204677038,0.042349968375724245,0.013553496467977766,11.1090087890625,250.74551391601562,974,53.85164807134504
2019-09-13,2019,256,0,0.8427602052688599,0.3083832263946533,24.910000000000025,25.372358485630627,13.215868704659613,1.5739240646362305,0.03767998916105597,0.011671792733579878,1.332317590713501,110.36573791503906,858,107.70329614269008
2019-09-14,2019,257,0,0.7223540544509888,0.25245463848114014,31.210000000000036,26.105451747349377,10.76430228097098,1.817866325378418,0.041827727379363466,0.011182259786039594,28.089527130126953,238.9613800048828,725,223.60679774997897
2019-09-14,2019,257,0,0.5921986103057861,0.08297153562307358,27.610000000000014,25.15596487862723,13.078587559291293,1.5885229110717773,0.04615503949121802,0.010862689483076338,14.879627227783203,250.4220428466797,839,180.27756377319946
2019-09-15,2019,258,0,0.6813857555389404,0.13281461596488953,26.970000000000027,25.360705130440863,14.137067958286877,1.9821844100952148,0.05983321768240302,0.00830596314659715,13.645461082458496,338.99188232421875,582,72.11102550927978
2019-09-14,2019,257,0,0.8220152258872986,0.3130742013454437,27.190000000000055,26.798931012834828,14.950845336914085,1.5051156452723913,0.03470023375944464,0.009397711622625593,9.774872779846191,55.682579040527344,126,28.284271247461902
2019-09-15,2019,258,0,0.5919707417488098,0.0980638787150383,29.130000000000052,27.108719308035745,10.367506190708752,1.942460605076381,0.034134809197944094,0.009063612687498335,7.8509135246276855,45.22003936767578,856,101.9803902718557
2019-09-14,2019,257,0,0.6427716016769409,0.06147165223956108,28.610000000000014,25.189381626674106,13.202715628487738,1.7167136328560966,0.03961751264528601,0.015767376887708906,2.6397316455841064,45.39470672607422,942,80.62257748298549
2019-09-15,2019,258,0,0.564525842666626,0.052631668746471405,27.210000000000036,26.995514351981058,15.086107962472113,1.4569153104509627,0.03517859083608954,0.011201348173528913,16.468299865722656,285.8905944824219,473,167.63054614240212
2019-09-14,2019,257,1,0.5231845378875732,-0.10399987548589706,27.090000000000032,25.785865129743343,13.247833687918558,1.714585849217006,0.03386044901804297,0.012884851562887434,28.007455825805664,132.03424072265625,578,170
2019-09-16,2019,259,1,0.4933980703353882,-0.09257401525974274,27.090000000000032,25.785865129743343,13.247833687918558,1.714585849217006,0.03386044901804297,0.012884851562887434,19.78470802307129,328.76171875,646,162.78820596099706
2019-09-09,2019,252,1,0.5904853940010071,0.045724574476480484,27.55000000000001,25.06388898577012,12.710338483537953,1.5718706675938197,0.043308291854422976,0.011596765386968855,3.473788261413574,158.96224975585938,1322,329.84845004941286
2019-09-13,2019,256,1,0.7242380380630493,0.15568390488624573,29.370000000000005,26.105451747349377,10.76430228097098,1.817866325378418,0.041827727379363466,0.011182259786039594,23.984878540039062,241.7711639404297,625,194.164878389476
2019-09-13,2019,256,1,0.6912335157394409,0.19053325057029724,29.370000000000005,26.105451747349377,10.76430228097098,1.817866325378418,0.041827727379363466,0.011182259786039594,17.788299560546875,280.1712341308594,769,155.56349186104046
2019-09-13,2019,256,1,0.6580406427383423,0.21184669435024261,30.150000000000034,26.105451747349377,10.76430228097098,1.817866325378418,0.041827727379363466,0.011182259786039594,17.573760986328125,239.26185607910156,751,219.5449840010015
2019-09-15,2019,258,1,0.6177445650100708,0.04137162119150162,30.170000000000016,26.105451747349377,10.76430228097098,1.817866325378418,0.041827727379363466,0.011182259786039594,7.776804447174072,213.9307098388672,679,100
2019-09-14,2019,257,1,0.7539600729942322,0.271001935005188,27.910000000000025,25.785865129743343,13.247833687918558,1.714585849217006,0.03386044901804297,0.012884851562887434,8.337774276733398,311.50762939453125,430,50
2019-09-17,2019,260,1,0.6585412621498108,0.1739826798439026,30.110000000000014,26.105451747349377,10.76430228097098,1.817866325378418,0.041827727379363466,0.011182259786039594,19.354022979736328,131.93154907226562,717,164.01219466856728
2019-09-06,2019,249,1,0.7407656311988831,0.20059509575366974,28.100000000000023,25.06388898577012,12.710338483537953,1.5718706675938197,0.043308291854422976,0.011596765386968855,16.165510177612305,59.828025817871094,1109,170
2019-09-18,2019,261,1,0.5670329928398132,0.03451895713806152,30.450000000000045,26.105451747349377,10.76430228097098,1.817866325378418,0.041827727379363466,0.011182259786039594,14.505049705505371,104.49425506591797,841,78.10249675906654
2019-09-08,2019,251,1,0.8120115399360657,0.26236575841903687,28.390000000000043,25.06388898577012,12.710338483537953,1.5718706675938197,0.043308291854422976,0.011596765386968855,19.511425018310547,50.23989486694336,1020,120.41594578792296
2019-09-13,2019,256,1,0.6549264192581177,0.1661406010389328,29.370000000000005,26.105451747349377,10.76430228097098,1.817866325378418,0.041827727379363466,0.011182259786039594,18.478219985961914,156.98248291015625,659,233.45235059857504
2019-09-13,2019,256,1,0.5903922915458679,0.13879907131195068,30.150000000000034,26.105451747349377,10.76430228097098,1.817866325378418,0.041827727379363466,0.011182259786039594,2.536766529083252,259.4735107421875,912,143.17821063276352
2019-09-18,2019,261,1,0.5726495981216431,0.057464275509119034,30.110000000000014,26.105451747349377,10.76430228097098,1.817866325378418,0.041827727379363466,0.011182259786039594,24.032175064086914,229.19686889648438,655,177.2004514666935
2019-09-16,2019,259,1,0.5134360194206238,0.023578105494379997,30.170000000000016,26.105451747349377,10.76430228097098,1.817866325378418,0.041827727379363466,0.011182259786039594,15.236515998840332,271.70281982421875,810,50
2019-09-13,2019,256,1,0.44366759061813354,-0.023915549740195274,30.150000000000034,26.105451747349377,10.76430228097098,1.817866325378418,0.041827727379363466,0.011182259786039594,15.793137550354004,166.64385986328125,874,202.48456731316588
2019-09-12,2019,255,1,0.5095032453536987,0.03415880724787712,30.730000000000018,26.105451747349377,10.76430228097098,1.817866325378418,0.041827727379363466,0.011182259786039594,22.590578079223633,141.0899658203125,790,127.27922061357856
2019-09-14,2019,257,1,0.6088900566101074,0.06040947139263153,27.370000000000005,25.785865129743343,13.247833687918558,1.714585849217006,0.03386044901804297,0.012884851562887434,32.973018646240234,313.3299865722656,625,104.40306508910551
2019-09-15,2019,258,1,0.4879656434059143,-0.05122580751776695,30.170000000000016,26.105451747349377,10.76430228097098,1.817866325378418,0.041827727379363466,0.011182259786039594,10.278204917907715,231.32662963867188,742,70.71067811865476
2019-09-13,2019,256,1,0.48661407828330994,0.05141470581293106,30.150000000000034,26.105451747349377,10.76430228097098,1.817866325378418,0.041827727379363466,0.011182259786039594,20.982229232788086,218.6588134765625,849,199.24858845171275
2019-09-15,2019,258,1,0.6091434359550476,0.00040098527097143233,29.410000000000025,26.105451747349377,10.76430228097098,1.817866325378418,0.041827727379363466,0.011182259786039594,20.774158477783203,200.14955139160156,656,120.83045973594572
2019-09-13,2019,256,1,0.5844958424568176,0.051200784742832184,29.370000000000005,26.105451747349377,10.76430228097098,1.817866325378418,0.041827727379363466,0.011182259786039594,24.68458366394043,189.5464324951172,768,125.29964086141668
2019-09-13,2019,256,1,0.6049854159355164,0.1190192773938179,30.450000000000045,26.105451747349377,10.76430228097098,1.817866325378418,0.041827727379363466,0.011182259786039594,10.563056945800781,183.34799194335938,864,120.83045973594572
2019-09-08,2019,251,1,0.7514111995697021,0.20462936162948608,28.390000000000043,25.06388898577012,12.710338483537953,1.5718706675938197,0.043308291854422976,0.011596765386968855,11.613405227661133,64.32797241210938,958,89.44271909999159
2019-09-14,2019,257,1,0.7219934463500977,0.23325031995773315,27.370000000000005,25.785865129743343,13.247833687918558,1.714585849217006,0.03386044901804297,0.012884851562887434,19.738447189331055,304.32879638671875,467,104.40306508910551
2019-09-18,2019,261,1,0.5953382849693298,0.13402584195137024,30.55000000000001,26.105451747349377,10.76430228097098,1.817866325378418,0.041827727379363466,0.011182259786039594,10.245396614074707,122.50436401367188,735,122.06555615733703
2019-09-17,2019,260,1,0.6362801194190979,0.11894898861646652,27.910000000000025,25.785865129743343,13.247833687918558,1.714585849217006,0.03386044901804297,0.012884851562887434,14.687862396240234,329.8374938964844,363,50
2019-09-14,2019,257,1,0.529075562953949,-0.03891565278172493,27.370000000000005,25.785865129743343,13.247833687918558,1.714585849217006,0.03386044901804297,0.012884851562887434,4.669523239135742,187.7216033935547,690,128.06248474865697
2019-09-04,2019,247,1,0.5652173757553101,0.007659574504941702,27.55000000000001,25.06388898577012,12.710338483537953,1.5718706675938197,0.043308291854422976,0.011596765386968855,6.629764556884766,110.37620544433594,1301,272.02941017470886
2019-09-06,2019,249,1,0.6315378546714783,0.08093573898077011,28.150000000000034,25.06388898577012,12.710338483537953,1.5718706675938197,0.043308291854422976,0.011596765386968855,17.48012351989746,115.90799713134766,1227,295.296461204668
2019-09-13,2019,256,1,0.5686988234519958,0.16483516991138458,30.150000000000034,26.105451747349377,10.76430228097098,1.817866325378418,0.041827727379363466,0.011182259786039594,18.395221710205078,176.24534606933594,848,170.29386365926402
2019-09-06,2019,249,1,0.4397208094596863,-0.0850888043642044,28.53000000000003,25.06388898577012,12.710338483537953,1.5718706675938197,0.043308291854422976,0.011596765386968855,21.917428970336914,157.72247314453125,1136,244.13111231467406
2019-09-15,2019,258,1,0.7627003192901611,0.2012081742286682,29.410000000000025,26.105451747349377,10.76430228097098,1.817866325378418,0.041827727379363466,0.011182259786039594,26.43208122253418,21.862316131591797,716,160
2019-09-15,2019,258,1,0.6186237931251526,0.08628462255001068,29.410000000000025,26.105451747349377,10.76430228097098,1.817866325378418,0.041827727379363466,0.011182259786039594,20.858619689941406,176.7233123779297,675,110
2019-09-14,2019,257,1,0.5335680246353149,-0.10671259462833405,27.090000000000032,25.785865129743343,13.247833687918558,1.714585849217006,0.03386044901804297,0.012884851562887434,25.302757263183594,150.82693481445312,629,162.78820596099706
2019-09-06,2019,249,1,0.5905454754829407,0.04883342236280441,28.150000000000034,25.06388898577012,12.710338483537953,1.5718706675938197,0.043308291854422976,0.011596765386968855,6.849372386932373,266.13629150390625,1265,395.60080889704966
2019-09-09,2019,252,1,0.6765256524085999,0.13571709394454956,27.55000000000001,25.06388898577012,12.710338483537953,1.5718706675938197,0.043308291854422976,0.011596765386968855,8.852310180664062,294.56689453125,1299,378.549864614954
2019-09-06,2019,249,1,0.6412352323532104,0.08447054028511047,28.100000000000023,25.06388898577012,12.710338483537953,1.5718706675938197,0.043308291854422976,0.011596765386968855,18.500478744506836,57.848026275634766,1186,215.40659228538016
2019-09-06,2019,249,1,0.6683733463287354,0.10138504207134247,28.150000000000034,25.06388898577012,12.710338483537953,1.5718706675938197,0.043308291854422976,0.011596765386968855,6.971458911895752,78.54630279541016,1282,349.2849839314596
2019-09-13,2019,256,1,0.6667481660842896,0.10396647453308105,29.370000000000005,26.105451747349377,10.76430228097098,1.817866325378418,0.041827727379363466,0.011182259786039594,33.607444763183594,9.430059432983398,669,170.88007490635061
2019-07-25,2019,206,0,0.7131420969963074,0.2493310570716858,25.74000000000001,24.36626804896764,13.855397251674106,2.151648385184152,0.059645078038595756,0.0053273004607099494,22.24342918395996,306.4212341308594,391,60.82762530298219
2019-07-25,2019,206,0,0.4796500504016876,-0.009926189668476582,30.440000000000055,24.527113124302502,11.758656529017856,1.6977081298828125,0.04096741125526293,0.0018831801728147468,15.846753120422363,273.269287109375,852,172.6267650163207
2019-07-29,2019,210,0,0.514274537563324,0.4162399470806122,24.250000000000057,21.05560128348219,12.51258239746096,2.2990199497767856,0.08525258943977221,0.0059351039246458015,12.186470985412598,329.5426330566406,671,143.17821063276352
2019-07-29,2019,210,0,0.7861313223838806,0.33279934525489807,29.340000000000032,21.612516566685315,12.213091605050238,2.095373971121652,0.0894281928295122,0.005798534782304188,8.497063636779785,60.81782913208008,61,41.23105625617661
2019-07-25,2019,206,0,0.6906779408454895,0.171591117978096,26.49000000000001,24.259500122070335,12.416040039062523,1.8311614990234375,0.045728287553213676,0.007572056086434742,3.740426778793335,29.9294376373291,754,89.44271909999159
2019-07-25,2019,206,0,0.6117936372756958,0.0358673594892025,25.03000000000003,22.11076398577012,11.584514508928578,2.066316877092634,0.05699772283973559,0.004902855785264393,11.176807403564453,274.69940185546875,1119,304.63092423455635
2019-07-25,2019,206,0,0.5677799582481384,0.07959413528442383,28.430000000000007,25.570502580915218,11.712657819475453,1.9726453508649553,0.03299700365009173,0.00400714698590221,4.724465370178223,246.93701171875,827,80.62257748298549
2019-07-25,2019,206,0,0.8107863664627075,0.3752860426902771,21.890000000000043,22.667740304129495,13.255752999441995,2.0575779506138394,0.07039154217185839,0.008503333957566639,11.578473091125488,73.94620513916016,372,104.40306508910551
2019-07-25,2019,206,0,0.7181683778762817,0.30950644612312317,27.07000000000005,23.32702244349889,11.896922956194203,1.5588248116629464,0.04830977961959704,0.004696131976022144,8.118481636047363,293.4017333984375,1113,232.59406699226017
2019-07-25,2019,206,0,0.7883284091949463,0.2638937532901764,24.950000000000045,21.407959420340433,11.674567522321468,2.031184605189732,0.08058751270713671,0.01173657301224651,4.460973262786865,213.90457153320312,530,50.99019513592785
2019-07-25,2019,206,0,0.5275626182556152,0.1682191789150238,27.49000000000001,22.579422433035745,12.681351143973245,2.0778067452566966,0.06499851391258105,0.014813051851167103,0.626201868057251,270,449,10
2019-07-29,2019,210,0,0.6702293753623962,0.30455049872398376,26.250000000000057,22.32365461077012,11.923440551757835,2.0829903738839284,0.05704482541026934,0.007091851265801807,4.188632488250732,296.23614501953125,869,89.44271909999159
2019-07-25,2019,206,0,0.6912114024162292,0.27484333515167236,26.450000000000045,24.890917532784613,12.853714425223245,1.6499154227120536,0.04541399226131304,0.005969555409325977,8.185847282409668,317.0088806152344,535,111.80339887498948
2019-07-25,2019,206,0,0.4814850091934204,0.08526378124952316,28.910000000000025,25.65197579520094,12.228422328404065,1.9589974539620536,0.03516705975475176,0.004771159322633167,1.1167511940002441,33.85800552368164,377,31.622776601683796
2019-07-25,2019,206,0,0.705398440361023,0.2613047957420349,28.03000000000003,23.32702244349889,11.896922956194203,1.5588248116629464,0.04830977961959704,0.004696131976022144,15.408987998962402,261.5565490722656,826,100
2019-07-25,2019,206,0,0.37053772807121277,-0.020823244005441666,31.980000000000018,23.28228585379469,13.11231384277346,2.1776035853794644,0.06071228430213793,0.014962614806069752,5.183504104614258,122.3661880493164,206,10
2019-07-25,2019,206,0,0.42602643370628357,0.2847957909107208,22.370000000000005,22.00182713099889,12.879950823102718,2.16900634765625,0.07758217201175555,0.009865449102296253,18.265594482421875,111.58280944824219,392,141.4213562373095
2019-07-25,2019,206,0,0.500169575214386,0.055847253650426865,26.150000000000034,22.543241664341565,11.695365251813655,1.7963671003069197,0.05310173973979815,0.006624372036828419,23.21816635131836,180,1485,322.49030993194197
2019-07-29,2019,210,0,0.7190876603126526,0.29236656427383423,27.400000000000034,23.19698050362723,12.535913085937523,1.8821956089564733,0.05502439186515673,0.009536044032945057,6.8194122314453125,246.04031372070312,651,92.19544457292886
2019-07-25,2019,206,0,0.6274389028549194,0.15444014966487885,27.360000000000014,23.372452218191995,12.43289446149555,1.6690477643694197,0.05659016117992266,0.00516352179802837,6.359104156494141,150.6355743408203,1061,44.721359549995796
2019-07-25,2019,206,0,0.30645841360092163,0.16200488805770874,23.83000000000004,22.00182713099889,12.879950823102718,2.16900634765625,0.07758217201175555,0.009865449102296253,9.940183639526367,270,410,111.80339887498948
2019-07-29,2019,210,0,0.7517884969711304,0.2779783308506012,28.03000000000003,21.457458932059183,11.705261666434183,1.993074689592634,0.08739205346050127,0.006343827875031849,8.601045608520508,225.9207763671875,197,22.360679774997898
2019-07-25,2019,206,0,0.6013390421867371,0.20771172642707825,25.670000000000016,23.951880754743343,12.686639404296898,1.672792707170759,0.06771089777889117,0.008956284554376026,23.124372482299805,271.0860290527344,1075,250.59928172283335
2019-07-29,2019,210,0,0.4344760775566101,0.1531825214624405,24.210000000000036,21.607043021065863,12.49183044433596,2.059659685407366,0.08619338915290697,0.0070777547673124275,13.366179466247559,285.8136901855469,748,114.0175425099138
2019-07-29,2019,210,0,0.8280764222145081,0.3042789101600647,28.370000000000005,22.32365461077012,11.923440551757835,2.0829903738839284,0.05704482541026934,0.007091851265801807,7.585066795349121,204.255126953125,917,128.06248474865697
2019-07-29,2019,210,0,0.8079776763916016,0.342166930437088,27.440000000000055,23.598131888253363,13.141303362165218,2.1572091238839284,0.05830515072288378,0.004644827278031727,2.850053548812866,347.2864685058594,745,161.24515496597098
2019-07-25,2019,206,0,0.8327786922454834,0.5267267227172852,25.960000000000036,20.642665754045765,11.83449271065848,2.280426025390625,0.08853898093643053,0.01037536683834972,5.855624675750732,161.27099609375,454,76.15773105863909
2019-07-25,2019,206,0,0.6756483912467957,0.15138940513134003,27.890000000000043,23.4738490513393,11.916175188337093,1.5808236258370536,0.04835378274860247,0.00392930331982555,17.532854080200195,284.8442687988281,963,203.9607805437114
2019-07-25,2019,206,0,0.48860013484954834,0.13199105858802795,26.07000000000005,24.36626804896764,13.855397251674106,2.151648385184152,0.059645078038595756,0.0053273004607099494,34.32854080200195,136.30296325683594,429,130
2019-07-25,2019,206,0,0.7004680037498474,0.23289452493190765,27.400000000000034,25.208673095703148,11.775731113978793,1.8633052280970983,0.03625792906226977,0.0026697975710767707,4.347595691680908,163.36758422851562,688,143.17821063276352
2019-07-29,2019,210,0,0.44295597076416016,0.3079797029495239,25.27000000000004,20.608483886718773,12.02037091936387,2.2186388288225447,0.08866094694080218,0.006851108105554005,9.751713752746582,333.48388671875,571,60
2019-07-29,2019,210,0,0.7116669416427612,0.2224067598581314,28.980000000000018,23.242192295619418,12.80967755998887,2.0073351178850447,0.05772105500640734,0.012766571076287647,0.6255363821983337,90,619,30
2019-07-29,2019,210,0,0.6099833846092224,0.12733209133148193,26.57000000000005,23.32702244349889,11.896922956194203,1.5588248116629464,0.04830977961959704,0.004696131976022144,22.133419036865234,208.88638305664062,1317,474.23622805517505
2019-07-25,2019,206,0,0.5795819163322449,0.05819080397486687,27.260000000000048,20.628344290597113,11.84870300292971,2.1943577357700894,0.08484343335571154,0.007684664161576649,10.20052433013916,66.11927032470703,747,92.19544457292886
2019-07-25,2019,206,0,0.8476454019546509,0.39927345514297485,24.130000000000052,20.628344290597113,11.84870300292971,2.1943577357700894,0.08484343335571154,0.007684664161576649,30.474008560180664,313.45208740234375,449,160.31219541881399
2019-07-25,2019,206,1,0.6212121248245239,0.12889908254146576,27.27000000000004,24.479542759486606,13.721950422014515,1.9175349644252233,0.06126577303352221,0.006161005528344532,19.834117889404297,160.47010803222656,627,130
2019-07-25,2019,206,1,0.5763918161392212,0.08898144960403442,27.27000000000004,24.479542759486606,13.721950422014515,1.9175349644252233,0.06126577303352221,0.006161005528344532,22.998083114624023,172.58091735839844,472,80
2019-07-29,2019,210,1,0.7753145694732666,0.3295865058898926,27.250000000000057,24.479542759486606,13.721950422014515,1.9175349644252233,0.06126577303352221,0.006161005528344532,18.266508102416992,248.4184112548828,580,143.17821063276352
2019-07-25,2019,206,1,0.4445044696331024,0.06306035071611404,27.250000000000057,24.479542759486606,13.721950422014515,1.9175349644252233,0.06126577303352221,0.006161005528344532,15.781132698059082,224.27647399902344,558,100
2020-09-19,2020,263,0,0.44333702325820923,0.03341740369796753,29.650000000000034,21.628076171875023,6.33562840053014,1.887955801827567,0.03568902338197688,0.0006588011975914299,20.42966079711914,222.370849609375,1377,711.6881339463234
2020-09-15,2020,259,0,0.5603745579719543,0.08236388862133026,30.03000000000003,23.218399483816995,11.300969151088168,1.6293367658342635,0.053036970145015516,0.0010764062400490104,3.047102451324463,335.8241271972656,64,30
2020-09-13,2020,257,0,0.6807165145874023,0.12343722581863403,25.130000000000052,21.844035993303578,10.388846697126155,2.0809555053710938,0.06499370659044246,0.0030168056483894645,3.242751359939575,180,459,10
2020-09-12,2020,256,0,0.7954627275466919,0.375339150428772,27.500000000000057,22.683600725446468,10.45365949358262,1.9511043003627233,0.06414982402971248,0.003024390339437133,13.881884574890137,291.11572265625,518,80.62257748298549
2020-09-15,2020,259,0,0.7941043376922607,0.2944277822971344,25.170000000000016,22.15374581473219,10.415216064453148,2.0553556169782365,0.06261814857175807,0.002644485234799987,26.847034454345703,16.3759708404541,508,311.44823004794875
2020-09-16,2020,260,0,0.6370050311088562,0.13475941121578217,33.31,23.906043352399593,5.776794869559183,2.1471873692103793,0.024582100159435072,0.00011674165684283366,19.11932373046875,316.36883544921875,761,170.88007490635061
2020-09-14,2020,258,0,0.6665211915969849,0.2493455559015274,30.690000000000055,21.730754743303578,8.701854596819203,2.013921465192522,0.06225980544736842,0.0033568054433494865,21.679977416992188,110.24991607666016,465,80
2020-09-15,2020,259,0,0.7814001441001892,0.27002254128456116,23.850000000000023,21.234155273437523,10.242325265066995,1.8686839512416296,0.06696824455907802,0.0038057923312813102,15.470837593078613,134.57493591308594,550,100
2020-09-06,2020,250,0,0.8582046627998352,0.35846439003944397,27.120000000000005,21.96797659737723,8.523623221261175,1.7142737252371651,0.032531124598293104,0.0019054472442299186,11.756067276000977,324.7593994140625,668,90
2020-09-16,2020,260,0,0.7917290925979614,0.22787828743457794,29.190000000000055,22.706403895786877,9.596717180524593,1.795398167201451,0.03773231530836085,0.0026794582601219474,2.5431840419769287,259.5003967285156,503,50.99019513592785
2020-09-18,2020,262,0,0.8466364145278931,0.3454715609550476,26.010000000000048,22.839087785993343,10.140250505719905,1.708205086844308,0.04501495981863002,0.0027450829740196525,3.261059284210205,106.5054702758789,405,116.61903789690601
2020-09-14,2020,258,0,0.6980510354042053,0.1398562788963318,27.700000000000045,22.77288643973219,10.07332545689178,1.9080657958984375,0.06469742680242518,0.0032644480462700187,12.627368927001953,20.057138442993164,661,197.2308292331602
2020-09-14,2020,258,0,0.3614591956138611,-0.14646577835083008,29.100000000000023,21.661329432896252,6.22094334193639,1.8944800240652901,0.026640114433078566,0.00042719244915545573,3.0453479290008545,155.8979034423828,949,20
2020-09-15,2020,259,0,0.6464188694953918,0.08814175426959991,29.05000000000001,22.177089582170765,8.2160365513393,1.6232332502092635,0.03547021473100642,0.0007170200343757926,15.826289176940918,106.59063720703125,1025,348.8552708502482
2020-09-15,2020,259,0,0.7469755411148071,0.25377771258354187,25.870000000000005,22.15374581473219,10.415216064453148,2.0553556169782365,0.06261814857175807,0.002644485234799987,6.508488178253174,50.31911849975586,650,178.88543819998318
2020-09-13,2020,257,0,0.8559994101524353,0.3324136435985565,27.890000000000043,21.96797659737723,8.523623221261175,1.7142737252371651,0.032531124598293104,0.0019054472442299186,12.835199356079102,337.46307373046875,571,60
2020-09-22,2020,266,0,0.6574440002441406,0.11921708285808563,21.110000000000014,21.232348196847113,10.678750610351585,1.8878675188337053,0.0705933394496725,0.003477266430440551,23.90673065185547,62.839962005615234,700,194.164878389476
2020-09-05,2020,249,0,0.6336936950683594,0.17412169277668,28.05000000000001,21.730754743303578,8.701854596819203,2.013921465192522,0.06225980544736842,0.0033568054433494865,7.610876083374023,14.264117240905762,842,283.1960451701259
2020-09-17,2020,261,0,0.5012912750244141,-0.02406267449259758,29.750000000000057,22.916850934709828,10.28169948032928,1.6672134399414062,0.052089405304698744,0.000529086589398986,14.295441627502441,259.0130920410156,512,182.4828759089466
2020-09-17,2020,261,0,0.7667027711868286,0.26181235909461975,24.230000000000018,22.79890921456473,10.410350690569203,1.653916495186942,0.04964478040388087,0.002573853730741149,18.484506607055664,101.1684799194336,744,100
2020-09-15,2020,259,0,0.7751216292381287,0.26836323738098145,28.370000000000005,22.794510323660745,10.459760829380627,1.5490493774414062,0.048955512291698255,0.0007408618922859489,5.5889892578125,318.1078796386719,549,80.62257748298549
2020-09-05,2020,249,0,0.35010480880737305,-0.1680450439453125,29.480000000000018,21.568006678990002,6.86408386230471,1.8431036812918526,0.04019571567228297,0.0008489996190697013,6.496443748474121,253.48219299316406,795,36.05551275463989
2020-09-12,2020,256,0,0.7866666913032532,0.33805570006370544,24.850000000000023,22.15374581473219,10.415216064453148,2.0553556169782365,0.06261814857175807,0.002644485234799987,24.38550567626953,28.968170166015625,372,231.94827009486403
2020-09-14,2020,258,0,0.6309118866920471,0.10965005308389664,28.400000000000034,21.581957571847113,7.754124668666293,1.7879279000418526,0.044995200878886976,0.0014261066909462272,17.413537979125977,289.601806640625,608,31.622776601683796
2020-09-15,2020,259,0,0.7636363506317139,0.22729773819446564,23.810000000000002,22.15374581473219,10.415216064453148,2.0553556169782365,0.06261814857175807,0.002644485234799987,4.166350364685059,180,689,240.20824298928628
2020-09-14,2020,258,0,0.4561842679977417,0.020366180688142776,30.130000000000052,25.341374424525668,5.66042262486053,2.268782479422433,0.019425493723659315,6.639063316882243e-05,10.01636791229248,29.460289001464844,751,148.66068747318505
2020-09-16,2020,260,0,0.48947951197624207,-0.05552977696061134,27.200000000000045,23.471191842215433,10.769640677315863,1.844653538295201,0.046487030631809034,0.003355956077161437,6.3983025550842285,282.5055236816406,386,0
2020-09-15,2020,259,0,0.634117066860199,0.1609492301940918,30.710000000000036,21.926675415039085,8.537138148716565,1.8924200875418526,0.05279159272363643,0.002344182133260375,17.346134185791016,204.9122772216797,586,78.10249675906654
2020-09-18,2020,262,0,0.5173482298851013,-0.04856254905462265,28.110000000000014,21.581957571847113,7.754124668666293,1.7879279000418526,0.044995200878886976,0.0014261066909462272,16.09793472290039,279.6875,786,130.384048104053
2020-09-16,2020,260,0,0.2911311089992523,-0.14323607087135315,26.52000000000004,22.155411202566995,9.130388968331488,1.444836207798549,0.0437335046594427,0.0007474184032112419,10.135542869567871,245.9530487060547,1116,385.8756276314948
2020-09-13,2020,257,0,0.7565582394599915,0.2180147022008896,25.05000000000001,21.850102451869418,8.712476893833752,1.6025968279157365,0.03794531250646571,0.0018027633424431144,12.676527976989746,25.894031524658203,752,193.13207915827968
2020-09-14,2020,258,0,0.7738981246948242,0.21456848084926605,25.600000000000023,22.12394757952012,7.7612134660993775,1.7068797520228796,0.02364201570203761,0.0010119140144020378,11.696764945983887,267.75946044921875,587,50.99019513592785
2020-09-16,2020,260,0,0.6086508631706238,0.10336708277463913,28.750000000000057,21.926675415039085,8.537138148716565,1.8924200875418526,0.05279159272363643,0.002344182133260375,29.889192581176758,277.28106689453125,601,84.85281374238569
2020-09-06,2020,250,0,0.4690191149711609,-0.03802422434091568,31.27000000000004,22.110511125837093,5.2052376883370925,2.123303004673549,0.030386772996692457,0.00021397173363268962,2.494302272796631,270,1004,158.11388300841895
2020-09-05,2020,249,0,0.6160903573036194,0.06043843552470207,25.470000000000027,20.355395071847113,5.467337908063655,1.8595657348632812,0.03905653680017451,0.0008584618564277946,9.922222137451172,267.3479919433594,1484,180.27756377319946
2020-09-22,2020,266,0,0.43580174446105957,-0.07740917801856995,28.610000000000014,22.916850934709828,10.28169948032928,1.6672134399414062,0.052089405304698744,0.000529086589398986,21.67763328552246,238.03396606445312,674,264.1968962724581
2020-09-06,2020,250,0,0.7201809287071228,0.2533278465270996,25.670000000000016,21.41622096470428,7.786466761997815,1.901080540248326,0.05127288127592067,0.002114927768293029,7.791176795959473,34.08943557739258,1338,294.27877939124323
2020-09-15,2020,259,0,0.5848628878593445,0.08250569552183151,24.910000000000025,21.73652038574221,8.263724626813655,1.4308504377092635,0.03846515441587428,0.0008167386050850212,19.202653884887695,332.0164489746094,1129,67.0820393249937
2020-09-13,2020,257,0,0.849419116973877,0.30300644040107727,29.03000000000003,19.850732421875023,6.5809461321150025,1.8201326642717635,0.04870484495809535,0.002190223335805541,7.116837501525879,315.4867858886719,801,114.0175425099138
2020-09-18,2020,262,0,0.34962227940559387,-0.08694598823785782,30.670000000000016,22.303351702008968,8.58294503348219,1.5885696411132812,0.04552094364812831,0.0005907475944191276,6.958646774291992,53.35640335083008,933,380.78865529319546
2020-09-22,2020,266,0,0.5695793032646179,0.07807724177837372,31.110000000000014,23.506982421875023,7.267031424386175,1.8788659232003349,0.026047510153560438,0.0001246988769203483,16.102069854736328,162.4199981689453,602,94.33981132056603
2020-09-15,2020,259,0,0.5241419672966003,0.04946925863623619,32.610000000000014,24.60687081473219,7.2743120465959805,1.9655053274972099,0.02116791630437831,9.19908280998527e-05,2.5340356826782227,100.5379867553711,677,31.622776601683796
2020-09-14,2020,258,0,0.672552764415741,0.12100939452648163,32.79000000000002,23.906043352399593,5.776794869559183,2.1471873692103793,0.024582100159435072,0.00011674165684283366,12.128194808959961,138.87559509277344,685,100
2020-09-18,2020,262,0,0.5714641809463501,0.08918765187263489,28.430000000000007,22.77288643973219,10.07332545689178,1.9080657958984375,0.06469742680242518,0.0032644480462700187,8.558645248413086,298.94879150390625,587,165.52945357246847
2020-09-14,2020,258,0,0.6142784953117371,0.10101785510778427,28.710000000000036,22.916850934709828,10.28169948032928,1.6672134399414062,0.052089405304698744,0.000529086589398986,18.258577346801758,261.5353698730469,382,114.0175425099138
2020-09-13,2020,257,0,0.6693138480186462,0.2895054519176483,24.07000000000005,21.94148733956473,10.621950857979925,1.9519860403878349,0.06480948353460292,0.003680413960996276,26.325637817382812,36.720985412597656,286,150
2020-09-14,2020,258,0,0.6884792447090149,0.23783783614635468,25.090000000000032,22.12714538574221,9.29872828892303,1.5103748866489954,0.043418076879291334,0.0016667902465492546,22.39027214050293,57.9633903503418,429,76.15773105863909
2020-09-13,2020,257,0,0.7856048345565796,0.23649221658706665,27.670000000000016,22.706403895786877,9.596717180524593,1.795398167201451,0.03773231530836085,0.0026794582601219474,18.484880447387695,330.6459045410156,409,42.426406871192846
2020-09-15,2020,259,0,0.7046616077423096,0.1833077073097229,31.890000000000043,20.752797154017856,6.7576429094587525,1.8071212768554688,0.038897407299785414,0.0016238450999885856,10.775583267211914,126.5406723022461,887,100
2020-09-25,2020,269,0,0.5365653038024902,-0.023498695343732834,28.53000000000003,19.91546456473219,5.80806666782928,1.8269991193498885,0.041511428601054945,0.0014854729171425163,28.644859313964844,186.88890075683594,1122,806.2257748298549
2020-09-05,2020,249,0,0.7160385847091675,0.1779921054840088,22.590000000000032,21.758429827008968,10.485977608816995,1.8321522303989954,0.06007031822851161,0.002952492236676818,4.792910575866699,164.8637237548828,748,30
2020-09-15,2020,259,0,0.46080759167671204,-0.0826306939125061,32.99000000000001,24.302741350446468,7.247223336356058,1.866440909249442,0.022419345623760023,0.00012151002842486491,10.669294357299805,292.74664306640625,950,98.48857801796103
2020-09-17,2020,261,0,0.7102986574172974,0.17114384472370148,23.99000000000001,21.844035993303578,10.388846697126155,2.0809555053710938,0.06499370659044246,0.0030168056483894645,4.570152282714844,335.6878967285156,539,156.20499351813308
2020-09-16,2020,260,0,0.4823448657989502,-0.05062761530280113,31.420000000000016,25.029236275809183,7.2031755719866055,1.9416275024414062,0.020366084820537367,5.992352921069255e-05,1.1167271137237549,146.14382934570312,422,113.13708498984761
2020-09-14,2020,258,0,0.6374419927597046,0.1536308228969574,27.690000000000055,22.12714538574221,9.29872828892303,1.5103748866489954,0.043418076879291334,0.0016667902465492546,10.817118644714355,207.17970275878906,623,28.284271247461902
2020-09-15,2020,259,0,0.5366555452346802,-0.00970468856394291,32.47000000000003,22.02001560756139,6.1943080357143,1.948223658970424,0.03598911786725978,0.00045636892277300944,3.62801456451416,239.29550170898438,979,85.44003745317531
2020-09-16,2020,260,0,0.4937520921230316,0.002997176954522729,30.970000000000027,22.62325221470428,6.105499703543558,2.0553621564592635,0.03139804030111293,0.00014298260170519939,15.691803932189941,198.05596923828125,959,219.3171219946131
2020-09-15,2020,259,0,0.6571428775787354,0.17866215109825134,31.110000000000014,22.3356654575893,7.439091709681918,1.8174732753208704,0.030659985787181654,0.0008100181813865959,26.760860443115234,294.6649169921875,743,130
2020-09-13,2020,257,0,0.4575698971748352,0.017326487228274345,32.13000000000005,23.751467459542425,5.227001081194203,2.218755449567522,0.023760777956752577,0.00018893778282702556,13.648222923278809,180,1029,257.0992026436488
2020-09-17,2020,261,0,0.6512644290924072,0.18785107135772705,28.650000000000034,22.137562779017856,8.292241123744418,1.820514133998326,0.037210774666576185,0.0019390344615608512,4.669153213500977,352.3121032714844,877,269.2582403567252
2020-09-05,2020,249,0,0.39700332283973694,-0.06186902895569801,33.97000000000003,21.926675415039085,8.537138148716565,1.8924200875418526,0.05279159272363643,0.002344182133260375,29.346948623657227,198.17617797851562,526,80.62257748298549
2020-09-13,2020,257,0,0.2561284899711609,-0.0819254070520401,32.75000000000006,25.21700003487723,5.322623552594905,2.3635286603655135,0.021791917330531874,8.315443951190105e-05,9.067610740661621,72.28440856933594,784,167.63054614240212
2020-09-12,2020,256,0,0.5113636255264282,0.017500000074505806,32.670000000000016,21.85595310756139,6.404718017578148,1.947526114327567,0.03720719838788966,0.0005533158775001823,11.77968692779541,96.68645477294922,942,143.17821063276352
2020-09-14,2020,258,0,0.5185402035713196,-0.01721140183508396,28.650000000000034,21.97210518973219,8.703753226143988,1.9014184134347099,0.054222119099406996,0.0025898426767021476,4.008166313171387,69.72453308105469,474,107.70329614269008
2020-09-14,2020,258,0,0.4807870090007782,0.010255452245473862,31.710000000000036,24.60687081473219,7.2743120465959805,1.9655053274972099,0.02116791630437831,9.19908280998527e-05,18.69137191772461,285.2580261230469,549,31.622776601683796
2020-09-15,2020,259,0,0.8029940128326416,0.23021122813224792,28.470000000000027,22.560619245256703,8.499481637137308,1.775313241141183,0.028270212060718336,0.0016259461637169181,5.582226276397705,186.41018676757812,681,101.9803902718557
2020-09-17,2020,261,0,0.3444882035255432,-0.09214270114898682,34.110000000000014,22.05608956473219,6.59649265834264,1.842787606375558,0.02419094467809657,0.00035565197426379314,20.365829467773438,95.00337219238281,888,269.2582403567252
2020-09-05,2020,249,0,0.5904783010482788,0.06967750191688538,28.630000000000052,21.703618076869418,7.981201607840433,1.5111727033342635,0.03263288462808589,0.0009379744525581657,13.986428260803223,224.36474609375,591,100
2020-09-12,2020,256,0,0.6896221041679382,0.16550245881080627,27.870000000000005,22.437160382952015,9.42177298409598,1.850722176688058,0.04426429892232875,0.002995243668141967,5.1258955001831055,187.0095977783203,539,50
2020-09-14,2020,258,0,0.42850029468536377,-0.07690782099962234,26.99000000000001,22.436669921875023,10.56798924037389,2.0059661865234375,0.06336351955583552,0.002772828936162597,3.0503928661346436,155.68655395507812,427,44.721359549995796
2020-09-18,2020,262,0,0.8067736029624939,0.2756103575229645,27.53000000000003,22.136503383091565,8.421502685546898,1.746779305594308,0.02941490436246852,0.0018344432111412345,9.309442520141602,272.83013916015625,635,72.11102550927978
2020-09-25,2020,269,0,0.8031704425811768,0.2542800307273865,26.57000000000005,21.694482421875023,8.70170636858262,1.8483788626534599,0.0567901852195547,0.0027334302659660636,14.570530891418457,355.1596374511719,991,261.72504656604804
2020-09-05,2020,249,0,0.8639492988586426,0.3571842908859253,25.05000000000001,22.839087785993343,10.140250505719905,1.708205086844308,0.04501495981863002,0.0027450829740196525,8.38044548034668,188.5271453857422,517,85.44003745317531
2020-09-14,2020,258,0,0.8163884878158569,0.2700265347957611,25.77000000000004,21.6696498325893,6.6307747977120925,1.8290982927594865,0.024865490443019667,0.000598049163404113,28.071670532226562,92.60955810546875,1117,223.60679774997897
2020-09-15,2020,259,0,0.715837836265564,0.11727891117334366,29.27000000000004,21.211502511160745,8.04369942801344,2.052587236676897,0.06092279875925044,0.003286144136968261,44.88559341430664,97.47077178955078,684,237.06539182259394
2020-09-05,2020,249,0,0.7314323782920837,0.18327389657497406,27.450000000000045,20.999647303990002,4.85126647949221,1.9845613752092635,0.0349311205213354,0.0005168229337364494,5.717142105102539,310.2980651855469,1001,148.66068747318505
2020-09-21,2020,265,0,0.5687623023986816,-0.02143757790327072,27.610000000000014,21.85595310756139,6.404718017578148,1.947526114327567,0.03720719838788966,0.0005533158775001823,2.97916841506958,38.957542419433594,924,90.55385138137417
2020-09-21,2020,265,0,0.5183321237564087,0.0317537859082222,24.78000000000003,22.21714826311387,7.450243704659613,1.757037571498326,0.0223871889179037,0.000816172360959655,5.6608686447143555,333.92242431640625,853,164.92422502470643
2020-09-05,2020,249,0,0.7076295614242554,0.17817673087120056,30.29000000000002,20.999647303990002,4.85126647949221,1.9845613752092635,0.0349311205213354,0.0005168229337364494,5.2528533935546875,151.68702697753906,1142,102.95630140987001
2020-09-22,2020,266,0,0.2718749940395355,-0.20000000298023224,26.980000000000018,21.967619105747815,7.3091195242745925,1.8288345336914062,0.03360798681428889,0.0006171822543770134,9.218160629272461,110.43294525146484,1124,412.31056256176606
2020-09-13,2020,257,0,0.6391851305961609,0.12288951128721237,27.930000000000007,22.155411202566995,9.130388968331488,1.444836207798549,0.0437335046594427,0.0007474184032112419,19.54434585571289,297.1297302246094,538,111.80339887498948
2020-09-12,2020,256,0,0.4139981269836426,-0.06311456859111786,31.78000000000003,22.566692243303578,7.439383806501155,1.7865022931780135,0.022321921831874647,0.0005355089898735343,5.236892223358154,193.74203491210938,862,53.85164807134504
2020-09-14,2020,258,0,0.5127111077308655,0.018724190071225166,22.350000000000023,21.758429827008968,10.485977608816995,1.8321522303989954,0.06007031822851161,0.002952492236676818,14.473861694335938,160.16473388671875,871,162.78820596099706
2020-09-15,2020,259,0,0.27619820833206177,-0.1826217770576477,28.620000000000005,22.137562779017856,8.292241123744418,1.820514133998326,0.037210774666576185,0.0019390344615608512,3.1289570331573486,270,513,130
2020-09-14,2020,258,0,0.7807227373123169,0.2922957241535187,25.930000000000007,22.960525948660745,11.28450709751678,1.686535426548549,0.05425353074720363,0.0007546603675514518,10.1112642288208,47.09326934814453,479,76.15773105863909
2020-09-16,2020,260,0,0.7576041221618652,0.28850772976875305,25.730000000000018,22.12394757952012,7.7612134660993775,1.7068797520228796,0.02364201570203761,0.0010119140144020378,15.7496919631958,284.9688720703125,990,241.86773244895647
2020-09-15,2020,259,0,0.588652491569519,0.06746827065944672,24.090000000000032,22.694556535993343,10.84256243024555,1.8084923880440849,0.05609084392240504,0.0033898562188774406,18.48585319519043,316.5769348144531,334,94.33981132056603
2020-09-12,2020,256,0,0.6364715099334717,0.046918630599975586,27.130000000000052,20.434649222237738,7.27968532017303,1.814373561314174,0.047440585738925733,0.0024161547418266593,6.685941696166992,34.049522399902344,956,228.25424421026653
2020-09-15,2020,259,0,0.5814162492752075,0.024461355060338974,27.610000000000014,20.732605416434183,6.638883754185315,1.7996466500418526,0.043484387046603956,0.0012382179494530021,20.007007598876953,240.72218322753906,1256,329.84845004941286
2020-09-12,2020,256,0,0.3851771354675293,-0.023039108142256737,26.32000000000005,22.694556535993343,10.84256243024555,1.8084923880440849,0.05609084392240504,0.0033898562188774406,13.321822166442871,61.40994644165039,469,89.44271909999159
2020-09-14,2020,258,0,0.7286446690559387,0.20691226422786713,17.82000000000005,21.16817408970428,10.879924665178578,1.9586922781808036,0.0782626988952444,0.004127553104940063,9.299330711364746,110.24347686767578,617,56.568542494923804
2020-09-14,2020,258,0,0.7652313709259033,0.20498418807983398,26.78000000000003,21.53343244280137,10.57781590053014,2.174159458705357,0.07199696922948817,0.003369277715268737,12.310179710388184,306.40179443359375,639,107.70329614269008
2020-09-16,2020,260,0,0.6273520588874817,0.17477664351463318,25.870000000000005,21.94148733956473,10.621950857979925,1.9519860403878349,0.06480948353460292,0.003680413960996276,15.062444686889648,187.0234832763672,477,166.43316977093238
2020-09-14,2020,258,0,0.6583821177482605,0.1795661449432373,30.370000000000005,21.730754743303578,8.701854596819203,2.013921465192522,0.06225980544736842,0.0033568054433494865,5.018157958984375,90,483,142.12670403551894
2020-09-17,2020,261,0,0.7859639525413513,0.27130547165870667,22.970000000000027,22.049600219726585,8.025367082868343,1.6291187831333704,0.0269810530011938,0.0010592103000313102,14.233263969421387,279.180419921875,666,82.46211251235322
2020-09-15,2020,259,0,0.5357875227928162,0.04452139884233475,26.130000000000052,21.73652038574221,8.263724626813655,1.4308504377092635,0.03846515441587428,0.0008167386050850212,5.065710067749023,280.5220947265625,1245,60.82762530298219
2020-09-15,2020,259,0,0.6114605069160461,0.09462713450193405,25.870000000000005,22.15374581473219,10.415216064453148,2.0553556169782365,0.06261814857175807,0.002644485234799987,17.701126098632812,215.75601196289062,165,56.568542494923804
2020-09-14,2020,258,0,0.559114933013916,-0.009760873392224312,28.470000000000027,21.916580636160745,8.77276436941969,1.9041126796177454,0.05558368290117244,0.0027586877341896354,4.85997200012207,211.04837036132812,949,63.24555320336759
2020-09-12,2020,256,0,0.5261051058769226,0.02102929912507534,24.05000000000001,22.598698643275668,10.744066946847113,1.6901321411132812,0.05414150381734828,0.002145460247579223,6.358797073364258,209.35946655273438,526,20
2020-09-15,2020,259,0,0.8068748116493225,0.31093692779541016,23.410000000000025,22.79890921456473,10.410350690569203,1.653916495186942,0.04964478040388087,0.002573853730741149,17.037220001220703,273.028076171875,157,40
2020-09-15,2020,259,0,0.7787846326828003,0.23615771532058716,23.210000000000036,22.12394757952012,7.7612134660993775,1.7068797520228796,0.02364201570203761,0.0010119140144020378,15.863456726074219,274.90179443359375,609,70
2020-09-13,2020,257,0,0.7432129383087158,0.2242625653743744,25.310000000000002,21.41622096470428,7.786466761997815,1.901080540248326,0.05127288127592067,0.002114927768293029,14.384696960449219,296.2200927734375,1259,192.35384061671343
2020-09-15,2020,259,0,0.855434775352478,0.3168506920337677,25.80000000000001,21.850102451869418,8.712476893833752,1.6025968279157365,0.03794531250646571,0.0018027633424431144,26.912612915039062,351.3416748046875,216,180.27756377319946
2020-09-15,2020,259,0,0.5275552868843079,0.10298097133636475,31.060000000000002,21.41622096470428,7.786466761997815,1.901080540248326,0.05127288127592067,0.002114927768293029,3.30277156829834,169.04843139648438,320,20
2020-09-16,2020,260,0,0.5857018232345581,0.17163203656673431,25.83000000000004,19.91546456473219,5.80806666782928,1.8269991193498885,0.041511428601054945,0.0014854729171425163,22.55464744567871,292.9393005371094,1463,564.3580423808985
2020-09-06,2020,250,0,0.5076571106910706,-0.030257046222686768,24.510000000000048,20.999647303990002,4.85126647949221,1.9845613752092635,0.0349311205213354,0.0005168229337364494,10.070954322814941,280.5032043457031,1397,326.49655434629017
2020-09-14,2020,258,0,0.7032049298286438,0.1738584041595459,27.58000000000004,24.22601143973219,6.556712995256703,2.036096845354353,0.022375118977336683,7.281303364337077e-05,7.217114448547363,59.247589111328125,751,100
2020-09-15,2020,259,0,0.7150806784629822,0.22278186678886414,27.79000000000002,22.740173775809183,10.418256923130627,1.956219264439174,0.052658286935596266,0.0031221419568687736,17.762516021728516,277.2576599121094,159,120.41594578792296
2020-09-14,2020,258,0,0.5809524059295654,0.11862527579069138,22.220000000000027,21.94148733956473,10.621950857979925,1.9519860403878349,0.06480948353460292,0.003680413960996276,16.766117095947266,186.2643280029297,370,107.70329614269008
2020-09-14,2020,258,0,0.7973043322563171,0.2807525396347046,28.05000000000001,22.86237487792971,9.884179687500023,1.7794243948800224,0.04065270448377589,0.0027665853496223747,7.236215591430664,59.338497161865234,445,36.05551275463989
2020-09-13,2020,257,0,0.5546463131904602,0.03313162550330162,28.890000000000043,20.999647303990002,4.85126647949221,1.9845613752092635,0.0349311205213354,0.0005168229337364494,9.27688217163086,172.32235717773438,1413,255.53864678361276
2020-09-14,2020,258,0,0.6972442269325256,0.17595615983009338,25.03000000000003,21.232348196847113,10.678750610351585,1.8878675188337053,0.0705933394496725,0.003477266430440551,12.259634017944336,135.04901123046875,540,194.164878389476
2020-09-15,2020,259,0,0.4710865020751953,-0.047768644988536835,33.57000000000005,22.02001560756139,6.1943080357143,1.948223658970424,0.03598911786725978,0.00045636892277300944,5.851508617401123,198.60891723632812,1140,100
2020-09-14,2020,258,0,0.40269342064857483,-0.09600997716188431,26.510000000000048,21.73652038574221,8.263724626813655,1.4308504377092635,0.03846515441587428,0.0008167386050850212,10.637951850891113,80.0746078491211,825,111.80339887498948
2020-09-14,2020,258,0,0.6676156520843506,0.10348953306674957,28.810000000000002,22.437160382952015,9.42177298409598,1.850722176688058,0.04426429892232875,0.002995243668141967,11.854034423828125,290.3072204589844,617,110.45361017187261
2020-09-22,2020,266,0,0.2034761756658554,-0.06886158138513565,27.970000000000027,23.790388270786877,11.221170043945335,1.8271451677594865,0.04940704727819423,0.003442740439954406,10.1895751953125,76.98802947998047,315,161.24515496597098
2020-09-05,2020,249,0,0.5961344838142395,0.0970834270119667,29.53000000000003,23.378076171875023,7.950287301199808,1.8184716360909599,0.022200030333308973,0.0002578407521873771,2.399914264678955,164.9293212890625,813,226.27416997969522
2020-09-17,2020,261,0,0.8340318202972412,0.27781447768211365,25.80000000000001,22.437160382952015,9.42177298409598,1.850722176688058,0.04426429892232875,0.002995243668141967,7.794072151184082,219.76092529296875,623,92.19544457292886
2020-09-15,2020,259,0,0.6512481570243835,0.16498316824436188,26.890000000000043,23.504266357421898,11.230085536411877,1.807361057826451,0.05259324336698512,0.0034732282157570182,19.08660125732422,293.431640625,297,107.70329614269008
2020-09-14,2020,258,0,0.6187692880630493,0.09354205429553986,29.03000000000003,21.916580636160745,8.77276436941969,1.9041126796177454,0.05558368290117244,0.0027586877341896354,10.125039100646973,197.86058044433594,869,10
2020-09-28,2020,272,0,0.7458239793777466,0.20646284520626068,25.760000000000048,22.757608032226585,11.440196881975453,1.768047877720424,0.058389124519138136,0.0016441702838569938,15.289678573608398,198.66053771972656,93,58.309518948453004
2020-09-18,2020,262,0,0.6410256624221802,0.07253208011388779,27.52000000000004,19.91546456473219,5.80806666782928,1.8269991193498885,0.041511428601054945,0.0014854729171425163,27.347291946411133,82.8077392578125,1310,587.2818744010409
2020-09-15,2020,259,0,0.712801456451416,0.10272336006164551,29.090000000000032,21.628076171875023,6.33562840053014,1.887955801827567,0.03568902338197688,0.0006588011975914299,30.167930603027344,84.4063720703125,996,720.0694410957876
2020-09-13,2020,257,0,0.6914634108543396,0.14141646027565002,19.99000000000001,20.943139648437523,10.457354300362738,2.035130092075893,0.07612466538598994,0.003994530438962585,4.4877610206604,101.902587890625,646,120.41594578792296
2020-09-19,2020,263,0,0.6644737124443054,0.1497606635093689,26.55000000000001,22.177089582170765,8.2160365513393,1.6232332502092635,0.03547021473100642,0.0007170200343757926,13.229358673095703,329.3983459472656,336,70
2020-09-15,2020,259,0,0.5599188804626465,0.050160981714725494,23.970000000000027,21.94148733956473,10.621950857979925,1.9519860403878349,0.06480948353460292,0.003680413960996276,19.56382942199707,260.826171875,507,166.43316977093238
2020-09-17,2020,261,0,0.5310790538787842,0.03788047656416893,23.79000000000002,21.758429827008968,10.485977608816995,1.8321522303989954,0.06007031822851161,0.002952492236676818,17.02356719970703,131.36666870117188,591,28.284271247461902
2020-09-15,2020,259,0,0.41632309556007385,0.011040094308555126,28.090000000000032,20.752797154017856,6.7576429094587525,1.8071212768554688,0.038897407299785414,0.0016238450999885856,7.695850849151611,283.862060546875,916,56.568542494923804
2020-09-14,2020,258,0,0.5437411069869995,-0.01872527226805687,31.83000000000004,22.85296456473219,8.462507411411877,1.798053196498326,0.02844264829805354,0.0013420492406517326,0.9274099469184875,0,621,102.95630140987001
2020-09-13,2020,257,0,0.7055002450942993,0.19914738833904266,25.130000000000052,22.839087785993343,10.140250505719905,1.708205086844308,0.04501495981863002,0.0027450829740196525,9.746827125549316,333.5426330566406,317,14.142135623730951
2020-09-15,2020,259,0,0.6469131708145142,0.15624366700649261,27.950000000000045,22.137562779017856,8.292241123744418,1.820514133998326,0.037210774666576185,0.0019390344615608512,4.500484943389893,223.9603729248047,594,98.48857801796103
2020-09-17,2020,261,0,0.7970933318138123,0.3097712993621826,24.27000000000004,21.844035993303578,10.388846697126155,2.0809555053710938,0.06499370659044246,0.0030168056483894645,5.239232063293457,193.84686279296875,549,80.62257748298549
2020-09-14,2020,258,0,0.7541984915733337,0.24936571717262268,24.680000000000007,23.504266357421898,11.230085536411877,1.807361057826451,0.05259324336698512,0.0034732282157570182,9.972736358642578,34.049522399902344,327,100.4987562112089
2020-09-15,2020,259,0,0.637378990650177,0.23426465690135956,27.150000000000034,21.926675415039085,8.537138148716565,1.8924200875418526,0.05279159272363643,0.002344182133260375,8.722323417663574,68.32791137695312,1123,167.63054614240212
2020-09-21,2020,265,0,0.5184603333473206,0.09425417333841324,27.630000000000052,23.506982421875023,7.267031424386175,1.8788659232003349,0.026047510153560438,0.0001246988769203483,16.288005828857422,175.72389221191406,592,174.6424919657298
2020-09-14,2020,258,0,0.621052622795105,0.09721706807613373,27.53000000000003,22.574836077008968,9.222508457728793,1.6000093732561385,0.05074619973352412,0.0005274921651512443,4.459903240203857,213.88401794433594,523,120.41594578792296
2020-09-12,2020,256,0,0.6288570165634155,0.015249538235366344,30.890000000000043,22.3356654575893,7.439091709681918,1.8174732753208704,0.030659985787181654,0.0008100181813865959,6.839756011962891,270,678,120.41594578792296
2020-09-05,2020,249,0,0.5806848406791687,0.025082116946578026,26.55000000000001,23.790388270786877,11.221170043945335,1.8271451677594865,0.04940704727819423,0.003442740439954406,13.002025604248047,263.9637145996094,446,120.83045973594572
2020-09-13,2020,257,0,0.8078268766403198,0.24901990592479706,27.340000000000032,21.656815011160745,9.125255475725453,1.880779811314174,0.05607863987138728,0.002558684348645812,6.273059368133545,265.7774353027344,532,44.721359549995796
2020-09-16,2020,260,0,0.4548986852169037,-0.06275701522827148,25.510000000000048,20.434649222237738,7.27968532017303,1.814373561314174,0.047440585738925733,0.0024161547418266593,2.3390276432037354,126.47430419921875,920,145.60219778561037
2020-09-17,2020,261,0,0.6734412908554077,0.14223061501979828,25.650000000000034,22.049600219726585,8.025367082868343,1.6291187831333704,0.0269810530011938,0.0010592103000313102,7.208799839019775,108.66010284423828,789,60
2020-09-17,2020,261,0,0.383920818567276,-0.045441608875989914,26.930000000000007,22.155411202566995,9.130388968331488,1.444836207798549,0.0437335046594427,0.0007474184032112419,21.988027572631836,32.65918731689453,986,270.1851217221259
2020-09-16,2020,260,0,0.7487179636955261,0.27473559975624084,26.77000000000004,22.683600725446468,10.45365949358262,1.9511043003627233,0.06414982402971248,0.003024390339437133,3.4349141120910645,66.13752746582031,405,128.06248474865697
2020-09-15,2020,259,0,0.5216838121414185,-0.06834068149328232,32.120000000000005,22.566692243303578,7.439383806501155,1.7865022931780135,0.022321921831874647,0.0005355089898735343,5.165283679962158,105.581787109375,912,106.3014581273465
2020-09-14,2020,258,0,0.8111374974250793,0.3059645891189575,26.57000000000005,22.825553240094905,9.37852521623887,1.8135430472237724,0.03592195833375911,0.002514979242864257,4.566694259643555,24.215490341186523,666,123.6931687685298
2020-09-21,2020,265,0,0.5770447254180908,-0.04809122532606125,28.49000000000001,21.85595310756139,6.404718017578148,1.947526114327567,0.03720719838788966,0.0005533158775001823,20.427494049072266,85.01313018798828,853,111.80339887498948
2020-09-16,2020,260,0,0.3783298134803772,-0.08981817215681076,29.230000000000018,22.488111659458752,8.209106881277933,1.7785110473632812,0.042942118889598646,0.0004930704827934562,16.682497024536133,19.04010009765625,771,412.31056256176606
2020-09-15,2020,259,0,0.481210857629776,-0.01476875226944685,25.250000000000057,22.303351702008968,8.58294503348219,1.5885696411132812,0.04552094364812831,0.0005907475944191276,13.975761413574219,231.83656311035156,564,130.384048104053
2020-09-20,2020,264,0,0.5354959964752197,0.017754055559635162,16.840000000000032,21.232348196847113,10.678750610351585,1.8878675188337053,0.0705933394496725,0.003477266430440551,15.480186462402344,303.7294616699219,914,262.48809496813374
2020-09-14,2020,258,0,0.788156270980835,0.24088972806930542,27.380000000000052,21.916580636160745,8.77276436941969,1.9041126796177454,0.05558368290117244,0.0027586877341896354,2.2389323711395264,214.0969696044922,874,72.80109889280519
2020-09-15,2020,259,0,0.6469447016716003,0.08475298434495926,29.140000000000043,21.581957571847113,7.754124668666293,1.7879279000418526,0.044995200878886976,0.0014261066909462272,11.381959915161133,22.369281768798828,709,36.05551275463989
2020-09-18,2020,262,0,0.8210790157318115,0.277583509683609,24.450000000000045,22.437160382952015,9.42177298409598,1.850722176688058,0.04426429892232875,0.002995243668141967,14.819307327270508,287.8137512207031,733,161.24515496597098
2020-09-16,2020,260,0,0.7310665249824524,0.24171681702136993,24.190000000000055,22.79890921456473,10.410350690569203,1.653916495186942,0.04964478040388087,0.002573853730741149,14.631524085998535,352.7909240722656,161,72.80109889280519
2020-09-05,2020,249,0,0.8620457649230957,0.3788610100746155,23.670000000000016,22.78691144670762,11.150615583147328,1.9534857613699776,0.0618643435304449,0.003487056493344909,22.001667022705078,47.07289505004883,300,58.309518948453004
2020-09-17,2020,261,0,0.6743007302284241,0.1894393116235733,28.53000000000003,22.640126255580356,10.133033098493343,1.530045645577567,0.04845581675222377,0.0014150947328239738,14.841031074523926,278.7850341796875,70,20
2020-09-14,2020,258,0,0.6769651770591736,0.2641509473323822,29.870000000000005,22.406815011160745,9.523614501953148,1.9521473475864954,0.06349898601224879,0.0033124148841530143,16.925329208374023,303.9559020996094,535,108.16653826391969
2020-09-14,2020,258,0,0.6337465047836304,0.08066648989915848,24.590000000000032,20.2516810825893,5.961334664481058,1.8531483241489954,0.042101171857623854,0.0013134241099983512,20.98349380493164,198.2579345703125,1393,216.33307652783938
2020-09-18,2020,262,0,0.4517758786678314,-0.01811327412724495,31.710000000000036,22.05608956473219,6.59649265834264,1.842787606375558,0.02419094467809657,0.00035565197426379314,6.494349479675293,354.5144958496094,810,116.61903789690601
2020-09-17,2020,261,0,0.6868731379508972,0.1918925791978836,22.980000000000018,21.234155273437523,10.242325265066995,1.8686839512416296,0.06696824455907802,0.0038057923312813102,11.815351486206055,51.75224304199219,794,136.01470508735443
2020-09-12,2020,256,0,0.5008665323257446,-0.012863913550972939,26.210000000000036,22.155411202566995,9.130388968331488,1.444836207798549,0.0437335046594427,0.0007474184032112419,4.851156711578369,329.1258544921875,1175,275.13632984395207
2020-09-14,2020,258,0,0.6453801989555359,0.09698565304279327,26.960000000000036,23.104462105887308,9.06569388253348,1.7574451991489954,0.05422702158143977,0.00036444365936816325,14.661227226257324,303.8397521972656,696,241.66091947189145
2020-09-25,2020,269,0,0.5239951610565186,0.013024665415287018,32.27000000000004,23.992523629324808,6.06675763811387,2.0884170532226562,0.025252264982967176,5.208551842272868e-05,5.690584182739258,240.83331298828125,911,100
2020-09-16,2020,260,0,0.48739755153656006,-0.12422481924295425,25.190000000000055,22.136503383091565,8.421502685546898,1.746779305594308,0.02941490436246852,0.0018344432111412345,6.372103691101074,282.5582275390625,915,225.61028345356956
2020-09-14,2020,258,0,0.721829891204834,0.20515285432338715,27.120000000000005,21.62249581473219,6.539032418387308,1.8468311854771204,0.03368977928808192,0.0007495641704231559,12.228019714355469,224.7977752685547,958,72.11102550927978
2020-09-18,2020,262,0,0.7013381719589233,0.23026171326637268,24.010000000000048,22.839087785993343,10.140250505719905,1.708205086844308,0.04501495981863002,0.0027450829740196525,9.004644393920898,304.182861328125,497,41.23105625617661
2020-09-19,2020,263,0,0.7604519724845886,0.23415610194206238,25.660000000000025,20.732605416434183,6.638883754185315,1.7996466500418526,0.043484387046603956,0.0012382179494530021,20.3900203704834,319.6531677246094,863,31.622776601683796
2020-09-13,2020,257,0,0.7159706354141235,0.15292483568191528,30.470000000000027,21.97210518973219,8.703753226143988,1.9014184134347099,0.054222119099406996,0.0025898426767021476,9.666131019592285,183.69052124023438,473,190.26297590440447
2020-09-18,2020,262,0,0.8023674488067627,0.27840057015419006,28.53000000000003,22.77288643973219,10.07332545689178,1.9080657958984375,0.06469742680242518,0.0032644480462700187,21.997020721435547,10.95782470703125,255,177.2004514666935
2020-09-05,2020,249,0,0.5729554891586304,0.06612502038478851,34.08000000000004,22.85296456473219,8.462507411411877,1.798053196498326,0.02844264829805354,0.0013420492406517326,2.317462682723999,180,624,0
2020-09-05,2020,249,0,0.706275224685669,0.13696801662445068,29.090000000000032,20.999647303990002,4.85126647949221,1.9845613752092635,0.0349311205213354,0.0005168229337364494,19.442249298095703,56.61127471923828,1368,202.23748416156684
2020-09-19,2020,263,0,0.6727315783500671,0.13259083032608032,26.900000000000034,23.10882393973219,6.6490068708147305,1.9263905116489954,0.029262152559070387,9.58055253654777e-05,7.481315612792969,189.5464324951172,781,92.19544457292886
2020-09-15,2020,259,0,0.705649733543396,0.17419670522212982,29.430000000000007,23.610600498744418,10.659807913643988,1.8424061366489954,0.061518949515132704,0.00029934048611224284,16.72828483581543,316.6446838378906,65,41.23105625617661
2020-09-21,2020,265,0,0.3367975950241089,-0.11538147181272507,25.850000000000023,22.303351702008968,8.58294503348219,1.5885696411132812,0.04552094364812831,0.0005907475944191276,23.634714126586914,182.8496856689453,1021,336.00595232822883
2020-09-18,2020,262,0,0.3625057637691498,-0.13421283662319183,31.590000000000032,23.179694475446468,8.460297066824808,1.821030752999442,0.028640252596645155,0.001058256625714904,1.390963077545166,180,637,0
2020-09-19,2020,263,0,0.6869959235191345,0.17221352458000183,31.150000000000034,22.05608956473219,6.59649265834264,1.842787606375558,0.02419094467809657,0.00035565197426379314,13.78491497039795,297.5071105957031,998,224.7220505424423
2020-09-15,2020,259,0,0.7973568439483643,0.32072538137435913,24.49000000000001,21.610304042271252,11.630107770647328,1.9890245710100447,0.0815494033162878,0.004125899076047546,8.348616600036621,243.81753540039062,417,72.80109889280519
2020-09-19,2020,263,0,0.7416020631790161,0.18061502277851105,24.33000000000004,22.049600219726585,8.025367082868343,1.6291187831333704,0.0269810530011938,0.0010592103000313102,3.7664778232574463,277.0622253417969,555,104.40306508910551
2020-09-11,2020,255,0,0.3863822817802429,-0.1979345977306366,29.160000000000025,21.568006678990002,6.86408386230471,1.8431036812918526,0.04019571567228297,0.0008489996190697013,7.093214511871338,105.08059692382812,935,161.24515496597098
2020-09-14,2020,258,0,0.6179736256599426,0.09066638350486755,29.870000000000005,23.097874668666293,10.137944248744418,1.8627046857561385,0.04372650111368159,0.003257474302831298,5.725135803222656,49.77018356323242,390,58.309518948453004
2020-09-05,2020,249,0,0.632207453250885,0.0475994236767292,29.350000000000023,21.568006678990002,6.86408386230471,1.8431036812918526,0.04019571567228297,0.0008489996190697013,6.0386061668396,174.07550048828125,786,120.41594578792296
2020-09-25,2020,269,0,0.6445567607879639,0.1210889220237732,31.950000000000045,23.992523629324808,6.06675763811387,2.0884170532226562,0.025252264982967176,5.208551842272868e-05,23.055688858032227,240.36773681640625,705,123.6931687685298
2020-09-15,2020,259,0,0.75527423620224,0.22889506816864014,27.150000000000034,22.740173775809183,10.418256923130627,1.956219264439174,0.052658286935596266,0.0031221419568687736,6.93809700012207,97.64453887939453,342,101.9803902718557
2020-09-14,2020,258,0,0.8222222328186035,0.3753753900527954,26.130000000000052,21.57833033970428,11.56253313337055,1.997591291155134,0.075154257065563,0.0031131565566688835,6.840433120727539,113.88072967529297,537,82.46211251235322
2020-09-15,2020,259,0,0.6569642424583435,0.06441289931535721,27.730000000000018,21.6696498325893,6.6307747977120925,1.8290982927594865,0.024865490443019667,0.000598049163404113,13.713126182556152,233.3411102294922,1183,158.11388300841895
2020-09-18,2020,262,0,0.7090651988983154,0.2061351239681244,23.610000000000014,21.94148733956473,10.621950857979925,1.9519860403878349,0.06480948353460292,0.003680413960996276,18.27605628967285,105.63975524902344,465,125.29964086141668
2020-09-15,2020,259,0,0.5589974522590637,0.07977315783500671,28.55000000000001,23.081412615094905,10.977971104213168,1.9330477033342635,0.05556048179319362,0.0032095819707542717,6.362219333648682,223.45565795898438,379,50
2020-09-18,2020,262,0,0.766746997833252,0.24927586317062378,26.880000000000052,22.12714538574221,9.29872828892303,1.5103748866489954,0.043418076879291334,0.0016667902465492546,30.62671661376953,21.618242263793945,733,120.83045973594572
2020-09-05,2020,249,0,0.5128571391105652,0.02156205102801323,30.77000000000004,22.110511125837093,5.2052376883370925,2.123303004673549,0.030386772996692457,0.00021397173363268962,11.327792167663574,258.34490966796875,1178,20
2020-09-18,2020,262,0,0.575960636138916,0.11892040073871613,25.470000000000027,21.94148733956473,10.621950857979925,1.9519860403878349,0.06480948353460292,0.003680413960996276,8.719289779663086,90,538,90.55385138137417
2020-09-14,2020,258,0,0.6690571308135986,0.16977182030677795,20.930000000000007,22.049600219726585,8.025367082868343,1.6291187831333704,0.0269810530011938,0.0010592103000313102,13.371281623840332,285.8072509765625,759,130.384048104053
2020-09-16,2020,260,0,0.5264285802841187,-0.018599310889840126,27.99000000000001,21.703618076869418,7.981201607840433,1.5111727033342635,0.03263288462808589,0.0009379744525581657,2.6617045402526855,290.377685546875,1049,110.45361017187261
2020-09-17,2020,261,0,0.7339203953742981,0.26641228795051575,24.58000000000004,23.790388270786877,11.221170043945335,1.8271451677594865,0.04940704727819423,0.003442740439954406,11.475629806518555,283.84033203125,459,60.82762530298219
2020-09-21,2020,265,0,0.6798856854438782,0.12045500427484512,26.410000000000025,21.6696498325893,6.6307747977120925,1.8290982927594865,0.024865490443019667,0.000598049163404113,10.096575736999512,180,1023,120
2020-09-14,2020,258,0,0.30778738856315613,-0.05427974835038185,34.58000000000004,25.212747192382835,5.819805036272328,2.2009266444614957,0.018218931800632276,3.934502560198894e-05,8.243644714355469,77.0873794555664,710,10
2020-09-18,2020,262,0,0.749250054359436,0.19208404421806335,28.78000000000003,22.62325221470428,6.105499703543558,2.0553621564592635,0.03139804030111293,0.00014298260170519939,24.111055374145508,295.7238464355469,904,150
2020-09-16,2020,260,0,0.737237811088562,0.1791566014289856,28.99000000000001,21.211502511160745,8.04369942801344,2.052587236676897,0.06092279875925044,0.003286144136968261,12.269204139709473,194.6092987060547,818,72.11102550927978
2020-09-14,2020,258,0,0.3260277509689331,-0.17636838555335999,37.81,22.566692243303578,7.439383806501155,1.7865022931780135,0.022321921831874647,0.0005355089898735343,0,0,620,42.426406871192846
2020-09-18,2020,262,0,0.6084131002426147,0.14999866485595703,29.250000000000057,23.218399483816995,11.300969151088168,1.6293367658342635,0.053036970145015516,0.0010764062400490104,4.460999011993408,101.975341796875,45,50.99019513592785
2020-09-05,2020,249,0,0.8515964150428772,0.3340919315814972,27.30000000000001,20.999647303990002,4.85126647949221,1.9845613752092635,0.0349311205213354,0.0005168229337364494,10.34472370147705,318.9203796386719,1209,134.1640786499874
2020-09-14,2020,258,0,0.4737187922000885,-0.016111314296722412,25.730000000000018,23.218399483816995,11.300969151088168,1.6293367658342635,0.053036970145015516,0.0010764062400490104,6.970919609069824,53.43214416503906,203,126.49110640673518
2020-09-21,2020,265,0,0.8466273546218872,0.31847453117370605,24.690000000000055,22.740173775809183,10.418256923130627,1.956219264439174,0.052658286935596266,0.0031221419568687736,7.456673622131348,137.90939331054688,333,78.10249675906654
2020-09-15,2020,259,0,0.3380855321884155,0.049692172557115555,26.980000000000018,23.081412615094905,10.977971104213168,1.9330477033342635,0.05556048179319362,0.0032095819707542717,1.9577184915542603,161.28985595703125,426,20
2020-09-05,2020,249,0,0.8496807813644409,0.303811252117157,26.410000000000025,22.177089582170765,8.2160365513393,1.6232332502092635,0.03547021473100642,0.0007170200343757926,8.93422794342041,168.019775390625,408,41.23105625617661
2020-09-14,2020,258,0,0.8068704009056091,0.263535737991333,25.090000000000032,22.828199550083752,12.045951189313655,1.8887928553989954,0.06335346127202968,0.0014996141191154777,2.4002127647399902,195.09715270996094,95,67.0820393249937
2020-09-11,2020,255,0,0.5185695886611938,0.03412731736898422,31.610000000000014,21.926675415039085,8.537138148716565,1.8924200875418526,0.05279159272363643,0.002344182133260375,4.960559844970703,130.75074768066406,343,14.142135623730951
2020-09-17,2020,261,0,0.6561852097511292,0.14786428213119507,30.670000000000016,21.97210518973219,8.703753226143988,1.9014184134347099,0.054222119099406996,0.0025898426767021476,4.191751480102539,116.21505737304688,264,44.721359549995796
2020-09-12,2020,256,0,0.5787920951843262,0.051492009311914444,21.350000000000023,21.16817408970428,10.879924665178578,1.9586922781808036,0.0782626988952444,0.004127553104940063,9.521215438842773,195.1713409423828,742,244.13111231467406
2020-09-14,2020,258,0,0.7269076108932495,0.18342933058738708,24.230000000000018,20.943139648437523,10.457354300362738,2.035130092075893,0.07612466538598994,0.003994530438962585,11.899748802185059,152.0563201904297,638,63.24555320336759
2020-09-13,2020,257,0,0.7088844776153564,0.1719110608100891,25.480000000000018,22.78691144670762,11.150615583147328,1.9534857613699776,0.0618643435304449,0.003487056493344909,1.5260741710662842,155.70350646972656,335,44.721359549995796
2020-09-12,2020,256,0,0.6538737416267395,0.14263147115707397,26.310000000000002,22.640126255580356,10.133033098493343,1.530045645577567,0.04845581675222377,0.0014150947328239738,9.378057479858398,191.43409729003906,175,67.0820393249937
2020-09-16,2020,260,0,0.4734900891780853,-0.051187336444854736,35.23000000000002,22.3356654575893,7.439091709681918,1.8174732753208704,0.030659985787181654,0.0008100181813865959,11.759831428527832,218.95974731445312,668,151.32745950421557
2020-09-18,2020,262,0,0.515670895576477,-0.02319839596748352,32.47000000000003,22.02001560756139,6.1943080357143,1.948223658970424,0.03598911786725978,0.00045636892277300944,6.022812366485596,226.33590698242188,994,94.86832980505139
2020-09-15,2020,259,0,0.5972141027450562,0.08080785721540451,29.79000000000002,21.926675415039085,8.537138148716565,1.8924200875418526,0.05279159272363643,0.002344182133260375,30.136463165283203,320.06939697265625,784,107.70329614269008
2020-09-15,2020,259,0,0.5509520769119263,-0.011316644959151745,28.220000000000027,22.724548775809183,9.057096644810315,1.8196073259626115,0.03614233160665492,0.0022423177953392326,3.8900725841522217,126.52308654785156,515,28.284271247461902
2020-09-15,2020,259,0,0.545793890953064,0.021722689270973206,26.49000000000001,22.155411202566995,9.130388968331488,1.444836207798549,0.0437335046594427,0.0007474184032112419,15.955689430236816,81.86264038085938,1113,165.52945357246847
2020-09-19,2020,263,0,0.7366873621940613,0.24120216071605682,25.060000000000002,23.504266357421898,11.230085536411877,1.807361057826451,0.05259324336698512,0.0034732282157570182,10.7886962890625,53.51215744018555,201,22.360679774997898
2020-09-14,2020,258,0,0.7327308058738708,0.15066324174404144,25.750000000000057,21.73652038574221,8.263724626813655,1.4308504377092635,0.03846515441587428,0.0008167386050850212,32.086788177490234,283.4365539550781,958,234.30749027719963
2020-09-15,2020,259,0,0.624476969242096,0.1267825812101364,25.010000000000048,21.53343244280137,10.57781590053014,2.174159458705357,0.07199696922948817,0.003369277715268737,10.029593467712402,68.52373504638672,556,60.82762530298219
2020-09-14,2020,258,0,0.7768548727035522,0.22424496710300446,30.52000000000004,21.97210518973219,8.703753226143988,1.9014184134347099,0.054222119099406996,0.0025898426767021476,20.791439056396484,116.59332275390625,508,161.55494421403512
2020-09-05,2020,249,0,0.5758941173553467,0.0769822970032692,26.140000000000043,23.504266357421898,11.230085536411877,1.807361057826451,0.05259324336698512,0.0034732282157570182,13.300850868225098,128.04432678222656,270,14.142135623730951
2020-09-14,2020,258,0,0.6356180310249329,0.1319957822561264,25.590000000000032,21.850102451869418,8.712476893833752,1.6025968279157365,0.03794531250646571,0.0018027633424431144,3.7567801475524902,350.4435729980469,1233,520.8646657242167
2020-09-15,2020,259,0,0.46254926919937134,-0.06458797305822372,27.29000000000002,21.73652038574221,8.263724626813655,1.4308504377092635,0.03846515441587428,0.0008167386050850212,21.479286193847656,306.6203918457031,1120,177.2004514666935
2020-09-16,2020,260,0,0.6074249744415283,0.07728957384824753,28.870000000000005,22.406815011160745,9.523614501953148,1.9521473475864954,0.06349898601224879,0.0033124148841530143,27.83099937438965,355.2289733886719,710,232.59406699226017
2020-09-21,2020,265,0,0.6454366445541382,0.07461406290531158,31.33000000000004,21.096597290039085,7.496643502371683,1.798809596470424,0.04642368579557399,0.0016891866918236076,21.260482788085938,286.93157958984375,321,164.01219466856728
2020-09-19,2020,263,0,0.817139744758606,0.2555157542228699,26.970000000000027,21.916580636160745,8.77276436941969,1.9041126796177454,0.05558368290117244,0.0027586877341896354,7.463637828826904,329.876953125,931,80
2020-09-14,2020,258,0,0.5530937314033508,0.011437620967626572,27.510000000000048,23.000983537946468,11.036281476702015,1.7885164533342635,0.05531924689462642,0.0005513489242225944,0.7766808867454529,306.65887451171875,561,94.86832980505139
2020-09-06,2020,250,0,0.5819084644317627,0.07387115061283112,26.27000000000004,21.850102451869418,8.712476893833752,1.6025968279157365,0.03794531250646571,0.0018027633424431144,5.573317050933838,326.0428466796875,1189,411.0960958218893
2020-09-14,2020,258,0,0.6412177085876465,0.12840388715267181,28.230000000000018,21.016240147181918,6.5357866559709805,1.8548921857561385,0.041562703496722975,0.0010885655875831901,17.58501625061035,26.639978408813477,1162,104.40306508910551
2020-09-06,2020,250,0,0.4059901535511017,-0.10082660615444183,33.43000000000001,22.110511125837093,5.2052376883370925,2.123303004673549,0.030386772996692457,0.00021397173363268962,13.223226547241211,182.65869140625,1174,50
2020-09-13,2020,257,0,0.6396493911743164,0.07675902545452118,30.370000000000005,21.096597290039085,7.496643502371683,1.798809596470424,0.04642368579557399,0.0016891866918236076,34.893863677978516,176.39993286132812,387,164.01219466856728
2020-09-17,2020,261,0,0.6069325804710388,0.10830835998058319,26.310000000000002,23.489785766601585,9.942058454241078,1.7794876098632812,0.06012186134508113,0.0003037363286644279,17.611011505126953,292.4869079589844,283,80.62257748298549
2020-09-14,2020,258,0,0.42536476254463196,-0.0882352963089943,28.850000000000023,21.967619105747815,7.3091195242745925,1.8288345336914062,0.03360798681428889,0.0006171822543770134,2.848670482635498,60.79220199584961,1176,818.4130986244049
2020-09-16,2020,260,0,0.6517519950866699,0.09814851731061935,30.310000000000002,22.560619245256703,8.499481637137308,1.775313241141183,0.028270212060718336,0.0016259461637169181,6.582621097564697,169.09925842285156,722,106.3014581273465
2020-09-13,2020,257,0,0.5760856866836548,0.12095024436712265,33.14000000000004,22.903386143275668,6.3446986607143,2.0274647303989957,0.03227232123067836,7.060766178668132e-05,8.37905216217041,105.94732666015625,771,0
2020-09-13,2020,257,0,0.602824330329895,0.06831588596105576,28.07000000000005,21.016240147181918,6.5357866559709805,1.8548921857561385,0.041562703496722975,0.0010885655875831901,8.94657039642334,29.07061004638672,892,174.6424919657298
2020-09-05,2020,249,0,0.7500078082084656,0.22398902475833893,23.620000000000005,22.415117972237738,10.098905726841565,1.9448492867606026,0.053404179460315504,0.002848541736188537,5.4213032722473145,339.7423095703125,722,139.2838827718412
2020-09-12,2020,256,0,0.8441260457038879,0.37909185886383057,25.880000000000052,21.730754743303578,8.701854596819203,2.013921465192522,0.06225980544736842,0.0033568054433494865,11.321418762207031,291.3365478515625,1039,350
2020-09-15,2020,259,0,0.7448596358299255,0.20089195668697357,27.57000000000005,19.91546456473219,5.80806666782928,1.8269991193498885,0.041511428601054945,0.0014854729171425163,11.427950859069824,40.46812438964844,998,111.80339887498948
2020-09-14,2020,258,0,0.6900648474693298,0.153839111328125,29.810000000000002,22.916850934709828,10.28169948032928,1.6672134399414062,0.052089405304698744,0.000529086589398986,21.598796844482422,191.09317016601562,321,107.70329614269008
2020-09-05,2020,249,0,0.6160927414894104,0.11146067082881927,24.390000000000043,21.142528424944203,10.408741978236606,2.1531829833984375,0.07467855239561061,0.003631225227895385,6.28194522857666,116.17762756347656,785,141.4213562373095
2020-09-16,2020,260,0,0.5569444298744202,0.054003722965717316,26.410000000000025,22.177089582170765,8.2160365513393,1.6232332502092635,0.03547021473100642,0.0007170200343757926,13.186678886413574,139.46250915527344,469,150.33296378372907
2020-09-16,2020,260,0,0.5503212213516235,-0.0476190485060215,29.510000000000048,21.628076171875023,6.33562840053014,1.887955801827567,0.03568902338197688,0.0006588011975914299,21.768857955932617,204.20777893066406,1005,755.8438992278762
2020-09-13,2020,257,0,0.5620208978652954,0.0461023785173893,32.210000000000036,22.110511125837093,5.2052376883370925,2.123303004673549,0.030386772996692457,0.00021397173363268962,8.132619857788086,322.46221923828125,958,113.13708498984761
2020-09-14,2020,258,0,0.717057466506958,0.24536006152629852,25.140000000000043,22.757608032226585,11.440196881975453,1.768047877720424,0.058389124519138136,0.0016441702838569938,15.291460990905762,310.63812255859375,427,50
2020-09-15,2020,259,0,0.5989283919334412,0.1234251856803894,28.110000000000014,23.10882393973219,6.6490068708147305,1.9263905116489954,0.029262152559070387,9.58055253654777e-05,19.865076065063477,64.8092269897461,1205,284.42925306655786
2020-09-18,2020,262,0,0.645294189453125,0.08155038207769394,29.400000000000034,21.694482421875023,8.70170636858262,1.8483788626534599,0.0567901852195547,0.0027334302659660636,4.153051853179932,333.0933837890625,763,58.309518948453004
2020-09-15,2020,259,0,0.7506793737411499,0.3291814923286438,25.710000000000036,22.757608032226585,11.440196881975453,1.768047877720424,0.058389124519138136,0.0016441702838569938,5.256286144256592,331.61724853515625,307,202.23748416156684
2020-09-22,2020,266,0,0.3775354325771332,-0.015295443125069141,26.450000000000045,23.790388270786877,11.221170043945335,1.8271451677594865,0.04940704727819423,0.003442740439954406,6.950111389160156,354.8477783203125,132,0
2020-09-06,2020,250,1,0.3885883092880249,-0.12550853192806244,32.210000000000036,23.906043352399593,5.776794869559183,2.1471873692103793,0.024582100159435072,0.00011674165684283366,7.539977073669434,132.2714385986328,817,206.15528128088303
2020-09-15,2020,259,1,0.7225650548934937,0.19630180299282074,26.950000000000045,22.960525948660745,11.28450709751678,1.686535426548549,0.05425353074720363,0.0007546603675514518,23.46248435974121,248.10166931152344,374,50
2020-09-14,2020,258,1,0.6429478526115417,0.07440244406461716,31.55000000000001,23.378076171875023,7.950287301199808,1.8184716360909599,0.022200030333308973,0.0002578407521873771,5.571235656738281,326.0748596191406,851,84.85281374238569
2020-09-15,2020,259,1,0.5874999761581421,0.019872814416885376,22.710000000000036,19.91546456473219,5.80806666782928,1.8269991193498885,0.041511428601054945,0.0014854729171425163,14.93635368347168,142.08103942871094,1445,544.5181356024793
2020-09-16,2020,260,1,0.45286625623703003,-0.07940997928380966,28.24000000000001,20.396491350446468,6.975756399972113,1.8160171508789062,0.04782852256944636,0.0019606262441307365,4.095071315765381,142.31309509277344,1023,181.10770276274835
2020-09-15,2020,259,1,0.5500891208648682,-0.058466870337724686,32.940000000000055,23.378076171875023,7.950287301199808,1.8184716360909599,0.022200030333308973,0.0002578407521873771,8.103226661682129,246.5509490966797,888,44.721359549995796
2020-09-17,2020,261,1,0.682995080947876,0.15828877687454224,29.190000000000055,22.177089582170765,8.2160365513393,1.6232332502092635,0.03547021473100642,0.0007170200343757926,28.114364624023438,241.00198364257812,692,300.1666203960727
2020-09-19,2020,263,1,0.4844827651977539,-0.08220800757408142,27.03000000000003,22.26556004115514,7.9648202078683425,1.7128328595842635,0.029608112818507948,0.0008378982539802848,11.593428611755371,244.27919006347656,944,254.95097567963924
2020-09-13,2020,257,1,0.515841007232666,0.0110985292121768,26.730000000000018,20.752797154017856,6.7576429094587525,1.8071212768554688,0.038897407299785414,0.0016238450999885856,30.07623863220215,218.49539184570312,1230,254.95097567963924
2020-09-14,2020,258,1,0.7350157499313354,0.18676576018333435,29.930000000000007,21.016240147181918,6.5357866559709805,1.8548921857561385,0.041562703496722975,0.0010885655875831901,17.25762176513672,8.083318710327148,1196,202.48456731316588
2020-09-16,2020,260,1,0.5494316220283508,0.08647342771291733,24.55000000000001,19.91546456473219,5.80806666782928,1.8269991193498885,0.041511428601054945,0.0014854729171425163,18.011310577392578,257.0533752441406,1451,671.1929677819934
2020-09-18,2020,262,1,0.7018413543701172,0.15695714950561523,23.99000000000001,19.91546456473219,5.80806666782928,1.8269991193498885,0.041511428601054945,0.0014854729171425163,22.57280921936035,92.23170471191406,1243,396.6106403010388
2020-09-15,2020,259,1,0.4774436056613922,-0.03063494712114334,32.940000000000055,23.378076171875023,7.950287301199808,1.8184716360909599,0.022200030333308973,0.0002578407521873771,2.7802884578704834,180,850,10
2020-09-13,2020,257,1,0.6074053049087524,0.09071605652570724,26.360000000000014,20.752797154017856,6.7576429094587525,1.8071212768554688,0.038897407299785414,0.0016238450999885856,25.993663787841797,134.20138549804688,1241,300.8321791298265
2020-09-17,2020,261,1,0.4036550223827362,-0.07488372176885605,26.99000000000001,20.2516810825893,5.961334664481058,1.8531483241489954,0.042101171857623854,0.0013134241099983512,5.598152160644531,138.00277709960938,1495,550.3635162326806
2020-09-18,2020,262,1,0.6683785915374756,0.17676767706871033,27.430000000000007,20.2516810825893,5.961334664481058,1.8531483241489954,0.042101171857623854,0.0013134241099983512,8.6249418258667,46.07663345336914,1457,282.842712474619
2020-09-15,2020,259,1,0.6623836755752563,0.0762837827205658,24.450000000000045,19.91546456473219,5.80806666782928,1.8269991193498885,0.041511428601054945,0.0014854729171425163,30.957195281982422,176.86668395996094,1347,503.2891812864648
2020-09-16,2020,260,1,0.43900033831596375,-0.10305517911911011,28.010000000000048,22.488111659458752,8.209106881277933,1.7785110473632812,0.042942118889598646,0.0004930704827934562,23.275001525878906,25.419872283935547,1233,700.9279563550023
2020-09-16,2020,260,1,0.4390620291233063,-0.0837578997015953,28.250000000000057,22.488111659458752,8.209106881277933,1.7785110473632812,0.042942118889598646,0.0004930704827934562,18.01504135131836,255.58863830566406,1179,738.7827826905551
2020-09-24,2020,268,1,0.5094706416130066,-0.017421603202819824,25.690000000000055,20.396491350446468,6.975756399972113,1.8160171508789062,0.04782852256944636,0.0019606262441307365,8.28909969329834,180,1519,186.01075237738274
2020-09-15,2020,259,1,0.5436452627182007,-0.012096375226974487,28.210000000000036,22.488111659458752,8.209106881277933,1.7785110473632812,0.042942118889598646,0.0004930704827934562,27.161256790161133,242.77528381347656,965,502.09560842532767
2020-09-15,2020,259,1,0.4654456675052643,-0.059488922357559204,31.150000000000034,22.110511125837093,5.2052376883370925,2.123303004673549,0.030386772996692457,0.00021397173363268962,4.653693199157715,126.62613677978516,938,104.40306508910551
2020-09-18,2020,262,1,0.7145999670028687,0.16910386085510254,26.950000000000045,22.960525948660745,11.28450709751678,1.686535426548549,0.05425353074720363,0.0007546603675514518,12.200339317321777,200.6315460205078,280,44.721359549995796
2020-09-12,2020,256,1,0.5235399007797241,0.03505430370569229,28.49000000000001,20.752797154017856,6.7576429094587525,1.8071212768554688,0.038897407299785414,0.0016238450999885856,6.355593204498291,223.39205932617188,976,219.3171219946131
2020-09-14,2020,258,1,0.5324887633323669,0.013513513840734959,23.960000000000036,19.91546456473219,5.80806666782928,1.8269991193498885,0.041511428601054945,0.0014854729171425163,23.639144897460938,164.06414794921875,1246,783.1347265956222
2020-09-26,2020,270,1,0.40632736682891846,-0.03510758653283119,27.03000000000003,22.26556004115514,7.9648202078683425,1.7128328595842635,0.029608112818507948,0.0008378982539802848,23.113122940063477,263.4665832519531,972,210.95023109728987
2020-09-16,2020,260,1,0.5555897355079651,-0.018167277798056602,34.370000000000005,23.401234654017856,7.373278372628363,1.8465826851981026,0.02255949104478816,0.00017192065674365153,22.59821891784668,59.629051208496094,801,158.11388300841895
2020-09-18,2020,262,1,0.5533595085144043,0.037429653108119965,28.230000000000018,22.488111659458752,8.209106881277933,1.7785110473632812,0.042942118889598646,0.0004930704827934562,7.0917134284973145,44.30421447753906,854,401.62171256046406
2020-09-06,2020,250,1,0.24089699983596802,-0.14082159101963043,32.670000000000016,23.906043352399593,5.776794869559183,2.1471873692103793,0.024582100159435072,0.00011674165684283366,5.16193962097168,122.51885223388672,795,100.4987562112089
2020-09-18,2020,262,1,0.6385737657546997,0.07514450699090958,26.260000000000048,20.396491350446468,6.975756399972113,1.8160171508789062,0.04782852256944636,0.0019606262441307365,14.699796676635742,343.0240783691406,1063,222.03603311174518
2020-09-14,2020,258,1,0.521327018737793,-0.015564202331006527,28.970000000000027,22.177089582170765,8.2160365513393,1.6232332502092635,0.03547021473100642,0.0007170200343757926,6.494878768920898,337.5544738769531,1166,417.73197148410844
2020-09-16,2020,260,1,0.562676727771759,-0.046029917895793915,29.710000000000036,21.85595310756139,6.404718017578148,1.947526114327567,0.03720719838788966,0.0005533158775001823,21.89282989501953,116.3026123046875,1144,194.164878389476
2020-09-14,2020,258,1,0.8210897445678711,0.2806473970413208,27.690000000000055,23.378076171875023,7.950287301199808,1.8184716360909599,0.022200030333308973,0.0002578407521873771,10.71580982208252,328.8061218261719,820,40
2020-09-14,2020,258,1,0.5782046318054199,0.015849430114030838,25.950000000000045,20.2516810825893,5.961334664481058,1.8531483241489954,0.042101171857623854,0.0013134241099983512,8.889251708984375,101.94660186767578,1402,611.310068623117
2020-09-05,2020,249,1,0.5691901445388794,-0.02698427625000477,32.51000000000005,22.62325221470428,6.105499703543558,2.0553621564592635,0.03139804030111293,0.00014298260170519939,3.3494956493377686,146.07485961914062,1038,278.5677655436824
2020-09-18,2020,262,1,0.6295884847640991,0.11519837379455566,29.590000000000032,22.177089582170765,8.2160365513393,1.6232332502092635,0.03547021473100642,0.0007170200343757926,11.298256874084473,229.59414672851562,430,82.46211251235322
2020-09-14,2020,258,1,0.5837135910987854,0.15959908068180084,25.600000000000023,19.91546456473219,5.80806666782928,1.8269991193498885,0.041511428601054945,0.0014854729171425163,25.48115348815918,205.8250274658203,1330,680.6614430096654
2020-09-05,2020,249,1,0.39025524258613586,-0.172613263130188,32.75000000000006,22.62325221470428,6.105499703543558,2.0553621564592635,0.03139804030111293,0.00014298260170519939,1.55413019657135,233.3700408935547,1000,180.27756377319946
2020-09-15,2020,259,1,0.7439407110214233,0.19092218577861786,24.370000000000005,19.91546456473219,5.80806666782928,1.8269991193498885,0.041511428601054945,0.0014854729171425163,29.841157913208008,40.36825180053711,1438,587.962583843564
2020-09-20,2020,264,1,0.8034960627555847,0.29188254475593567,26.450000000000045,21.016240147181918,6.5357866559709805,1.8548921857561385,0.041562703496722975,0.0010885655875831901,17.92183494567871,108.98648071289062,1256,183.5755975068582
2020-09-15,2020,259,1,0.6289077997207642,0.08361507207155228,28.310000000000002,22.488111659458752,8.209106881277933,1.7785110473632812,0.042942118889598646,0.0004930704827934562,21.896156311035156,9.331842422485352,1008,586.9412236331676
2020-09-20,2020,264,1,0.5404896140098572,-0.01741238683462143,28.970000000000027,22.177089582170765,8.2160365513393,1.6232332502092635,0.03547021473100642,0.0007170200343757926,19.217504501342773,273.994384765625,1104,374.43290453698114
2020-09-18,2020,262,1,0.7036468386650085,0.16482940316200256,24.390000000000043,20.2516810825893,5.961334664481058,1.8531483241489954,0.042101171857623854,0.0013134241099983512,9.075592041015625,48.79840850830078,1430,342.34485537247383
2020-09-14,2020,258,1,0.47901490330696106,-0.0968015268445015,31.55000000000001,23.378076171875023,7.950287301199808,1.8184716360909599,0.022200030333308973,0.0002578407521873771,11.582056045532227,341.4119567871094,894,108.16653826391969
2020-09-19,2020,263,1,0.8849081993103027,0.40309539437294006,26.260000000000048,20.396491350446468,6.975756399972113,1.8160171508789062,0.04782852256944636,0.0019606262441307365,12.524569511413574,56.870845794677734,879,199.24858845171275
2020-09-25,2020,269,1,0.29010239243507385,-0.1760731339454651,27.27000000000004,22.26556004115514,7.9648202078683425,1.7128328595842635,0.029608112818507948,0.0008378982539802848,5.055109024047852,280.5445251464844,1058,302.3243291566195
2020-09-15,2020,259,1,0.5758007168769836,0.08315765112638474,24.55000000000001,20.396491350446468,6.975756399972113,1.8160171508789062,0.04782852256944636,0.0019606262441307365,7.392551422119141,68.01908111572266,1442,264.76404589747455
2020-09-05,2020,249,1,0.5188937783241272,-0.06879451125860214,32.51000000000005,22.62325221470428,6.105499703543558,2.0553621564592635,0.03139804030111293,0.00014298260170519939,6.301595687866211,216.2695770263672,1094,260
2020-09-15,2020,259,1,0.7532305121421814,0.3377777636051178,25.350000000000023,20.752797154017856,6.7576429094587525,1.8071212768554688,0.038897407299785414,0.0016238450999885856,6.761146545410156,332.56378173828125,1476,356.08987629529713
2020-09-16,2020,260,1,0.5785207748413086,0.0035071312449872494,26.670000000000016,20.2516810825893,5.961334664481058,1.8531483241489954,0.042101171857623854,0.0013134241099983512,9.929134368896484,87.34986877441406,1474,574.8912940721924
2020-09-13,2020,257,1,0.5994694828987122,0.07811291515827179,25.630000000000052,19.91546456473219,5.80806666782928,1.8269991193498885,0.041511428601054945,0.0014854729171425163,25.47469711303711,328.14910888671875,1163,342.34485537247383
2020-09-14,2020,258,1,0.5920138955116272,0.017560290172696114,33.29000000000002,23.378076171875023,7.950287301199808,1.8184716360909599,0.022200030333308973,0.0002578407521873771,3.6231372356414795,120.75043487548828,820,98.48857801796103
2020-09-16,2020,260,1,0.5185459852218628,0.11261613667011261,27.630000000000052,20.752797154017856,6.7576429094587525,1.8071212768554688,0.038897407299785414,0.0016238450999885856,9.268528938293457,199.5504608154297,923,230
2020-09-15,2020,259,1,0.8214099407196045,0.2954503297805786,28.24000000000001,21.096597290039085,7.496643502371683,1.798809596470424,0.04642368579557399,0.0016891866918236076,11.19507122039795,45.954872131347656,907,100
2020-09-05,2020,249,1,0.5241429805755615,-0.06634903699159622,32.59000000000003,22.62325221470428,6.105499703543558,2.0553621564592635,0.03139804030111293,0.00014298260170519939,8.667030334472656,270,1068,242.0743687382041
2020-09-14,2020,258,1,0.4674556255340576,-0.12241958826780319,30.970000000000027,24.60687081473219,7.2743120465959805,1.9655053274972099,0.02116791630437831,9.19908280998527e-05,7.5582499504089355,259.4554748535156,523,273.1300056749533
2020-09-12,2020,256,1,0.5833101272583008,0.1093066856265068,26.950000000000045,23.000983537946468,11.036281476702015,1.7885164533342635,0.05531924689462642,0.0005513489242225944,13.484365463256836,287.6851501464844,641,170.88007490635061
2020-09-14,2020,258,1,0.6826115250587463,0.138524129986763,25.130000000000052,19.91546456473219,5.80806666782928,1.8269991193498885,0.041511428601054945,0.0014854729171425163,32.26044845581055,34.84885025024414,1339,455.411901469428
2020-09-22,2020,266,1,0.4233590364456177,-0.11227694898843765,25.77000000000004,21.016240147181918,6.5357866559709805,1.8548921857561385,0.041562703496722975,0.0010885655875831901,8.878351211547852,38.9934196472168,1372,266.27053911388697
2020-09-05,2020,249,1,0.38308727741241455,-0.18414634466171265,32.59000000000003,22.62325221470428,6.105499703543558,2.0553621564592635,0.03139804030111293,0.00014298260170519939,7.665890216827393,256.0820007324219,1041,205.18284528683193
2020-09-15,2020,259,1,0.5098419785499573,0.04407836124300957,25.77000000000004,21.016240147181918,6.5357866559709805,1.8548921857561385,0.041562703496722975,0.0010885655875831901,19.6357421875,158.4511260986328,1348,281.7800560721074
2020-09-21,2020,265,1,0.6437429785728455,0.14502617716789246,30.890000000000043,22.110511125837093,5.2052376883370925,2.123303004673549,0.030386772996692457,0.00021397173363268962,10.81399917602539,27.146718978881836,1340,261.72504656604804
2020-09-14,2020,258,1,0.6279069781303406,0.07432591170072556,26.350000000000023,20.2516810825893,5.961334664481058,1.8531483241489954,0.042101171857623854,0.0013134241099983512,2.849719762802124,192.68373107910156,1383,611.310068623117
2020-09-12,2020,256,1,0.47723323106765747,-0.09013058990240097,33.06,23.378076171875023,7.950287301199808,1.8184716360909599,0.022200030333308973,0.0002578407521873771,12.290728569030762,92.12907409667969,844,160.31219541881399
2020-09-22,2020,266,1,0.5342857241630554,0.005791991949081421,26.79000000000002,20.2516810825893,5.961334664481058,1.8531483241489954,0.042101171857623854,0.0013134241099983512,16.199783325195312,127.80050659179688,1517,522.0153254455274
2020-09-15,2020,259,1,0.6770753264427185,0.09966078400611877,24.450000000000045,19.91546456473219,5.80806666782928,1.8269991193498885,0.041511428601054945,0.0014854729171425163,42.59652328491211,56.31713104248047,1431,466.6904755831214
2020-09-12,2020,256,1,0.7547493577003479,0.19992408156394958,31.49000000000001,20.752797154017856,6.7576429094587525,1.8071212768554688,0.038897407299785414,0.0016238450999885856,32.904823303222656,310.5766296386719,867,41.23105625617661
2020-09-19,2020,263,1,0.3321585953235626,-0.1643453985452652,27.27000000000004,22.26556004115514,7.9648202078683425,1.7128328595842635,0.029608112818507948,0.0008378982539802848,10.98230266571045,302.833984375,1061,345.2535300326414
2020-09-25,2020,269,1,0.6076952219009399,0.0896630510687828,28.230000000000018,22.488111659458752,8.209106881277933,1.7785110473632812,0.042942118889598646,0.0004930704827934562,11.783136367797852,21.376256942749023,871,388.329756778952
2020-09-15,2020,259,1,0.6745321750640869,0.13172584772109985,27.410000000000025,20.2516810825893,5.961334664481058,1.8531483241489954,0.042101171857623854,0.0013134241099983512,15.161372184753418,26.349834442138672,1585,330.60550509633083
2020-09-14,2020,258,1,0.5904284715652466,0.10895361751317978,25.77000000000004,21.016240147181918,6.5357866559709805,1.8548921857561385,0.041562703496722975,0.0010885655875831901,24.362186431884766,122.42713165283203,1263,259.6150997149434
2020-09-16,2020,260,1,0.7469790577888489,0.22858107089996338,28.420000000000016,20.752797154017856,6.7576429094587525,1.8071212768554688,0.038897407299785414,0.0016238450999885856,18.371671676635742,292.95086669921875,1093,340
2020-09-14,2020,258,1,0.5945819616317749,-0.01713993400335312,31.49000000000001,21.016240147181918,6.5357866559709805,1.8548921857561385,0.041562703496722975,0.0010885655875831901,8.648168563842773,196.68801879882812,1353,191.049731745428
2020-09-18,2020,262,1,0.7140784859657288,0.21271078288555145,28.49000000000001,20.752797154017856,6.7576429094587525,1.8071212768554688,0.038897407299785414,0.0016238450999885856,15.2901611328125,88.30343627929688,939,258.0697580112788
2020-09-16,2020,260,1,0.5810076594352722,-0.002980572870001197,30.970000000000027,24.60687081473219,7.2743120465959805,1.9655053274972099,0.02116791630437831,9.19908280998527e-05,9.951032638549805,165.64952087402344,564,305.9411708155671
2020-09-15,2020,259,1,0.5427364706993103,0.05657310038805008,27.99000000000001,20.752797154017856,6.7576429094587525,1.8071212768554688,0.038897407299785414,0.0016238450999885856,9.620260238647461,244.547607421875,1140,362.49137920783716
2020-09-15,2020,259,1,0.5347362160682678,0.007951533421874046,27.03000000000003,20.2516810825893,5.961334664481058,1.8531483241489954,0.042101171857623854,0.0013134241099983512,8.003105163574219,58.794097900390625,1542,464.86557196677836
2020-09-18,2020,262,1,0.633485734462738,0.11085343360900879,30.07000000000005,21.016240147181918,6.5357866559709805,1.8548921857561385,0.041562703496722975,0.0010885655875831901,10.670827865600586,99.89378356933594,1238,228.0350850198276
2020-09-14,2020,258,1,0.494571328163147,-0.07798408716917038,28.410000000000025,22.488111659458752,8.209106881277933,1.7785110473632812,0.042942118889598646,0.0004930704827934562,2.317462682723999,180,906,346.5544690232691
2020-09-14,2020,258,1,0.5395188927650452,-0.005549389403313398,23.960000000000036,19.91546456473219,5.80806666782928,1.8269991193498885,0.041511428601054945,0.0014854729171425163,27.54598045349121,115.75336456298828,1166,789.1767862779544
2020-09-19,2020,263,1,0.5117563605308533,-0.04266614466905594,30.950000000000045,24.60687081473219,7.2743120465959805,1.9655053274972099,0.02116791630437831,9.19908280998527e-05,12.663168907165527,284.6055603027344,635,250.79872407968907
2020-09-16,2020,260,1,0.44417864084243774,-0.14936590194702148,28.430000000000007,21.016240147181918,6.5357866559709805,1.8548921857561385,0.041562703496722975,0.0010885655875831901,3.4072601795196533,227.17799377441406,1153,166.43316977093238
2020-09-14,2020,258,1,0.45292147994041443,0.020660359412431717,23.960000000000036,19.91546456473219,5.80806666782928,1.8269991193498885,0.041511428601054945,0.0014854729171425163,2.093513250350952,243.71517944335938,1438,780.0640999302557
2020-09-17,2020,261,1,0.6960362792015076,0.1588163524866104,30.07000000000005,22.177089582170765,8.2160365513393,1.6232332502092635,0.03547021473100642,0.0007170200343757926,16.506126403808594,17.063112258911133,889,286.53097563788805
2020-09-15,2020,259,1,0.6146789193153381,0.11700316518545151,26.79000000000002,20.2516810825893,5.961334664481058,1.8531483241489954,0.042101171857623854,0.0013134241099983512,16.715816497802734,156.39730834960938,1440,538.5164807134504
2020-09-16,2020,260,1,0.5990909337997437,-0.004527447745203972,29.220000000000027,21.85595310756139,6.404718017578148,1.947526114327567,0.03720719838788966,0.0005533158775001823,23.499835968017578,194.54058837890625,1125,182.4828759089466
2020-09-17,2020,261,1,0.5046759247779846,-0.02038012444972992,25.650000000000034,22.26556004115514,7.9648202078683425,1.7128328595842635,0.029608112818507948,0.0008378982539802848,17.456819534301758,331.05645751953125,1161,440.4543109109048
2020-09-25,2020,269,1,0.46069014072418213,-0.08735274523496628,28.230000000000018,22.488111659458752,8.209106881277933,1.7785110473632812,0.042942118889598646,0.0004930704827934562,15.770350456237793,270,1004,449.4441010848846
2020-09-15,2020,259,1,0.684697687625885,0.13960209488868713,24.370000000000005,19.91546456473219,5.80806666782928,1.8269991193498885,0.041511428601054945,0.0014854729171425163,15.11764144897461,76.13206481933594,1570,588.2176467941097
2020-09-14,2020,258,1,0.508330225944519,-0.09325617551803589,31.250000000000057,23.378076171875023,7.950287301199808,1.8184716360909599,0.022200030333308973,0.0002578407521873771,11.098530769348145,267.6352844238281,870,67.0820393249937
2020-09-15,2020,259,1,0.4880281686782837,0.003800475038588047,26.730000000000018,20.752797154017856,6.7576429094587525,1.8071212768554688,0.038897407299785414,0.0016238450999885856,20.339914321899414,216.1133270263672,1475,280.178514522438
2020-09-17,2020,261,1,0.6773256063461304,0.1938498616218567,29.590000000000032,22.177089582170765,8.2160365513393,1.6232332502092635,0.03547021473100642,0.0007170200343757926,27.02475357055664,54.046878814697266,627,156.5247584249853
2020-09-16,2020,260,1,0.7103524208068848,0.19253858923912048,33.23000000000002,23.378076171875023,7.950287301199808,1.8184716360909599,0.022200030333308973,0.0002578407521873771,4.732614040374756,113.02080535888672,857,70
2020-09-16,2020,260,1,0.5926553606987,0.04302167892456055,29.410000000000025,22.560619245256703,8.499481637137308,1.775313241141183,0.028270212060718336,0.0016259461637169181,2.317462682723999,180,717,22.360679774997898
2020-09-14,2020,258,1,0.3674388527870178,-0.13515496253967285,27.890000000000043,22.488111659458752,8.209106881277933,1.7785110473632812,0.042942118889598646,0.0004930704827934562,18.800941467285156,12.903278350830078,1150,574.543296888929
2020-09-17,2020,261,1,0.5541362762451172,0.043990928679704666,31.49000000000001,21.016240147181918,6.5357866559709805,1.8548921857561385,0.041562703496722975,0.0010885655875831901,6.642424583435059,69.66471862792969,1338,261.72504656604804
2020-09-14,2020,258,1,0.7660654187202454,0.23128868639469147,25.130000000000052,19.91546456473219,5.80806666782928,1.8269991193498885,0.041511428601054945,0.0014854729171425163,19.553800582885742,225.05397033691406,1179,451.7742799230607
2020-09-14,2020,258,1,0.6595149040222168,0.05888679623603821,29.360000000000014,21.85595310756139,6.404718017578148,1.947526114327567,0.03720719838788966,0.0005533158775001823,21.749149322509766,127.49201202392578,924,86.02325267042627
2020-09-12,2020,256,1,0.7027287483215332,0.17594559490680695,26.210000000000036,22.640126255580356,10.133033098493343,1.530045645577567,0.04845581675222377,0.0014150947328239738,7.555944919586182,295.2856140136719,544,130.384048104053
2020-09-20,2020,264,1,0.5228946805000305,-0.011860940605401993,28.350000000000023,22.488111659458752,8.209106881277933,1.7785110473632812,0.042942118889598646,0.0004930704827934562,38.5153694152832,4.697395324707031,1225,648.8451279003334
2020-09-14,2020,258,1,0.5738552212715149,0.012592064216732979,32.31,23.378076171875023,7.950287301199808,1.8184716360909599,0.022200030333308973,0.0002578407521873771,8.73554801940918,58.21375274658203,877,120
2020-09-15,2020,259,1,0.6731380820274353,0.11521616578102112,24.450000000000045,19.91546456473219,5.80806666782928,1.8269991193498885,0.041511428601054945,0.0014854729171425163,26.217363357543945,242.5988006591797,1490,505.3711507397311
2020-09-15,2020,259,1,0.6446666717529297,0.09263753890991211,27.33000000000004,20.2516810825893,5.961334664481058,1.8531483241489954,0.042101171857623854,0.0013134241099983512,27.718076705932617,48.51644515991211,1483,362.49137920783716
2020-09-12,2020,256,1,0.6622332334518433,0.2136404663324356,27.670000000000016,20.752797154017856,6.7576429094587525,1.8071212768554688,0.038897407299785414,0.0016238450999885856,28.95461082458496,260.7397155761719,1359,401.9950248448356
2020-09-15,2020,259,1,0.660445511341095,0.20331186056137085,23.730000000000018,19.91546456473219,5.80806666782928,1.8269991193498885,0.041511428601054945,0.0014854729171425163,10.151337623596191,334.70013427734375,1301,384.70768123342685
2020-09-15,2020,259,1,0.5514096021652222,-0.014309301041066647,25.210000000000036,20.2516810825893,5.961334664481058,1.8531483241489954,0.042101171857623854,0.0013134241099983512,5.125760555267334,186.99725341796875,1344,458.9117562233506
2020-09-03,2020,247,1,0.45985832810401917,-0.0812310129404068,31.99000000000001,22.62325221470428,6.105499703543558,2.0553621564592635,0.03139804030111293,0.00014298260170519939,2.6332032680511475,134.74575805664062,1013,241.86773244895647
2020-09-05,2020,249,1,0.450247198343277,-0.13521353900432587,32.51000000000005,22.62325221470428,6.105499703543558,2.0553621564592635,0.03139804030111293,0.00014298260170519939,4.347818374633789,196.6422882080078,1034,232.59406699226017
2020-09-05,2020,249,1,0.332844078540802,-0.21180285513401031,32.410000000000025,22.62325221470428,6.105499703543558,2.0553621564592635,0.03139804030111293,0.00014298260170519939,2.3304812908172607,126.62996673583984,975,219.3171219946131
2020-09-15,2020,259,1,0.7768065333366394,0.2432212084531784,27.750000000000057,21.016240147181918,6.5357866559709805,1.8548921857561385,0.041562703496722975,0.0010885655875831901,4.1506452560424805,26.84086036682129,1146,161.24515496597098
2020-09-15,2020,259,1,0.6080552935600281,0.10326191782951355,27.390000000000043,22.960525948660745,11.28450709751678,1.686535426548549,0.05425353074720363,0.0007546603675514518,17.831335067749023,208.2758026123047,482,36.05551275463989
2020-09-13,2020,257,1,0.6509894728660583,0.10433293879032135,28.810000000000002,22.488111659458752,8.209106881277933,1.7785110473632812,0.042942118889598646,0.0004930704827934562,21.643341064453125,286.5928039550781,477,151.32745950421557
2020-09-13,2020,257,1,0.7397054433822632,0.17448405921459198,25.630000000000052,19.91546456473219,5.80806666782928,1.8269991193498885,0.041511428601054945,0.0014854729171425163,29.44274139404297,71.61112213134766,1132,340.147027033899
2020-09-14,2020,258,1,0.60665363073349,0.029015306383371353,29.130000000000052,22.177089582170765,8.2160365513393,1.6232332502092635,0.03547021473100642,0.0007170200343757926,23.43194007873535,291.9320068359375,905,412.31056256176606
2020-09-18,2020,262,1,0.3233371675014496,-0.18948322534561157,28.230000000000018,22.488111659458752,8.209106881277933,1.7785110473632812,0.042942118889598646,0.0004930704827934562,7.425206661224365,318.1819763183594,1027,483.73546489791295
2020-09-14,2020,258,1,0.43923163414001465,-0.1391087919473648,34.370000000000005,23.401234654017856,7.373278372628363,1.8465826851981026,0.02255949104478816,0.00017192065674365153,8.416667938232422,201.5766143798828,764,151.32745950421557
2020-09-18,2020,262,1,0.3928077518939972,-0.06953106820583344,26.49000000000001,20.2516810825893,5.961334664481058,1.8531483241489954,0.042101171857623854,0.0013134241099983512,16.09324836730957,169.0827178955078,1434,516.6236541235796
2020-09-05,2020,249,1,0.39428678154945374,-0.18950441479682922,32.47000000000003,22.62325221470428,6.105499703543558,2.0553621564592635,0.03139804030111293,0.00014298260170519939,10.689284324645996,67.2993392944336,897,130
2020-09-18,2020,262,1,0.7052401900291443,0.18210197985172272,24.390000000000043,20.2516810825893,5.961334664481058,1.8531483241489954,0.042101171857623854,0.0013134241099983512,9.646463394165039,0,1442,396.232255123179
2020-09-16,2020,260,1,0.434312641620636,-0.12955337762832642,28.670000000000016,22.488111659458752,8.209106881277933,1.7785110473632812,0.042942118889598646,0.0004930704827934562,13.904173851013184,211.7788543701172,895,281.7800560721074
2020-09-15,2020,259,1,0.5837414264678955,-0.03663985803723335,29.710000000000036,21.85595310756139,6.404718017578148,1.947526114327567,0.03720719838788966,0.0005533158775001823,13.209492683410645,180,1000,122.06555615733703
2020-09-17,2020,261,1,0.6145910024642944,0.08507223427295685,26.79000000000002,20.2516810825893,5.961334664481058,1.8531483241489954,0.042101171857623854,0.0013134241099983512,11.144648551940918,170.41827392578125,1440,570.087712549569
2020-09-15,2020,259,1,0.6754792928695679,0.15501512587070465,27.410000000000025,20.2516810825893,5.961334664481058,1.8531483241489954,0.042101171857623854,0.0013134241099983512,10.616294860839844,6.699584484100342,1583,332.41540277189324
2020-09-16,2020,260,1,0.6875947713851929,0.1121327206492424,32.75000000000006,23.378076171875023,7.950287301199808,1.8184716360909599,0.022200030333308973,0.0002578407521873771,6.827810287475586,270,856,86.02325267042627
2020-09-21,2020,265,1,0.6186581254005432,0.07570496201515198,25.650000000000034,22.26556004115514,7.9648202078683425,1.7128328595842635,0.029608112818507948,0.0008378982539802848,9.596736907958984,319.9896240234375,1191,480.8326112068523
2020-09-18,2020,262,1,0.4821360111236572,-0.017841212451457977,30.07000000000005,21.016240147181918,6.5357866559709805,1.8548921857561385,0.041562703496722975,0.0010885655875831901,21.475467681884766,92.35820007324219,1172,184.39088914585773
2020-09-18,2020,262,1,0.7798281908035278,0.24854785203933716,29.430000000000007,22.177089582170765,8.2160365513393,1.6232332502092635,0.03547021473100642,0.0007170200343757926,28.114364624023438,61.001976013183594,805,250
2020-09-16,2020,260,1,0.657027542591095,0.08349722623825073,28.470000000000027,22.560619245256703,8.499481637137308,1.775313241141183,0.028270212060718336,0.0016259461637169181,0.6252291202545166,90,686,44.721359549995796
2020-09-19,2020,263,1,0.581071138381958,0.0024266489781439304,30.970000000000027,24.60687081473219,7.2743120465959805,1.9655053274972099,0.02116791630437831,9.19908280998527e-05,7.744047164916992,118.43439483642578,575,220.90722034374522
2020-09-13,2020,257,1,0.7068136930465698,0.1894570142030716,26.910000000000025,22.960525948660745,11.28450709751678,1.686535426548549,0.05425353074720363,0.0007546603675514518,3.149444103240967,261.54119873046875,420,60
2020-09-05,2020,249,1,0.4626031816005707,-0.09187812358140945,32.81,22.62325221470428,6.105499703543558,2.0553621564592635,0.03139804030111293,0.00014298260170519939,9.633393287658691,210.87062072753906,1013,161.55494421403512
2020-09-15,2020,259,1,0.6552040576934814,0.07954545319080353,29.850000000000023,21.016240147181918,6.5357866559709805,1.8548921857561385,0.041562703496722975,0.0010885655875831901,27.413055419921875,194.63137817382812,1173,131.52946437965906
2020-09-14,2020,258,1,0.49687498807907104,0.07254814356565475,24.700000000000045,19.91546456473219,5.80806666782928,1.8269991193498885,0.041511428601054945,0.0014854729171425163,25.218177795410156,56.635780334472656,1218,729.9315036357864
2020-09-14,2020,258,1,0.46366986632347107,-0.04682209715247154,29.210000000000036,22.488111659458752,8.209106881277933,1.7785110473632812,0.042942118889598646,0.0004930704827934562,9.646463394165039,180,1053,346.6987164671943
2020-09-17,2020,261,1,0.29936304688453674,-0.18206240236759186,26.920000000000016,22.26556004115514,7.9648202078683425,1.7128328595842635,0.029608112818507948,0.0008378982539802848,6.581798553466797,190.86317443847656,1144,292.0616373302047
2020-09-14,2020,258,1,0.7165639996528625,0.139469712972641,28.200000000000045,21.096597290039085,7.496643502371683,1.798809596470424,0.04642368579557399,0.0016891866918236076,7.858896255493164,4.546205520629883,952,165.52945357246847
2020-09-19,2020,263,1,0.8055842518806458,0.2890365421772003,28.24000000000001,20.396491350446468,6.975756399972113,1.8160171508789062,0.04782852256944636,0.0019606262441307365,14.71779727935791,350.4075012207031,925,152.31546211727817
2020-09-13,2020,257,1,0.5970924496650696,0.1273929476737976,26.170000000000016,20.752797154017856,6.7576429094587525,1.8071212768554688,0.038897407299785414,0.0016238450999885856,12.041404724121094,256.8404541015625,1274,332.41540277189324
2020-09-28,2020,272,1,0.508759617805481,0.026669511571526527,28.430000000000007,21.016240147181918,6.5357866559709805,1.8548921857561385,0.041562703496722975,0.0010885655875831901,26.756277084350586,102.98819732666016,1068,120.41594578792296
2020-09-05,2020,249,1,0.4291820824146271,-0.165440633893013,32.77000000000004,22.62325221470428,6.105499703543558,2.0553621564592635,0.03139804030111293,0.00014298260170519939,10.858519554138184,132.46401977539062,905,40
2020-09-13,2020,257,1,0.5435280203819275,0.14159049093723297,28.49000000000001,20.752797154017856,6.7576429094587525,1.8071212768554688,0.038897407299785414,0.0016238450999885856,10.115188598632812,176.48728942871094,980,334.21549934136806
2020-09-20,2020,264,1,0.5405164957046509,-0.0870712399482727,28.430000000000007,21.016240147181918,6.5357866559709805,1.8548921857561385,0.041562703496722975,0.0010885655875831901,9.477614402770996,78.81754302978516,1231,242.0743687382041
2020-09-13,2020,257,1,0.7538420557975769,0.24129530787467957,29.590000000000032,22.177089582170765,8.2160365513393,1.6232332502092635,0.03547021473100642,0.0007170200343757926,11.052111625671387,297.1177062988281,441,101.9803902718557
2020-09-17,2020,261,1,0.4487452208995819,-0.056300267577171326,27.03000000000003,22.26556004115514,7.9648202078683425,1.7128328595842635,0.029608112818507948,0.0008378982539802848,22.986343383789062,210.83702087402344,1001,286.0069929215018
2020-09-15,2020,259,1,0.4494745433330536,-0.12777893245220184,33.29000000000002,23.378076171875023,7.950287301199808,1.8184716360909599,0.022200030333308973,0.0002578407521873771,3.149015188217163,261.5400085449219,829,92.19544457292886
2020-09-16,2020,260,1,0.3458591401576996,-0.12112598866224289,32.210000000000036,23.906043352399593,5.776794869559183,2.1471873692103793,0.024582100159435072,0.00011674165684283366,8.506620407104492,71.0533218383789,812,167.63054614240212
2020-09-14,2020,258,1,0.4893617033958435,0.055274687707424164,24.700000000000045,19.91546456473219,5.80806666782928,1.8269991193498885,0.041511428601054945,0.0014854729171425163,28.72317123413086,54.82929611206055,1394,723.394774656273
2020-09-28,2020,272,1,0.5618221163749695,0.01825004257261753,28.970000000000027,22.177089582170765,8.2160365513393,1.6232332502092635,0.03547021473100642,0.0007170200343757926,11.509519577026367,286.15533447265625,1219,476.75989764240865
2020-09-28,2020,272,1,0.6313098669052124,0.2176688015460968,29.220000000000027,20.752797154017856,6.7576429094587525,1.8071212768554688,0.038897407299785414,0.0016238450999885856,26.110254287719727,312.61602783203125,1067,458.0392996239515
2020-09-05,2020,249,1,0.27245602011680603,-0.29031339287757874,32.450000000000045,22.62325221470428,6.105499703543558,2.0553621564592635,0.03139804030111293,0.00014298260170519939,4.99776554107666,275.31060791015625,924,106.3014581273465
2020-09-14,2020,258,1,0.48561760783195496,0.04300308972597122,24.55000000000001,19.91546456473219,5.80806666782928,1.8269991193498885,0.041511428601054945,0.0014854729171425163,25.488901138305664,279.7748107910156,1402,721.1102550927978
2020-09-19,2020,263,1,0.2789757549762726,-0.21893003582954407,28.950000000000045,22.488111659458752,8.209106881277933,1.7785110473632812,0.042942118889598646,0.0004930704827934562,12.333901405334473,263.6241455078125,1312,499.2995093127971
2020-09-15,2020,259,1,0.5823588371276855,0.02024989202618599,33.29000000000002,23.378076171875023,7.950287301199808,1.8184716360909599,0.022200030333308973,0.0002578407521873771,5.165283679962158,285.581787109375,834,36.05551275463989
2020-09-15,2020,259,1,0.7452624440193176,0.16379861533641815,24.450000000000045,19.91546456473219,5.80806666782928,1.8269991193498885,0.041511428601054945,0.0014854729171425163,25.65178680419922,57.36180877685547,1265,432.78170016764807
2020-09-14,2020,258,1,0.3994617462158203,-0.09951456636190414,28.010000000000048,22.488111659458752,8.209106881277933,1.7785110473632812,0.042942118889598646,0.0004930704827934562,25.7669620513916,295.84637451171875,1248,670.0746227100382
2020-09-11,2020,255,1,0.7428672313690186,0.1675318479537964,29.930000000000007,21.016240147181918,6.5357866559709805,1.8548921857561385,0.041562703496722975,0.0010885655875831901,25.66594886779785,90,1191,191.049731745428
2020-09-18,2020,262,1,0.6006428003311157,0.04676825925707817,28.360000000000014,21.016240147181918,6.5357866559709805,1.8548921857561385,0.041562703496722975,0.0010885655875831901,26.216508865356445,273.7698059082031,1237,140.356688476182
2020-09-15,2020,259,1,0.6360856294631958,0.06317689269781113,28.360000000000014,21.016240147181918,6.5357866559709805,1.8548921857561385,0.041562703496722975,0.0010885655875831901,23.713146209716797,237.6981201171875,1280,190.26297590440447
2020-09-19,2020,263,1,0.7235537171363831,0.2015652358531952,27.130000000000052,22.640126255580356,10.133033098493343,1.530045645577567,0.04845581675222377,0.0014150947328239738,20.219118118286133,337.36688232421875,579,100
2020-09-15,2020,259,1,0.6711447834968567,0.160588338971138,27.49000000000001,20.2516810825893,5.961334664481058,1.8531483241489954,0.042101171857623854,0.0013134241099983512,5.256286144256592,208.3827362060547,1631,390.5124837953327
2020-09-21,2020,265,1,0.5032894611358643,-0.03297179937362671,28.650000000000034,22.488111659458752,8.209106881277933,1.7785110473632812,0.042942118889598646,0.0004930704827934562,11.073641777038574,70.6799545288086,1272,523.9274758971894
2020-09-14,2020,258,1,0.5601401329040527,-0.005020320415496826,26.350000000000023,20.2516810825893,5.961334664481058,1.8531483241489954,0.042101171857623854,0.0013134241099983512,15.680994033813477,221.4423370361328,1391,610.3277807866851
2020-09-18,2020,262,1,0.43171337246894836,-0.08924377709627151,28.470000000000027,22.488111659458752,8.209106881277933,1.7785110473632812,0.042942118889598646,0.0004930704827934562,16.579225540161133,57.06222152709961,1013,549.1812087098392
2020-09-14,2020,258,1,0.4762085974216461,-0.07046979665756226,28.230000000000018,22.488111659458752,8.209106881277933,1.7785110473632812,0.042942118889598646,0.0004930704827934562,13.545821189880371,346.9712829589844,893,432.66615305567876
2020-09-16,2020,260,1,0.6685879230499268,0.0837622806429863,29.220000000000027,21.85595310756139,6.404718017578148,1.947526114327567,0.03720719838788966,0.0005533158775001823,2.236185073852539,33.99273681640625,854,201.24611797498108
2020-09-15,2020,259,1,0.5639449954032898,0.12555871903896332,22.690000000000055,20.396491350446468,6.975756399972113,1.8160171508789062,0.04782852256944636,0.0019606262441307365,13.654587745666504,21.111474990844727,1484,158.11388300841895
2020-09-13,2020,257,1,0.6642555594444275,0.10639150440692902,29.900000000000034,20.752797154017856,6.7576429094587525,1.8071212768554688,0.038897407299785414,0.0016238450999885856,17.043441772460938,192.34317016601562,861,60
2020-09-15,2020,259,1,0.6303831934928894,0.10923077166080475,27.49000000000001,20.2516810825893,5.961334664481058,1.8531483241489954,0.042101171857623854,0.0013134241099983512,5.724668979644775,49.76620101928711,1647,380.52595180880894
2020-09-19,2020,263,1,0.7887130975723267,0.28246521949768066,29.49000000000001,22.177089582170765,8.2160365513393,1.6232332502092635,0.03547021473100642,0.0007170200343757926,22.475034713745117,273.36480712890625,480,70
2020-09-22,2020,266,1,0.6538899540901184,0.10106251388788223,28.510000000000048,20.396491350446468,6.975756399972113,1.8160171508789062,0.04782852256944636,0.0019606262441307365,22.053091049194336,87.70987701416016,1094,28.284271247461902
2020-09-12,2020,256,1,0.5798335075378418,0.09360915422439575,28.55000000000001,20.752797154017856,6.7576429094587525,1.8071212768554688,0.038897407299785414,0.0016238450999885856,31.665761947631836,349.801025390625,1006,233.45235059857504
2020-09-13,2020,257,1,0.7144970297813416,0.13055181503295898,29.900000000000034,20.752797154017856,6.7576429094587525,1.8071212768554688,0.038897407299785414,0.0016238450999885856,23.458555221557617,188.68560791015625,912,120
2020-09-14,2020,258,1,0.6257309317588806,0.050732459872961044,32.150000000000034,23.378076171875023,7.950287301199808,1.8184716360909599,0.022200030333308973,0.0002578407521873771,3.1503024101257324,261.54351806640625,833,60
2020-09-05,2020,249,1,0.5868239402770996,0.007852812297642231,31.77000000000004,22.62325221470428,6.105499703543558,2.0553621564592635,0.03139804030111293,0.00014298260170519939,11.096022605895996,70.72148895263672,1062,221.35943621178654
2020-09-21,2020,265,1,0.5766183733940125,0.0255045834928751,25.450000000000045,22.26556004115514,7.9648202078683425,1.7128328595842635,0.029608112818507948,0.0008378982539802848,18.09646987915039,310.0892028808594,1358,524.3090691567331
2020-09-14,2020,258,1,0.5991951823234558,0.03651538863778114,29.210000000000036,22.488111659458752,8.209106881277933,1.7785110473632812,0.042942118889598646,0.0004930704827934562,23.674362182617188,52.467796325683594,909,398.24615503479754
2020-09-14,2020,258,1,0.5993079543113708,0.018734846264123917,31.55000000000001,23.378076171875023,7.950287301199808,1.8184716360909599,0.022200030333308973,0.0002578407521873771,2.8491883277893066,167.3639373779297,878,125.29964086141668
2020-09-03,2020,247,1,0.4431644678115845,-0.12335564941167831,31.99000000000001,22.62325221470428,6.105499703543558,2.0553621564592635,0.03139804030111293,0.00014298260170519939,4.1723432540893555,131.73648071289062,1008,264.0075756488817
2020-09-12,2020,256,1,0.49694907665252686,-0.09315570443868637,34.160000000000025,23.401234654017856,7.373278372628363,1.8465826851981026,0.02255949104478816,0.00017192065674365153,6.464860916137695,180,736,22.360679774997898
2020-09-16,2020,260,1,0.771940290927887,0.21739129722118378,29.220000000000027,21.85595310756139,6.404718017578148,1.947526114327567,0.03720719838788966,0.0005533158775001823,22.497312545776367,203.28945922851562,1068,133.41664064126334
2020-09-18,2020,262,1,0.6910508275032043,0.1693592518568039,28.49000000000001,20.752797154017856,6.7576429094587525,1.8071212768554688,0.038897407299785414,0.0016238450999885856,12.181924819946289,210.4198760986328,939,290
2020-09-20,2020,264,1,0.6882029175758362,0.1650993824005127,25.03000000000003,20.752797154017856,6.7576429094587525,1.8071212768554688,0.038897407299785414,0.0016238450999885856,15.87100601196289,271.63134765625,1199,451.22056690713913
2020-09-18,2020,262,1,0.4790063798427582,-0.06683537364006042,28.410000000000025,22.488111659458752,8.209106881277933,1.7785110473632812,0.042942118889598646,0.0004930704827934562,18.057476043701172,271.42254638671875,964,382.88379438153294
2020-09-16,2020,260,1,0.6905797123908997,0.09421063959598541,29.260000000000048,21.85595310756139,6.404718017578148,1.947526114327567,0.03720719838788966,0.0005533158775001823,8.878005027770996,258.03778076171875,816,130
2020-09-15,2020,259,1,0.624467670917511,0.10094813257455826,29.930000000000007,22.110511125837093,5.2052376883370925,2.123303004673549,0.030386772996692457,0.00021397173363268962,15.701231002807617,329.7432556152344,1292,178.04493814764857
2020-09-14,2020,258,1,0.5734989643096924,0.04899720847606659,26.670000000000016,20.2516810825893,5.961334664481058,1.8531483241489954,0.042101171857623854,0.0013134241099983512,7.25959587097168,129.44827270507812,1558,614.00325732035
2020-09-14,2020,258,1,0.5615598559379578,0.14033979177474976,24.370000000000005,19.91546456473219,5.80806666782928,1.8269991193498885,0.041511428601054945,0.0014854729171425163,17.338098526000977,216.51528930664062,1483,621.6912416947821
2020-09-16,2020,260,1,0.5709491968154907,0.041158806532621384,33.23000000000002,23.378076171875023,7.950287301199808,1.8184716360909599,0.022200030333308973,0.0002578407521873771,4.998109340667725,84.68975067138672,843,92.19544457292886
2020-09-18,2020,262,1,0.4339081346988678,-0.10006609559059143,28.950000000000045,22.488111659458752,8.209106881277933,1.7785110473632812,0.042942118889598646,0.0004930704827934562,23.493661880493164,271.0669250488281,883,445.5333881989093
2020-09-05,2020,249,1,0.49921920895576477,-0.05853702500462532,32.51000000000005,22.62325221470428,6.105499703543558,2.0553621564592635,0.03139804030111293,0.00014298260170519939,2.3305857181549072,126.6280517578125,1062,210
2020-09-16,2020,260,1,0.5815367698669434,0.05435784161090851,32.93000000000001,23.378076171875023,7.950287301199808,1.8184716360909599,0.022200030333308973,0.0002578407521873771,2.330376625061035,233.3681182861328,835,50.99019513592785
2020-09-19,2020,263,1,0.5723639726638794,0.07868649065494537,31.890000000000043,23.378076171875023,7.950287301199808,1.8184716360909599,0.022200030333308973,0.0002578407521873771,4.49224328994751,223.85081481933594,841,50
2020-09-15,2020,259,1,0.6231541633605957,0.21209385991096497,22.710000000000036,19.91546456473219,5.80806666782928,1.8269991193498885,0.041511428601054945,0.0014854729171425163,19.74058723449707,345.8982238769531,1497,514.1984052872976
2020-09-15,2020,259,1,0.4563683569431305,-0.121809221804142,33.32000000000005,23.378076171875023,7.950287301199808,1.8184716360909599,0.022200030333308973,0.0002578407521873771,5.582050800323486,173.60597229003906,837,86.02325267042627
2020-09-14,2020,258,1,0.4974396526813507,-0.05573593080043793,28.510000000000048,21.096597290039085,7.496643502371683,1.798809596470424,0.04642368579557399,0.0016891866918236076,11.794097900390625,21.515775680541992,1073,92.19544457292886
2020-09-18,2020,262,1,0.5560640692710876,-0.02873414382338524,29.430000000000007,22.177089582170765,8.2160365513393,1.6232332502092635,0.03547021473100642,0.0007170200343757926,26.77512550354004,18.846445083618164,761,328.02438933713455
2020-09-12,2020,256,1,0.7076369524002075,0.1493072807788849,28.55000000000001,20.752797154017856,6.7576429094587525,1.8071212768554688,0.038897407299785414,0.0016238450999885856,23.95000457763672,161.35916137695312,895,174.6424919657298
2020-09-28,2020,272,1,0.5838926434516907,0.04512372612953186,25.650000000000034,22.26556004115514,7.9648202078683425,1.7128328595842635,0.029608112818507948,0.0008378982539802848,8.216681480407715,235.90818786621094,1160,446.87805943008664
2020-09-19,2020,263,1,0.45646828413009644,-0.03045186586678028,31.890000000000043,23.378076171875023,7.950287301199808,1.8184716360909599,0.022200030333308973,0.0002578407521873771,2.7802884578704834,180,847,60.82762530298219
2020-09-15,2020,259,1,0.6253092288970947,0.050102200359106064,29.410000000000025,22.560619245256703,8.499481637137308,1.775313241141183,0.028270212060718336,0.0016259461637169181,4.8540425300598145,210.9313507080078,727,63.24555320336759
2020-09-13,2020,257,1,0.7120041847229004,0.16447657346725464,30.07000000000005,22.177089582170765,8.2160365513393,1.6232332502092635,0.03547021473100642,0.0007170200343757926,27.17148780822754,297.2117614746094,766,263.0589287593181
2020-09-16,2020,260,1,0.605558454990387,0.09285511076450348,31.49000000000001,20.752797154017856,6.7576429094587525,1.8071212768554688,0.038897407299785414,0.0016238450999885856,23.608686447143555,180,906,126.49110640673518
2020-09-15,2020,259,1,0.5022026300430298,-0.023796742781996727,33.06,23.378076171875023,7.950287301199808,1.8184716360909599,0.022200030333308973,0.0002578407521873771,2.7802884578704834,180,882,136.01470508735443
2020-09-05,2020,249,1,0.37202829122543335,-0.2322911024093628,32.47000000000003,22.62325221470428,6.105499703543558,2.0553621564592635,0.03139804030111293,0.00014298260170519939,6.6236701011657715,110.39595794677734,925,110.45361017187261
2020-09-15,2020,259,1,0.7173144817352295,0.230796217918396,22.710000000000036,19.91546456473219,5.80806666782928,1.8269991193498885,0.041511428601054945,0.0014854729171425163,32.41691207885742,243.5065155029297,1310,484.66483264210535
2020-09-14,2020,258,1,0.5114864110946655,-0.08853305876255035,31.55000000000001,23.378076171875023,7.950287301199808,1.8184716360909599,0.022200030333308973,0.0002578407521873771,3.704791784286499,0,932,150
2020-09-15,2020,259,1,0.7160398960113525,0.16945606470108032,22.590000000000032,20.2516810825893,5.961334664481058,1.8531483241489954,0.042101171857623854,0.0013134241099983512,14.061415672302246,20.423215866088867,1401,313.8470965295043
2020-09-16,2020,260,1,0.5574755668640137,0.011713030748069286,25.430000000000007,20.2516810825893,5.961334664481058,1.8531483241489954,0.042101171857623854,0.0013134241099983512,2.7802884578704834,180,1361,455.411901469428
2020-09-15,2020,259,1,0.4754664897918701,0.038663484156131744,30.890000000000043,22.110511125837093,5.2052376883370925,2.123303004673549,0.030386772996692457,0.00021397173363268962,1.2481889724731445,90,1352,255.53864678361276
2020-09-15,2020,259,1,0.40964436531066895,0.05159754306077957,26.730000000000018,20.752797154017856,6.7576429094587525,1.8071212768554688,0.038897407299785414,0.0016238450999885856,15.940366744995117,195.529541015625,1249,200
2020-09-15,2020,259,1,0.8650509715080261,0.3498154878616333,29.590000000000032,21.096597290039085,7.496643502371683,1.798809596470424,0.04642368579557399,0.0016891866918236076,17.62599754333496,92.92048645019531,914,136.01470508735443
2020-09-21,2020,265,1,0.5389882326126099,0.055845510214567184,30.890000000000043,22.110511125837093,5.2052376883370925,2.123303004673549,0.030386772996692457,0.00021397173363268962,11.169468879699707,134.1755828857422,1297,261.72504656604804
2020-09-16,2020,260,1,0.5348261594772339,0.0037036980502307415,32.210000000000036,23.906043352399593,5.776794869559183,2.1471873692103793,0.024582100159435072,0.00011674165684283366,9.51589298248291,164.94952392578125,822,183.5755975068582
2020-09-05,2020,249,1,0.49079880118370056,-0.09363668411970139,32.93000000000001,22.62325221470428,6.105499703543558,2.0553621564592635,0.03139804030111293,0.00014298260170519939,11.071245193481445,138.12179565429688,867,56.568542494923804
2020-09-13,2020,257,1,0.4500802457332611,0.09656327217817307,26.730000000000018,20.752797154017856,6.7576429094587525,1.8071212768554688,0.038897407299785414,0.0016238450999885856,23.088911056518555,283.16949462890625,1099,162.78820596099706
2020-09-14,2020,258,1,0.4512033462524414,-0.0871792659163475,32.31,23.378076171875023,7.950287301199808,1.8184716360909599,0.022200030333308973,0.0002578407521873771,6.995177268981934,117.50054931640625,855,158.11388300841895
2020-09-06,2020,250,1,0.7258554100990295,0.17257489264011383,32.23000000000002,23.906043352399593,5.776794869559183,2.1471873692103793,0.024582100159435072,0.00011674165684283366,3.8792929649353027,126.64144134521484,713,70.71067811865476
2020-09-14,2020,258,1,0.4835423231124878,-0.08967629075050354,34.370000000000005,23.401234654017856,7.373278372628363,1.8465826851981026,0.02255949104478816,0.00017192065674365153,8.156580924987793,147.8935089111328,782,138.92443989449805
2020-09-13,2020,257,1,0.5150462985038757,0.0869964212179184,28.49000000000001,20.752797154017856,6.7576429094587525,1.8071212768554688,0.038897407299785414,0.0016238450999885856,15.218029022216797,233.4824676513672,1038,305.28675044947494
2020-09-15,2020,259,1,0.6877927184104919,0.15845973789691925,25.340000000000032,22.177089582170765,8.2160365513393,1.6232332502092635,0.03547021473100642,0.0007170200343757926,9.2548246383667,41.83408737182617,893,310.4834939252005
2020-09-16,2020,260,1,0.7037959098815918,0.14906713366508484,29.220000000000027,21.85595310756139,6.404718017578148,1.947526114327567,0.03720719838788966,0.0005533158775001823,14.931489944458008,145.03494262695312,875,158.11388300841895
2020-09-01,2020,245,1,0.6782696843147278,0.10157312452793121,27.000000000000057,23.992523629324808,6.06675763811387,2.0884170532226562,0.025252264982967176,5.208551842272868e-05,20.88896942138672,273.6478576660156,636,121.65525060596438
2020-09-06,2020,250,1,0.5410391688346863,0.020482096821069717,32.23000000000002,23.906043352399593,5.776794869559183,2.1471873692103793,0.024582100159435072,0.00011674165684283366,16.06888198852539,209.41619873046875,805,130.384048104053
2020-09-15,2020,259,1,0.6424533128738403,0.24208848178386688,28.350000000000023,20.752797154017856,6.7576429094587525,1.8071212768554688,0.038897407299785414,0.0016238450999885856,11.213778495788574,262.9649353027344,1154,403.11288741492746
2020-09-15,2020,259,1,0.6328233480453491,0.09006499499082565,27.33000000000004,20.2516810825893,5.961334664481058,1.8531483241489954,0.042101171857623854,0.0013134241099983512,21.322450637817383,36.03152084350586,1448,385.8756276314948
2020-09-14,2020,258,1,0.5836814641952515,0.019325625151395798,29.430000000000007,22.177089582170765,8.2160365513393,1.6232332502092635,0.03547021473100642,0.0007170200343757926,34.80811309814453,79.94282531738281,870,367.6955262170047
2020-09-13,2020,257,1,0.6077170372009277,0.1078677549958229,27.630000000000052,20.752797154017856,6.7576429094587525,1.8071212768554688,0.038897407299785414,0.0016238450999885856,15.86782455444336,226.8910675048828,910,170
2020-09-05,2020,249,1,0.5158238410949707,-0.07002945989370346,32.75000000000006,22.62325221470428,6.105499703543558,2.0553621564592635,0.03139804030111293,0.00014298260170519939,1.9562842845916748,161.4143829345703,1025,150
2020-09-12,2020,256,1,0.5738164186477661,0.07284697890281677,31.49000000000001,20.752797154017856,6.7576429094587525,1.8071212768554688,0.038897407299785414,0.0016238450999885856,18.34767723083496,143.6471405029297,908,72.11102550927978
2020-09-18,2020,262,1,0.6089887022972107,0.11950616538524628,27.390000000000043,22.960525948660745,11.28450709751678,1.686535426548549,0.05425353074720363,0.0007546603675514518,29.826093673706055,248.46539306640625,384,10
2020-09-15,2020,259,1,0.8100752830505371,0.23693859577178955,28.470000000000027,22.560619245256703,8.499481637137308,1.775313241141183,0.028270212060718336,0.0016259461637169181,9.060444831848145,297.18115234375,710,28.284271247461902
2020-09-14,2020,258,1,0.41968557238578796,-0.09891539812088013,28.010000000000048,22.488111659458752,8.209106881277933,1.7785110473632812,0.042942118889598646,0.0004930704827934562,12.847216606140137,41.8160400390625,1139,623.698645180507
2020-09-05,2020,249,1,0.42426732182502747,-0.09174522012472153,32.63000000000005,22.62325221470428,6.105499703543558,2.0553621564592635,0.03139804030111293,0.00014298260170519939,4.999485492706299,264.69122314453125,990,194.164878389476
2020-09-15,2020,259,1,0.28045788407325745,-0.16211877763271332,24.49000000000001,20.2516810825893,5.961334664481058,1.8531483241489954,0.042101171857623854,0.0013134241099983512,5.9105658531188965,71.77631378173828,1330,370
2020-09-15,2020,259,1,0.6212799549102783,0.08799683302640915,27.390000000000043,22.960525948660745,11.28450709751678,1.686535426548549,0.05425353074720363,0.0007546603675514518,14.719371795654297,299.534912109375,563,76.15773105863909
2020-09-15,2020,259,1,0.42388400435447693,-0.14241960644721985,31.610000000000014,23.378076171875023,7.950287301199808,1.8184716360909599,0.022200030333308973,0.0002578407521873771,5.251193046569824,331.7208557128906,885,67.0820393249937
2020-09-05,2020,249,1,0.4106726348400116,-0.16776329278945923,32.75000000000006,22.62325221470428,6.105499703543558,2.0553621564592635,0.03139804030111293,0.00014298260170519939,12.79331111907959,129.91148376464844,967,100
2020-09-17,2020,261,1,0.5751376748085022,0.040811020880937576,30.07000000000005,21.016240147181918,6.5357866559709805,1.8548921857561385,0.041562703496722975,0.0010885655875831901,8.943056106567383,43.93974304199219,1217,191.049731745428
2020-09-17,2020,261,1,0.5450019240379333,-0.01345072127878666,26.890000000000043,20.2516810825893,5.961334664481058,1.8531483241489954,0.042101171857623854,0.0013134241099983512,3.128462314605713,90,1558,504.8762224545735
2020-09-19,2020,263,1,0.4199920892715454,-0.15768194198608398,30.970000000000027,24.60687081473219,7.2743120465959805,1.9655053274972099,0.02116791630437831,9.19908280998527e-05,5.581967830657959,186.38641357421875,573,280.713376952364
2020-09-12,2020,256,1,0.6538456678390503,0.08055736869573593,33.06,23.378076171875023,7.950287301199808,1.8184716360909599,0.022200030333308973,0.0002578407521873771,11.211854934692383,153.93821716308594,818,126.49110640673518
2020-09-14,2020,258,1,0.639955461025238,0.09839731454849243,32.31,23.378076171875023,7.950287301199808,1.8184716360909599,0.022200030333308973,0.0002578407521873771,3.8491666316986084,103.92173767089844,841,122.06555615733703
2020-09-15,2020,259,1,0.45326822996139526,-0.07697135955095291,28.310000000000002,22.488111659458752,8.209106881277933,1.7785110473632812,0.042942118889598646,0.0004930704827934562,11.589908599853516,47.86222839355469,1117,584.1232746604094
2020-09-14,2020,258,1,0.8020887970924377,0.2879268527030945,29.930000000000007,21.016240147181918,6.5357866559709805,1.8548921857561385,0.041562703496722975,0.0010885655875831901,29.96253204345703,47.62885665893555,1138,156.5247584249853
2020-09-17,2020,261,1,0.5583807229995728,-0.008844953030347824,29.430000000000007,22.177089582170765,8.2160365513393,1.6232332502092635,0.03547021473100642,0.0007170200343757926,28.782657623291016,278.4723815917969,830,212.13203435596427
2020-09-16,2020,260,1,0.6896139979362488,0.10099297761917114,29.930000000000007,21.016240147181918,6.5357866559709805,1.8548921857561385,0.041562703496722975,0.0010885655875831901,17.361961364746094,126.54259490966797,1045,141.4213562373095
2020-09-14,2020,258,1,0.5368210673332214,0.03744383528828621,26.670000000000016,20.2516810825893,5.961334664481058,1.8531483241489954,0.042101171857623854,0.0013134241099983512,7.570323944091797,244.76637268066406,1573,608.3584469702053
2020-09-14,2020,258,1,0.4916498363018036,-0.04558149725198746,28.05000000000001,22.488111659458752,8.209106881277933,1.7785110473632812,0.042942118889598646,0.0004930704827934562,22.372623443603516,77.50802612304688,956,449.22154890432404
2020-09-22,2020,266,1,0.4057508111000061,-0.18367347121238708,29.430000000000007,22.177089582170765,8.2160365513393,1.6232332502092635,0.03547021473100642,0.0007170200343757926,17.47528076171875,284.8975830078125,949,277.8488797889961
2020-09-21,2020,265,1,0.48005935549736023,-0.07944940030574799,32.68000000000001,22.110511125837093,5.2052376883370925,2.123303004673549,0.030386772996692457,0.00021397173363268962,11.409679412841797,139.6424560546875,1052,210.2379604162864
2020-09-14,2020,258,1,0.7110210061073303,0.17974087595939636,29.590000000000032,20.396491350446468,6.975756399972113,1.8160171508789062,0.04782852256944636,0.0019606262441307365,12.026094436645508,55.25642395019531,1079,72.80109889280519
2020-09-19,2020,263,1,0.2846730053424835,-0.20532716810703278,26.860000000000014,22.26556004115514,7.9648202078683425,1.7128328595842635,0.029608112818507948,0.0008378982539802848,26.787220001220703,48.90463638305664,1115,357.3513677041127
2020-09-14,2020,258,1,0.5361879467964172,-0.007661823183298111,25.430000000000007,20.2516810825893,5.961334664481058,1.8531483241489954,0.042101171857623854,0.0013134241099983512,7.814492225646973,107.15029907226562,1381,500.39984012787215
2020-09-05,2020,249,1,0.6294654607772827,0.07030948251485825,31.810000000000002,22.62325221470428,6.105499703543558,2.0553621564592635,0.03139804030111293,0.00014298260170519939,15.816682815551758,0,1064,215.870331449229
2020-09-05,2020,249,1,0.3779042661190033,-0.2266913205385208,32.47000000000003,22.62325221470428,6.105499703543558,2.0553621564592635,0.03139804030111293,0.00014298260170519939,7.037227630615234,141.88804626464844,882,60.82762530298219
2020-09-13,2020,257,1,0.4997410774230957,-0.017305735498666763,31.890000000000043,23.378076171875023,7.950287301199808,1.8184716360909599,0.022200030333308973,0.0002578407521873771,1.3306726217269897,290.3920593261719,855,40
2020-09-25,2020,269,1,0.581432580947876,0.06839686632156372,28.230000000000018,22.488111659458752,8.209106881277933,1.7785110473632812,0.042942118889598646,0.0004930704827934562,17.039840698242188,286.8873291015625,869,424.85291572496004
2020-09-12,2020,256,1,0.3574897348880768,-0.15714286267757416,33.06,23.378076171875023,7.950287301199808,1.8184716360909599,0.022200030333308973,0.0002578407521873771,2.9769318103790283,141.0958251953125,887,187.88294228055935
2020-09-21,2020,265,1,0.5463513135910034,0.015304883942008018,28.950000000000045,22.488111659458752,8.209106881277933,1.7785110473632812,0.042942118889598646,0.0004930704827934562,23.490928649902344,61.04052734375,1191,469.5742752749558
2020-09-17,2020,261,1,0.2991044819355011,-0.1855832189321518,28.310000000000002,22.488111659458752,8.209106881277933,1.7785110473632812,0.042942118889598646,0.0004930704827934562,23.114961624145508,225.44459533691406,1113,545.6189146281496
2020-09-13,2020,257,1,0.5635408759117126,0.022908927872776985,31.410000000000025,22.903386143275668,6.3446986607143,2.0274647303989957,0.03227232123067836,7.060766178668132e-05,12.556618690490723,150.7083282470703,884,10
2020-09-16,2020,260,1,0.6895197629928589,0.16760535538196564,26.450000000000045,21.016240147181918,6.5357866559709805,1.8548921857561385,0.041562703496722975,0.0010885655875831901,10.606842994689941,82.5499267578125,1299,186.01075237738274
2020-09-15,2020,259,1,0.5886214375495911,0.0483754500746727,27.03000000000003,20.2516810825893,5.961334664481058,1.8531483241489954,0.042101171857623854,0.0013134241099983512,10.444941520690918,45.37224197387695,1505,429.4182110716778
2020-09-18,2020,262,1,0.5930283069610596,0.012742382474243641,28.360000000000014,21.016240147181918,6.5357866559709805,1.8548921857561385,0.041562703496722975,0.0010885655875831901,15.933958053588867,155.121337890625,1316,156.5247584249853
2020-09-18,2020,262,1,0.7115429639816284,0.1694277822971344,28.420000000000016,20.752797154017856,6.7576429094587525,1.8071212768554688,0.038897407299785414,0.0016238450999885856,9.268600463867188,199.55172729492188,1044,284.42925306655786
2020-09-26,2020,270,1,0.24168652296066284,-0.22596004605293274,28.650000000000034,22.488111659458752,8.209106881277933,1.7785110473632812,0.042942118889598646,0.0004930704827934562,2.8497424125671387,299.19573974609375,1314,570.087712549569
2020-09-05,2020,249,1,0.49654632806777954,-0.09086117893457413,31.83000000000004,22.62325221470428,6.105499703543558,2.0553621564592635,0.03139804030111293,0.00014298260170519939,0.7773478031158447,233.37770080566406,1037,264.0075756488817
2020-09-17,2020,261,1,0.45179709792137146,-0.06134094297885895,26.99000000000001,20.2516810825893,5.961334664481058,1.8531483241489954,0.042101171857623854,0.0013134241099983512,12.936388969421387,92.01934051513672,1555,500.39984012787215
2020-09-14,2020,258,1,0.5533796548843384,0.10641169548034668,25.600000000000023,19.91546456473219,5.80806666782928,1.8269991193498885,0.041511428601054945,0.0014854729171425163,22.65794563293457,139.1278533935547,1389,688.7670143089025
2020-07-25,2020,207,0,0.6197245717048645,0.18084700405597687,30.390000000000043,22.606554739815863,12.954008265904065,2.250429425920759,0.059457283649958725,0.006129117501210146,14.662572860717773,123.83606719970703,78,63.24555320336759
2020-07-25,2020,207,0,0.3574613034725189,0.04304761812090874,33.02000000000004,26.360990687779065,10.933132062639515,3.003716605050223,0.012683849964655991,0.0029848085765351584,2.9739716053009033,218.8333282470703,882,138.92443989449805
2020-07-30,2020,212,0,0.7382145524024963,0.3225589096546173,25.29000000000002,23.041970825195335,13.23860648018973,2.3310023716517856,0.05790830794385826,0.0040150599603165915,9.83937931060791,109.0668716430664,327,63.24555320336759
2020-07-31,2020,213,0,0.5579940676689148,0.1752587854862213,27.190000000000055,23.26936819893973,13.040848214285745,2.4096483503069197,0.048266630802668686,0.0034861134414185813,5.439079761505127,126.51536560058594,400,120
2020-07-30,2020,212,0,0.6327033638954163,0.140829935669899,29.210000000000036,23.189514596121683,11.423124476841565,2.459163120814732,0.040604394112147446,0.00643527675909894,19.287654876708984,266.02130126953125,1087,172.04650534085255
2020-07-31,2020,213,0,0.8184363842010498,0.3761921525001526,31.110000000000014,23.799988228934183,11.65699157714846,2.674769810267857,0.027268123064555283,0.005620645177792483,2.5297255516052246,100.55616760253906,905,114.0175425099138
2020-07-31,2020,213,0,0.7098356485366821,0.28988906741142273,24.440000000000055,22.817034476143988,11.948672049386175,2.48992919921875,0.04272612575105583,0.004132227790783816,13.51639175415039,323.9111328125,751,89.44271909999159
2020-07-31,2020,213,0,0.8587636947631836,0.41866666078567505,26.110000000000014,23.763369315011175,11.126628766741078,2.58221435546875,0.05376281980089104,0.01199264992518323,13.438652992248535,246.01620483398438,815,123.6931687685298
2020-07-25,2020,207,0,0.43532752990722656,0.15710365772247314,24.950000000000045,23.165721784319203,11.721220179966565,2.3702806745256697,0.07365245762876427,0.018231184971760683,16.423187255859375,301.4485778808594,1065,41.23105625617661
2020-07-31,2020,213,0,0.7135095000267029,0.24232898652553558,31.560000000000002,25.27710876464846,12.171267264229925,2.7181178501674106,0.02084621432832634,0.005321087134312563,6.010525703430176,46.22319793701172,854,78.10249675906654
2020-07-30,2020,212,0,0.5194128751754761,0.15571346879005432,26.410000000000025,22.147145298549106,12.852018519810315,2.616370064871652,0.06149591151288902,0.0039118694190491965,4.1951494216918945,296.192138671875,495,20
2020-07-31,2020,213,0,0.731369137763977,0.25601130723953247,29.590000000000032,25.745021711077015,11.570110212053578,2.830777849469866,0.02116018179468071,0.00433583725733655,4.987827301025391,338.0337829589844,820,44.721359549995796
2020-07-31,2020,213,0,0.652601957321167,0.12892170250415802,25.350000000000023,21.555773489815863,10.61332746233262,2.3575265066964284,0.05327070895246422,0.0067248659257401755,24.518600463867188,40.266963958740234,1163,588.727441181401
2020-07-31,2020,213,0,0.772208571434021,0.2456747442483902,27.650000000000034,21.266087559291293,11.045323399135043,2.295750209263393,0.06504629198125755,0.007501082313488894,7.235210418701172,288.5887451171875,1122,284.2534080710379
2020-07-25,2020,207,0,0.6745669841766357,0.21640582382678986,28.890000000000043,25.745021711077015,11.570110212053578,2.830777849469866,0.02116018179468071,0.00433583725733655,11.059989929199219,186.388671875,973,170
2020-07-31,2020,213,0,0.7586763501167297,0.38167938590049744,28.590000000000032,23.304607282366078,13.500525774274593,2.4958387102399553,0.054942738447703476,0.0034034567002763083,4.480377197265625,101.92256927490234,382,40
2020-07-31,2020,213,0,0.796011209487915,0.36756399273872375,25.28000000000003,22.459289986746683,12.40043683733262,2.312689644949777,0.05384094658903038,0.0038227306727876,11.084528923034668,41.95667266845703,281,58.309518948453004
2020-07-30,2020,212,0,0.5302599668502808,0.12843450903892517,26.950000000000045,22.66976100376678,13.215286690848245,2.191321236746652,0.061966505084551926,0.005071611893605166,9.593500137329102,35.503665924072266,248,10
2020-07-30,2020,212,0,0.6384825110435486,0.24106791615486145,26.53000000000003,22.608608136858265,11.549133736746683,2.5845729282924106,0.035790082250155564,0.005456657898854189,6.6228156089782715,249.6012725830078,993,63.24555320336759
2020-07-26,2020,208,0,0.6877426505088806,0.2711423635482788,27.82000000000005,22.621767752511175,12.239641898018988,2.437410627092634,0.048152070675410386,0.0035863386516084006,8.679719924926758,90,833,31.622776601683796
2020-07-31,2020,213,0,0.6349549293518066,0.11774954944849014,31.730000000000018,25.27710876464846,12.171267264229925,2.7181178501674106,0.02084621432832634,0.005321087134312563,2.2328529357910156,146.1343994140625,847,161.24515496597098
2020-07-31,2020,213,0,0.7167674899101257,0.25311845541000366,26.750000000000057,25.012041800362738,12.574291120256703,2.503363473074777,0.026761543188609238,0.006047503841351443,7.453646659851074,330.0111083984375,894,140.356688476182
2020-07-30,2020,212,0,0.6574339866638184,0.31050318479537964,26.980000000000018,21.987457711356058,12.854115513392856,2.4940316336495534,0.05881182495168602,0.006526486766766482,11.728684425354004,108.1728515625,572,110.45361017187261
2020-07-25,2020,207,0,0.4031890630722046,0.1541108936071396,29.710000000000036,22.606554739815863,12.954008265904065,2.250429425920759,0.059457283649958725,0.006129117501210146,24.982891082763672,188.0512237548828,790,181.10770276274835
2020-07-31,2020,213,0,0.8353657722473145,0.363023966550827,24.57000000000005,22.839634922572543,12.343944440569203,2.463808332170759,0.04324158671907341,0.0037933306817521384,3.4175970554351807,113.99126434326172,699,67.0820393249937
2020-07-24,2020,206,0,0.7446601390838623,0.2854359447956085,29.910000000000025,24.558637782505627,12.551309204101585,2.4616917201450894,0.027158063087977524,0.006068261158894472,1.8688621520996094,221.9125213623047,639,72.11102550927978
2020-07-30,2020,212,0,0.5291844010353088,0.06362738460302353,29.02000000000004,23.190613228934183,11.663892909458752,2.5534842354910716,0.030265789661921616,0.0058774219874848654,6.208756446838379,90,1164,304.138126514911
2020-07-29,2020,211,0,0.620480477809906,0.19778534770011902,26.100000000000023,21.940861729213168,13.302776227678578,2.6533900669642856,0.05902704242280876,0.008075194251965456,17.478368759155273,129.98663330078125,461,136.01470508735443
2020-07-25,2020,207,0,0.5145097970962524,0.3378477394580841,27.380000000000052,22.751687622070335,13.377123587472113,2.3837454659598216,0.05995444599203026,0.005374135268162661,2.5431840419769287,259.5003967285156,137,42.426406871192846
2020-07-27,2020,209,0,0.7376574873924255,0.3079075515270233,26.910000000000025,23.304607282366078,13.500525774274593,2.4958387102399553,0.054942738447703476,0.0034034567002763083,7.013125419616699,281.384033203125,391,10
2020-07-31,2020,213,0,0.7762771844863892,0.27247998118400574,26.57000000000005,24.278800310407405,12.810266113281273,2.384728567940848,0.03147093597463524,0.005811841977070742,9.646463394165039,180,810,120.41594578792296
2020-07-25,2020,207,0,0.5785225033760071,0.24249742925167084,28.29000000000002,23.200878034319203,12.65875069754469,2.263726370675223,0.08306668344549095,0.015644358289669924,12.032180786132812,204.30430603027344,626,180
2020-07-25,2020,207,0,0.7007392048835754,0.14459384977817535,33.97000000000003,24.63147888183596,10.783386666434183,2.810455322265625,0.034911509786166306,0.006149383080433779,7.453244209289551,209.98345947265625,1010,222.03603311174518
2020-07-30,2020,212,0,0.7979546189308167,0.33818182349205017,23.610000000000014,22.862150355747815,12.707642037527933,2.2715061732700894,0.0708498323302642,0.007535012257527285,9.849075317382812,229.25552368164062,1008,141.4213562373095
2020-07-31,2020,213,0,0.5772544741630554,0.05982246249914169,25.07000000000005,22.573083496093773,11.672365897042425,2.5809456961495534,0.04107571784070885,0.00494069029135602,31.611860275268555,283.69219970703125,1113,208.08652046684813
2020-07-27,2020,209,0,0.6410520672798157,0.15150266885757446,26.640000000000043,22.139801461356058,13.273525129045765,2.6343776157924106,0.05904538575223839,0.00710879434389966,3.302518844604492,169.0711669921875,641,250
2020-07-30,2020,212,0,0.801001787185669,0.284629762172699,30.350000000000023,23.675284685407405,12.161992100306918,2.462528773716518,0.032321583662547226,0.0053694712047089865,9.524295806884766,51.16062927246094,671,162.78820596099706
2020-07-30,2020,212,0,0.7888036370277405,0.2846791744232178,25.890000000000043,21.716143362862738,11.555926077706488,2.2813219342912947,0.05825756135991966,0.006250249040554934,7.171413421630859,205.76438903808594,962,101.9803902718557
2020-07-31,2020,213,0,0.7988661527633667,0.29845094680786133,27.930000000000007,23.001380266462093,12.2405726841518,2.238165719168527,0.08727310243657982,0.021049069059323244,8.632832527160645,226.12782287597656,928,120.41594578792296
2020-07-31,2020,213,0,0.8662046194076538,0.3780522644519806,27.190000000000055,22.608608136858265,11.549133736746683,2.5845729282924106,0.035790082250155564,0.005456657898854189,6.006588935852051,180,920,230.8679276123039
2020-07-31,2020,213,0,0.5287895202636719,0.10149973630905151,34.09000000000003,26.064776175362738,12.09246651785719,2.712397984095982,0.020389821563281174,0.00470417906088727,7.929563999176025,249.59490966796875,433,20
2020-07-25,2020,207,0,0.6929269433021545,0.1807228922843933,28.010000000000048,22.59568830217637,11.259081595284613,2.3900909423828125,0.06614417973569786,0.013604553235005312,10.703949928283691,9.986571311950684,1044,222.03603311174518
2020-07-27,2020,209,0,0.6727272868156433,0.3240223526954651,27.260000000000048,22.78186950683596,13.763197108677502,2.304772513253348,0.06174042466691887,0.00646792520327466,17.614028930664062,274.38629150390625,481,128.06248474865697
2020-07-31,2020,213,0,0.6105278134346008,0.2877911627292633,24.99000000000001,22.751687622070335,13.377123587472113,2.3837454659598216,0.05995444599203026,0.005374135268162661,6.867624282836914,266.14666748046875,720,114.0175425099138
2020-07-31,2020,213,0,0.4926598072052002,-0.049052998423576355,34.410000000000025,25.713213675362738,12.551317923409613,2.6520799909319197,0.020426090989627,0.005131365549992495,3.8458306789398193,76.06591033935547,555,170.88007490635061
2020-07-30,2020,212,0,0.5842623710632324,0.1407182812690735,27.29000000000002,23.158879307338168,13.122990635463168,2.3470458984375,0.053537767563380356,0.003514619362782412,5.61919641494751,270,372,86.02325267042627
2020-07-31,2020,213,0,0.43683022260665894,0.09393177181482315,33.79000000000002,26.080959211077015,12.158988298688655,2.7887093680245534,0.01696180943063652,0.004652233612965517,3.727783679962158,90,520,107.70329614269008
2020-07-25,2020,207,0,0.5640368461608887,0.016554979607462883,31.110000000000014,23.763369315011175,11.126628766741078,2.58221435546875,0.05376281980089104,0.01199264992518323,3.3506698608398438,146.04495239257812,1098,50
2020-07-30,2020,212,0,0.7006913423538208,0.2476833611726761,25.200000000000045,22.459289986746683,12.40043683733262,2.312689644949777,0.05384094658903038,0.0038227306727876,6.949875354766846,5.130395412445068,1158,133.41664064126334
2020-07-25,2020,207,0,0.42565712332725525,0.12808570265769958,23.630000000000052,21.716143362862738,11.555926077706488,2.2813219342912947,0.05825756135991966,0.006250249040554934,8.543855667114258,119.00447845458984,855,92.19544457292886
2020-07-25,2020,207,0,0.6743744015693665,0.17665725946426392,28.49000000000001,23.083411516462093,13.40924987792971,2.442533220563616,0.05570910516790306,0.007635833514164858,14.135880470275879,355.0533142089844,611,197.2308292331602
2020-07-25,2020,207,0,0.5509202480316162,0.13312692940235138,30.590000000000032,23.200878034319203,12.65875069754469,2.263726370675223,0.08306668344549095,0.015644358289669924,27.748971939086914,180,526,92.19544457292886
2020-07-27,2020,209,0,0.5596596002578735,0.2594658136367798,24.940000000000055,23.204311261858265,12.96084856305805,2.360111781529018,0.04405207577756798,0.00468167830748456,16.323333740234375,36.72861099243164,665,125.29964086141668
2020-07-31,2020,213,0,0.600529134273529,0.24564537405967712,26.190000000000055,22.459289986746683,12.40043683733262,2.312689644949777,0.05384094658903038,0.0038227306727876,5.087785243988037,0,1175,301.4962686336267
2020-07-30,2020,212,0,0.5141631960868835,0.22121362388134003,25.99000000000001,21.987457711356058,12.854115513392856,2.4940316336495534,0.05881182495168602,0.006526486766766482,8.381107330322266,8.55772876739502,495,44.721359549995796
2020-07-27,2020,209,0,0.6071608662605286,0.0982796773314476,29.55000000000001,22.678074863978793,13.479078456333752,2.3313751220703125,0.059678148661173935,0.006079764855336123,6.674081325531006,213.8971710205078,306,133.41664064126334
2020-07-30,2020,212,0,0.5297830104827881,0.04950091615319252,28.710000000000036,22.46315482003348,11.900345284598245,2.2511400495256697,0.07998515311292564,0.01635523308558362,19.72781753540039,238.72618103027344,607,72.80109889280519
2020-07-31,2020,213,0,0.5928002595901489,0.082950159907341,33.31,25.713213675362738,12.551317923409613,2.6520799909319197,0.020426090989627,0.005131365549992495,10.329888343811035,327.5345764160156,558,60
2020-07-31,2020,213,0,0.8566469550132751,0.37465980648994446,27.510000000000048,23.58479788643973,11.282438441685315,2.607945033482143,0.04907326046041405,0.009325088751744204,4.991123676300049,270,693,89.44271909999159
2020-07-30,2020,212,0,0.7028571367263794,0.21241970360279083,32.450000000000045,25.020429774693127,12.23482448032928,2.5712999616350447,0.02826249245218193,0.005950795305203371,9.080750465393066,195.80918884277344,550,138.92443989449805
2020-07-30,2020,212,0,0.5948640704154968,0.1741161197423935,26.260000000000048,22.494389561244418,12.53776593889512,2.271547589983259,0.05686780456117546,0.005852581751774721,23.4200496673584,287.3960266113281,550,155.24174696260025
2020-07-27,2020,209,0,0.6160810589790344,0.1273537427186966,27.940000000000055,23.204311261858265,12.96084856305805,2.360111781529018,0.04405207577756798,0.00468167830748456,1.1191679239273071,214.04202270507812,562,53.85164807134504
2020-07-31,2020,213,0,0.7627031803131104,0.3072005808353424,27.49000000000001,22.879449462890648,12.175897216796898,2.2508392333984375,0.08712267521432793,0.018995182407330446,12.435100555419922,289.2901916503906,933,449.22154890432404
2020-07-31,2020,213,0,0.6698465347290039,0.3153381943702698,24.390000000000043,23.09456569126678,13.17895115443639,2.2886221749441966,0.07454363647512352,0.006390707385968142,7.020349502563477,101.37205505371094,625,139.2838827718412
2020-07-30,2020,212,0,0.6707994937896729,0.25706765055656433,26.150000000000034,22.361341639927502,13.035882568359398,2.5540771484375,0.05782615784219658,0.005504624736737185,21.54681396484375,239.17218017578125,823,120.41594578792296
2020-07-31,2020,213,0,0.631835401058197,0.2483777403831482,25.170000000000016,22.204210989815863,12.279223196847113,2.1648406982421875,0.05975992623380577,0.004579948080014162,10.504253387451172,92.50190734863281,924,220.2271554554524
2020-07-27,2020,209,0,0.5809105634689331,0.08789269626140594,33.48000000000002,23.190613228934183,11.663892909458752,2.5534842354910716,0.030265789661921616,0.0058774219874848654,5.158898830413818,105.60166931152344,723,205.91260281974002
2020-07-31,2020,213,0,0.5804763436317444,0.06806133687496185,26.610000000000014,22.79713919503348,12.583036586216565,2.30096435546875,0.07509511354974663,0.007449568999241762,31.070520401000977,137.630615234375,581,111.80339887498948
2020-07-31,2020,213,0,0.6795679330825806,0.27612411975860596,30.690000000000055,25.020429774693127,12.23482448032928,2.5712999616350447,0.02826249245218193,0.005950795305203371,16.647302627563477,321.7200927734375,632,147.648230602334
2020-07-31,2020,213,0,0.40281856060028076,0.2544448971748352,28.120000000000005,22.78186950683596,13.763197108677502,2.304772513253348,0.06174042466691887,0.00646792520327466,6.380654811859131,282.54095458984375,192,36.05551275463989
2020-07-31,2020,213,0,0.8057994246482849,0.33243000507354736,24.750000000000057,22.664690726143988,12.904951259068127,2.3852735246930803,0.05717484298757469,0.005168335330914431,4.213103771209717,351.4410705566406,587,22.360679774997898
2020-07-31,2020,213,0,0.7786116003990173,0.3632071912288666,26.090000000000032,23.158879307338168,13.122990635463168,2.3470458984375,0.053537767563380356,0.003514619362782412,21.839406967163086,194.21026611328125,192,242.0743687382041
2020-07-31,2020,213,0,0.6843711733818054,0.17701226472854614,31.77000000000004,25.560765293666293,11.121606445312523,2.969846452985491,0.023726772699870224,0.004302473557423525,15.226263999938965,271.70404052734375,723,121.65525060596438
2020-07-30,2020,212,0,0.5058335661888123,0.2637428045272827,28.670000000000016,22.78186950683596,13.763197108677502,2.304772513253348,0.06174042466691887,0.00646792520327466,11.115184783935547,250.7569122314453,293,178.88543819998318
2020-07-31,2020,213,0,0.49320563673973083,0.16779299080371857,24.58000000000004,23.204311261858265,12.96084856305805,2.360111781529018,0.04405207577756798,0.00468167830748456,4.18422794342041,131.59095764160156,585,50
2020-07-31,2020,213,0,0.47504526376724243,0.20480945706367493,23.890000000000043,21.266087559291293,11.045323399135043,2.295750209263393,0.06504629198125755,0.007501082313488894,13.658143997192383,277.65643310546875,1227,111.80339887498948
2020-07-31,2020,213,0,0.7273651361465454,0.27821165323257446,26.03000000000003,21.727014160156273,12.56007864815848,2.4755445207868303,0.06349770370534813,0.0054596530322541525,11.44536304473877,139.4270477294922,775,123.6931687685298
2020-07-25,2020,207,0,0.5794599652290344,0.057498518377542496,31.74000000000001,26.792631312779065,10.66813703264512,3.155480521065848,0.01732422057203209,0.003531412971447878,25.662357330322266,103.64151763916016,546,42.426406871192846
2020-07-31,2020,213,0,0.7789185643196106,0.3522178530693054,27.140000000000043,22.618596104213168,13.696080235072543,2.482088361467634,0.06116228941491997,0.006985099804829531,3.863250494003296,283.86981201171875,263,28.284271247461902
2020-07-31,2020,213,0,0.7550179958343506,0.26039549708366394,27.350000000000023,23.09456569126678,13.17895115443639,2.2886221749441966,0.07454363647512352,0.006390707385968142,10.392155647277832,166.15609741210938,334,94.33981132056603
2020-07-31,2020,213,0,0.4609839618206024,0.17436423897743225,27.350000000000023,22.66976100376678,13.215286690848245,2.191321236746652,0.061966505084551926,0.005071611893605166,3.7436466217041016,210.01516723632812,106,10
2020-07-25,2020,207,0,0.6625054478645325,0.11993835866451263,29.390000000000043,23.001380266462093,12.2405726841518,2.238165719168527,0.08727310243657982,0.021049069059323244,16.091712951660156,209.56787109375,413,171.17242768623692
2020-07-25,2020,207,0,0.7456420063972473,0.2519809901714325,32.370000000000005,24.63147888183596,10.783386666434183,2.810455322265625,0.034911509786166306,0.006149383080433779,2.84926438331604,12.642899513244629,998,155.24174696260025
2020-07-31,2020,213,0,0.6677561402320862,0.18900810182094574,28.210000000000036,23.075040980747815,12.7129847935268,2.272096906389509,0.0764844680171386,0.011281804931591921,20.449542999267578,65.64302825927734,350,42.426406871192846
2020-07-31,2020,213,0,0.6949530243873596,0.306010365486145,25.970000000000027,22.618596104213168,13.696080235072543,2.482088361467634,0.06116228941491997,0.006985099804829531,2.98201322555542,219.0252227783203,403,130
2020-07-30,2020,212,0,0.7118019461631775,0.31032654643058777,27.53000000000003,21.987457711356058,12.854115513392856,2.4940316336495534,0.05881182495168602,0.006526486766766482,10.572421073913574,92.48539733886719,632,22.360679774997898
2020-07-29,2020,211,0,0.6534141302108765,0.23678040504455566,30.850000000000023,22.867534528459828,13.960757010323675,2.649843488420759,0.05531690660528099,0.00733786989493268,9.251139640808105,318.1918640136719,96,53.85164807134504
2020-07-31,2020,213,0,0.7287814021110535,0.21179531514644623,27.200000000000045,22.494389561244418,12.53776593889512,2.271547589983259,0.05686780456117546,0.005852581751774721,4.848736763000488,210.8260498046875,543,130.384048104053
2020-07-30,2020,212,0,0.816010057926178,0.35912132263183594,26.99000000000001,22.678074863978793,13.479078456333752,2.3313751220703125,0.059678148661173935,0.006079764855336123,22.59703254699707,239.62709045410156,542,108.16653826391969
2020-07-26,2020,208,0,0.7740228176116943,0.2924948036670685,25.200000000000045,22.050786045619418,13.06034894670762,2.4859793526785716,0.05921315792611992,0.007437886488865786,10.573884963989258,92.48504638671875,440,40
2020-07-30,2020,212,0,0.6740635633468628,0.17410166561603546,26.680000000000007,21.77760794503348,11.39498073032928,2.2774745396205356,0.0719097370248214,0.011328356159161501,11.223932266235352,277.02850341796875,1356,242.0743687382041
2020-07-30,2020,212,0,0.5949426293373108,0.07343640923500061,27.29000000000002,22.204210989815863,12.279223196847113,2.1648406982421875,0.05975992623380577,0.004579948080014162,14.89217758178711,280.5220947265625,986,333.7663853655727
2020-07-31,2020,213,0,0.8665624260902405,0.39031726121902466,24.610000000000014,22.49914158412389,12.588538469587093,2.2833971296037947,0.06967417541555321,0.0062148736838807395,22.45870590209961,356.96112060546875,539,80.62257748298549
2020-07-30,2020,212,0,0.7017751336097717,0.18210990726947784,30.54000000000002,23.083411516462093,13.40924987792971,2.442533220563616,0.05570910516790306,0.007635833514164858,15.060330390930176,173.04522705078125,127,72.11102550927978
2020-07-31,2020,213,0,0.6415139436721802,0.20174410939216614,24.710000000000036,22.621767752511175,12.239641898018988,2.437410627092634,0.048152070675410386,0.0035863386516084006,11.32304573059082,130.2963409423828,875,162.78820596099706
2020-07-31,2020,213,0,0.47680750489234924,0.0770031213760376,35.110000000000014,26.064776175362738,12.09246651785719,2.712397984095982,0.020389821563281174,0.00470417906088727,1.5537117719650269,233.35855102539062,410,0
2020-07-31,2020,213,0,0.47959673404693604,0.14618262648582458,27.430000000000007,23.336474173409613,13.436072649274593,2.497412545340402,0.05015289429239189,0.0035345124129761984,3.7573177814483643,189.60516357421875,419,50
2020-07-30,2020,212,0,0.40173768997192383,0.19141952693462372,24.850000000000023,22.513698468889515,12.7417933872768,2.1953626360212053,0.05930634978822624,0.004169883025120669,18.044092178344727,290.3549499511719,856,72.80109889280519
2020-07-26,2020,208,0,0.7728989720344543,0.2737191617488861,24.850000000000023,22.050786045619418,13.06034894670762,2.4859793526785716,0.05921315792611992,0.007437886488865786,9.497054100036621,203.1809539794922,497,136.01470508735443
2020-07-31,2020,213,0,0.6524656414985657,0.22205102443695068,26.29000000000002,21.266087559291293,11.045323399135043,2.295750209263393,0.06504629198125755,0.007501082313488894,17.896820068359375,197.74386596679688,925,134.1640786499874
2020-07-30,2020,212,0,0.6907962560653687,0.19467680156230927,29.710000000000036,22.606554739815863,12.954008265904065,2.250429425920759,0.059457283649958725,0.006129117501210146,17.141429901123047,135.11587524414062,751,82.46211251235322
2020-07-30,2020,212,0,0.7803013920783997,0.2921881675720215,27.350000000000023,23.304607282366078,13.500525774274593,2.4958387102399553,0.054942738447703476,0.0034034567002763083,9.97591781616211,38.53125,336,116.61903789690601
2020-07-31,2020,213,0,0.6976429224014282,0.17384788393974304,31.310000000000002,23.083411516462093,13.40924987792971,2.442533220563616,0.05570910516790306,0.007635833514164858,19.189790725708008,180,255,100
2020-07-30,2020,212,0,0.802094042301178,0.31057584285736084,26.640000000000043,22.025125122070335,13.64545593261721,2.7903878348214284,0.058974620137728806,0.008616270316075259,4.669295787811279,352.2991027832031,463,41.23105625617661
2020-07-30,2020,212,0,0.7138637900352478,0.25307339429855347,25.710000000000036,23.375907244001155,12.617532348632835,2.4399217878069197,0.03817829135469353,0.004338966501187258,7.785998821258545,219.68856811523438,807,134.53624047073708
2020-07-31,2020,213,0,0.7321254014968872,0.306983083486557,29.960000000000036,23.083411516462093,13.40924987792971,2.442533220563616,0.05570910516790306,0.007635833514164858,13.765859603881836,352.3591613769531,186,31.622776601683796
2020-07-31,2020,213,0,0.7941538095474243,0.3261961340904236,26.670000000000016,23.049323381696468,13.28997410365514,2.4933907645089284,0.05695184711030876,0.003968881261776858,4.094976902008057,37.68519592285156,741,40
2020-07-30,2020,212,0,0.6593137383460999,0.27297115325927734,29.700000000000045,22.78186950683596,13.763197108677502,2.304772513253348,0.06174042466691887,0.00646792520327466,12.562943458557129,191.29031372070312,92,80
2020-07-30,2020,212,0,0.7498061656951904,0.26870036125183105,31.910000000000025,23.675834001813655,13.292851475306918,2.4227752685546875,0.03992616776040947,0.00400661100191968,5.728675365447998,130.19967651367188,390,50.99019513592785
2020-07-31,2020,213,0,0.6754137277603149,0.17180518805980682,23.52000000000004,21.555773489815863,10.61332746233262,2.3575265066964284,0.05327070895246422,0.0067248659257401755,9.348013877868652,264.35662841796875,1034,778.7810988975015
2020-07-31,2020,213,0,0.6178489923477173,0.06251463294029236,26.810000000000002,22.49914158412389,12.588538469587093,2.2833971296037947,0.06967417541555321,0.0062148736838807395,21.354225158691406,186.44100952148438,421,117.04699910719626
2020-07-25,2020,207,0,0.5864240527153015,0.07422046363353729,32.23000000000002,26.064776175362738,12.09246651785719,2.712397984095982,0.020389821563281174,0.00470417906088727,4.64907169342041,233.33132934570312,594,151.32745950421557
2020-07-30,2020,212,0,0.7876970767974854,0.3246476948261261,28.83000000000004,22.54961983816969,11.173819841657405,2.718693324497768,0.0336847716908828,0.0059150772218217185,15.070954322814941,338.7160949707031,973,172.6267650163207
2020-07-31,2020,213,0,0.43415865302085876,-0.03244917094707489,27.610000000000014,23.200878034319203,12.65875069754469,2.263726370675223,0.08306668344549095,0.015644358289669924,22.367563247680664,205.20816040039062,1134,368.78177829171545
2020-07-29,2020,211,0,0.5544695258140564,0.17312036454677582,31.190000000000055,25.469733537946468,10.760723005022328,2.9709930419921875,0.025167983208216782,0.004592494857739382,10.615578651428223,6.665836334228516,1032,148.66068747318505
2020-07-31,2020,213,0,0.7268064022064209,0.38253241777420044,25.510000000000048,23.158879307338168,13.122990635463168,2.3470458984375,0.053537767563380356,0.003514619362782412,10.743125915527344,159.80320739746094,321,183.84776310850236
2020-07-30,2020,212,0,0.751007616519928,0.3249393105506897,28.930000000000007,23.375907244001155,12.617532348632835,2.4399217878069197,0.03817829135469353,0.004338966501187258,2.3337628841400146,233.4299774169922,771,14.142135623730951
2020-07-26,2020,208,0,0.7706666588783264,0.3230874240398407,26.82000000000005,22.560893903459828,13.846985299246683,2.5122244698660716,0.05718131009153282,0.006617741477917605,22.48064613342285,86.63611602783203,291,89.44271909999159
2020-07-31,2020,213,0,0.5832119584083557,0.14189599454402924,32.210000000000036,25.560765293666293,11.121606445312523,2.969846452985491,0.023726772699870224,0.004302473557423525,4.849464416503906,210.8405303955078,815,90.55385138137417
2020-07-31,2020,213,0,0.6506574749946594,0.2953064441680908,25.170000000000016,23.246841866629495,13.00569850376678,2.420442853655134,0.04356027785352623,0.003740863693188601,6.13369607925415,168.27183532714844,588,64.03124237432849
2020-07-31,2020,213,0,0.8387984037399292,0.3233861029148102,27.470000000000027,21.987457711356058,12.854115513392856,2.4940316336495534,0.05881182495168602,0.006526486766766482,5.238973140716553,13.835297584533691,706,67.0820393249937
2020-07-30,2020,212,0,0.7331189513206482,0.21692168712615967,28.150000000000034,22.121841866629495,12.64660252162389,2.4500034877232144,0.05856443587354576,0.005118461144398623,6.80299186706543,227.27561950683594,920,262.48809496813374
2020-07-30,2020,212,0,0.7063450813293457,0.2601814866065979,24.400000000000034,22.96564636230471,13.13953552246096,2.4356907435825894,0.05040755513719475,0.004483165038060122,14.316152572631836,129.36988830566406,670,156.5247584249853
2020-07-31,2020,213,0,0.6985956430435181,0.3331235945224762,27.910000000000025,23.304607282366078,13.500525774274593,2.4958387102399553,0.054942738447703476,0.0034034567002763083,2.6413378715515137,45.429115295410156,365,64.03124237432849
2020-07-31,2020,213,0,0.6584798693656921,0.1485336720943451,23.08000000000004,21.555773489815863,10.61332746233262,2.3575265066964284,0.05327070895246422,0.0067248659257401755,28.079967498779297,285.8477783203125,1069,680
2020-07-31,2020,213,0,0.7573835849761963,0.2658558785915375,26.04000000000002,22.621767752511175,12.239641898018988,2.437410627092634,0.048152070675410386,0.0035863386516084006,1.1184203624725342,326.01470947265625,835,213.7755832643195
2020-07-31,2020,213,0,0.7499769926071167,0.3163725435733795,26.52000000000004,22.198918369838168,11.40923679896764,2.2808380126953125,0.048815366063632126,0.006458492768238955,11.051922798156738,214.02658081054688,973,411.0960958218893
2020-07-30,2020,212,0,0.852546215057373,0.40835145115852356,22.880000000000052,22.361341639927502,13.035882568359398,2.5540771484375,0.05782615784219658,0.005504624736737185,10.367223739624023,296.2587890625,568,78.10249675906654
2020-07-25,2020,207,0,0.5573541522026062,0.0942956954240799,33.00000000000006,26.792631312779065,10.66813703264512,3.155480521065848,0.01732422057203209,0.003531412971447878,9.508383750915527,128.91806030273438,789,84.85281374238569
2020-07-31,2020,213,0,0.8082213401794434,0.34513938426971436,26.450000000000045,22.586474173409613,12.97754821777346,2.593813214983259,0.052176859412707444,0.0035838054542054465,12.772980690002441,104.47296142578125,660,160
2020-07-31,2020,213,1,0.5816590189933777,0.15042464435100555,34.650000000000034,26.289749581473245,11.625096348353793,2.8729967389787947,0.014766972694911118,0.003822611463498049,3.397376298904419,312.97705078125,635,50.99019513592785
2020-07-24,2020,206,1,0.6466786861419678,0.16767683625221252,26.930000000000007,23.763369315011175,11.126628766741078,2.58221435546875,0.05376281980089104,0.01199264992518323,20.803768157958984,236.3663787841797,1325,164.01219466856728
2020-07-25,2020,207,1,0.661832332611084,0.15242981910705566,31.77000000000004,26.70027640206473,10.762538800920765,3.116278512137277,0.014101114306964035,0.002835677755307131,22.21123504638672,172.35760498046875,616,141.4213562373095
2020-07-31,2020,213,1,0.561913013458252,0.0784730538725853,33.53000000000003,26.289749581473245,11.625096348353793,2.8729967389787947,0.014766972694911118,0.003822611463498049,11.48350715637207,301.1940612792969,619,162.78820596099706
2020-07-29,2020,211,1,0.6530202627182007,0.09724144637584686,32.81,24.611372157505627,12.19957013811387,2.580232892717634,0.024158086810626145,0.005817564022969179,6.821098327636719,90,664,67.0820393249937
2020-07-25,2020,207,1,0.5692850947380066,0.1207749992609024,31.690000000000055,25.713213675362738,12.551317923409613,2.6520799909319197,0.020426090989627,0.005131365549992495,3.348543882369995,146.09913635253906,636,141.4213562373095
2020-07-31,2020,213,1,0.5877672433853149,0.10125225782394409,33.410000000000025,26.289749581473245,11.625096348353793,2.8729967389787947,0.014766972694911118,0.003822611463498049,2.3269007205963135,233.3043975830078,665,84.85281374238569
2020-07-31,2020,213,1,0.6296593546867371,0.14310823380947113,33.59000000000003,26.289749581473245,11.625096348353793,2.8729967389787947,0.014766972694911118,0.003822611463498049,15.690984725952148,309.3363037109375,528,107.70329614269008
2020-07-31,2020,213,1,0.6073322892189026,0.01019822433590889,32.13000000000005,24.611372157505627,12.19957013811387,2.580232892717634,0.024158086810626145,0.005817564022969179,11.595977783203125,295.7145690917969,673,150
2020-07-25,2020,207,1,0.7127750515937805,0.20102715492248535,29.04000000000002,25.713213675362738,12.551317923409613,2.6520799909319197,0.020426090989627,0.005131365549992495,3.8479065895080566,283.9263916015625,693,72.11102550927978
2020-07-30,2020,212,1,0.7439180612564087,0.22680598497390747,33.51000000000005,24.611372157505627,12.19957013811387,2.580232892717634,0.024158086810626145,0.005817564022969179,9.899645805358887,21.94373893737793,624,167.63054614240212
2020-07-25,2020,207,1,0.7491525411605835,0.2334609031677246,32.410000000000025,25.713213675362738,12.551317923409613,2.6520799909319197,0.020426090989627,0.005131365549992495,3.847623348236084,283.9274597167969,659,100
2020-07-31,2020,213,1,0.5772669315338135,0.08810210227966309,34.450000000000045,26.289749581473245,11.625096348353793,2.8729967389787947,0.014766972694911118,0.003822611463498049,8.125718116760254,322.5264587402344,438,101.9803902718557
2020-07-25,2020,207,1,0.6121525764465332,0.06512919068336487,29.04000000000002,25.713213675362738,12.551317923409613,2.6520799909319197,0.020426090989627,0.005131365549992495,13.064787864685059,259.9566955566406,747,72.11102550927978
2020-07-30,2020,212,1,0.5180723071098328,0.06354620307683945,33.77000000000004,26.289749581473245,11.625096348353793,2.8729967389787947,0.014766972694911118,0.003822611463498049,5.248719692230225,208.22862243652344,476,53.85164807134504
2020-07-29,2020,211,1,0.5223978757858276,0.0234182421118021,33.04000000000002,24.611372157505627,12.19957013811387,2.580232892717634,0.024158086810626145,0.005817564022969179,3.6199569702148438,239.2195281982422,607,228.0350850198276
2020-07-31,2020,213,1,0.5713499784469604,0.11730635911226273,32.83000000000004,26.289749581473245,11.625096348353793,2.8729967389787947,0.014766972694911118,0.003822611463498049,11.971083641052246,235.06813049316406,816,100
2020-07-30,2020,212,1,0.6032639145851135,0.20471149682998657,32.700000000000045,25.713213675362738,12.551317923409613,2.6520799909319197,0.020426090989627,0.005131365549992495,3.7297799587249756,221.84423828125,592,174.6424919657298
2020-07-30,2020,212,1,0.47493401169776917,-0.0179095771163702,33.59000000000003,26.289749581473245,11.625096348353793,2.8729967389787947,0.014766972694911118,0.003822611463498049,12.225504875183105,238.4681396484375,684,90.55385138137417
2020-07-27,2020,209,1,0.8628309369087219,0.4145006835460663,27.590000000000032,23.763369315011175,11.126628766741078,2.58221435546875,0.05376281980089104,0.01199264992518323,14.261449813842773,279.1613464355469,1169,143.17821063276352
2020-07-25,2020,207,1,0.653620183467865,0.17758290469646454,29.04000000000002,25.713213675362738,12.551317923409613,2.6520799909319197,0.020426090989627,0.005131365549992495,11.16439151763916,262.932861328125,730,117.04699910719626
2020-07-30,2020,212,1,0.7649232149124146,0.29006293416023254,32.04000000000002,24.611372157505627,12.19957013811387,2.580232892717634,0.024158086810626145,0.005817564022969179,2.9756972789764404,141.12533569335938,638,30
2020-07-31,2020,213,1,0.62386155128479,0.17416086792945862,33.29000000000002,26.289749581473245,11.625096348353793,2.8729967389787947,0.014766972694911118,0.003822611463498049,14.779519081115723,278.8235778808594,723,94.33981132056603
2020-07-31,2020,213,1,0.5240522623062134,0.017748918384313583,33.09000000000003,26.360990687779065,10.933132062639515,3.003716605050223,0.012683849964655991,0.0029848085765351584,9.253138542175293,221.8222198486328,931,130.384048104053
2020-07-25,2020,207,1,0.6897469758987427,0.15144082903862,31.750000000000057,26.70027640206473,10.762538800920765,3.116278512137277,0.014101114306964035,0.002835677755307131,15.2454833984375,310.7938537597656,554,111.80339887498948
2020-07-31,2020,213,1,0.7024330496788025,0.17316104471683502,34.450000000000045,26.289749581473245,11.625096348353793,2.8729967389787947,0.014766972694911118,0.003822611463498049,5.683635234832764,12.603449821472168,461,89.44271909999159
2020-07-31,2020,213,1,0.6057262420654297,0.08242862671613693,33.09000000000003,26.360990687779065,10.933132062639515,3.003716605050223,0.012683849964655991,0.0029848085765351584,9.734817504882812,153.6878204345703,976,131.52946437965906
2020-07-24,2020,206,1,0.6227487921714783,0.10332975536584854,25.750000000000057,23.763369315011175,11.126628766741078,2.58221435546875,0.05376281980089104,0.01199264992518323,18.557397842407227,314.3615417480469,1279,170
2020-07-29,2020,211,1,0.5809811949729919,0.03025565668940544,32.97000000000003,24.611372157505627,12.19957013811387,2.580232892717634,0.024158086810626145,0.005817564022969179,9.079862594604492,344.2109375,592,246.98178070456936
2020-07-30,2020,212,1,0.5797891616821289,0.0330788791179657,33.34000000000003,24.611372157505627,12.19957013811387,2.580232892717634,0.024158086810626145,0.005817564022969179,8.828256607055664,188.0472869873047,579,246.98178070456936
2020-07-31,2020,213,1,0.5954023003578186,0.15584182739257812,32.63000000000005,26.360990687779065,10.933132062639515,3.003716605050223,0.012683849964655991,0.0029848085765351584,9.572054862976074,244.40757751464844,895,136.01470508735443
2020-07-30,2020,212,1,0.5964059829711914,-0.001299682422541082,32.85000000000002,24.611372157505627,12.19957013811387,2.580232892717634,0.024158086810626145,0.005817564022969179,6.01401424407959,133.74473571777344,616,150
2020-07-30,2020,212,1,0.6223130822181702,0.1131652221083641,33.29000000000002,25.713213675362738,12.551317923409613,2.6520799909319197,0.020426090989627,0.005131365549992495,14.871870994567871,340.88397216796875,574,222.03603311174518
2020-07-25,2020,207,1,0.6000869274139404,0.08708944916725159,31.690000000000055,25.713213675362738,12.551317923409613,2.6520799909319197,0.020426090989627,0.005131365549992495,8.73165225982666,301.8023376464844,620,143.17821063276352
2020-07-31,2020,213,1,0.5257911682128906,0.04293661192059517,33.85000000000002,26.289749581473245,11.625096348353793,2.8729967389787947,0.014766972694911118,0.003822611463498049,6.349628925323486,150.78915405273438,450,90.55385138137417
2020-07-31,2020,213,1,0.5253274440765381,0.024954549968242645,33.39000000000004,25.713213675362738,12.551317923409613,2.6520799909319197,0.020426090989627,0.005131365549992495,10.260942459106445,349.6224670410156,661,210.2379604162864
2020-07-30,2020,212,1,0.5354794263839722,0.010334710590541363,32.170000000000016,24.611372157505627,12.19957013811387,2.580232892717634,0.024158086810626145,0.005817564022969179,7.77427864074707,140.4169158935547,660,41.23105625617661
2020-07-30,2020,212,1,0.6952795386314392,0.11452890932559967,32.210000000000036,24.611372157505627,12.19957013811387,2.580232892717634,0.024158086810626145,0.005817564022969179,6.274769306182861,98.46593475341797,670,80
2020-07-31,2020,213,1,0.49301883578300476,0.13268832862377167,33.210000000000036,26.360990687779065,10.933132062639515,3.003716605050223,0.012683849964655991,0.0029848085765351584,4.724465370178223,246.93701171875,827,80.62257748298549
2020-07-25,2020,207,1,0.7235323786735535,0.2614763081073761,28.880000000000052,25.713213675362738,12.551317923409613,2.6520799909319197,0.020426090989627,0.005131365549992495,4.9753851890563965,270,732,170.29386365926402
2020-07-30,2020,212,1,0.3742305338382721,-0.07514286041259766,33.79000000000002,26.289749581473245,11.625096348353793,2.8729967389787947,0.014766972694911118,0.003822611463498049,0,0,406,50
2020-07-31,2020,213,1,0.7333022952079773,0.2859499454498291,31.380000000000052,26.360990687779065,10.933132062639515,3.003716605050223,0.012683849964655991,0.0029848085765351584,6.688792705535889,56.48661804199219,955,161.24515496597098
2020-07-30,2020,212,1,0.6629518866539001,0.17529061436653137,32.78000000000003,24.611372157505627,12.19957013811387,2.580232892717634,0.024158086810626145,0.005817564022969179,4.790735244750977,195.0393524169922,653,114.0175425099138
2020-07-31,2020,213,1,0.6319276094436646,0.23487862944602966,33.09000000000003,26.360990687779065,10.933132062639515,3.003716605050223,0.012683849964655991,0.0029848085765351584,2.0841574668884277,116.41203308105469,1001,196.97715603592206
2020-07-26,2020,208,1,0.6813186407089233,0.2345893681049347,25.750000000000057,23.763369315011175,11.126628766741078,2.58221435546875,0.05376281980089104,0.01199264992518323,12.808731079101562,50.148155212402344,1436,212.13203435596427
2020-07-30,2020,212,1,0.7948817014694214,0.2554517984390259,33.690000000000055,26.289749581473245,11.625096348353793,2.8729967389787947,0.014766972694911118,0.003822611463498049,16.699831008911133,203.4694061279297,577,142.12670403551894
2020-07-31,2020,213,1,0.5725192427635193,0.078933484852314,33.85000000000002,26.289749581473245,11.625096348353793,2.8729967389787947,0.014766972694911118,0.003822611463498049,1.390963077545166,0,401,80.62257748298549
2020-07-25,2020,207,1,0.7675451040267944,0.27490997314453125,29.04000000000002,25.713213675362738,12.551317923409613,2.6520799909319197,0.020426090989627,0.005131365549992495,4.212403297424316,188.49514770507812,692,108.16653826391969
2020-07-30,2020,212,1,0.6931580305099487,0.2309233695268631,32.120000000000005,24.611372157505627,12.19957013811387,2.580232892717634,0.024158086810626145,0.005817564022969179,2.7802884578704834,180,630,31.622776601683796
2020-07-31,2020,213,1,0.6068737506866455,0.07469628751277924,33.34000000000003,24.611372157505627,12.19957013811387,2.580232892717634,0.024158086810626145,0.005817564022969179,0.46373534202575684,0,597,225.61028345356956
2020-07-30,2020,212,1,0.6978641152381897,0.1687871366739273,32.200000000000045,24.611372157505627,12.19957013811387,2.580232892717634,0.024158086810626145,0.005817564022969179,6.3512067794799805,150.7635040283203,636,184.39088914585773
2020-07-31,2020,213,1,0.6064720153808594,0.09591670334339142,33.31,25.713213675362738,12.551317923409613,2.6520799909319197,0.020426090989627,0.005131365549992495,9.730216026306152,304.5006408691406,618,114.0175425099138
2020-07-30,2020,212,1,0.5164835453033447,0.00048161824815906584,33.650000000000034,26.289749581473245,11.625096348353793,2.8729967389787947,0.014766972694911118,0.003822611463498049,0.46373534202575684,0,382,14.142135623730951
2020-07-31,2020,213,1,0.5773641467094421,0.08267021179199219,32.210000000000036,24.611372157505627,12.19957013811387,2.580232892717634,0.024158086810626145,0.005817564022969179,1.390963077545166,0,707,86.02325267042627
2020-07-30,2020,212,1,0.6047502756118774,0.11305343359708786,32.700000000000045,25.713213675362738,12.551317923409613,2.6520799909319197,0.020426090989627,0.005131365549992495,3.472844123840332,159.0028839111328,613,126.49110640673518
2020-07-30,2020,212,1,0.6917273998260498,0.22086846828460693,32.04000000000002,24.611372157505627,12.19957013811387,2.580232892717634,0.024158086810626145,0.005817564022969179,2.233581781387329,213.8934783935547,680,94.86832980505139
2020-07-29,2020,211,1,0.7678074240684509,0.2628939747810364,32.85000000000002,24.611372157505627,12.19957013811387,2.580232892717634,0.024158086810626145,0.005817564022969179,5.588503360748291,90,581,128.06248474865697
2020-07-31,2020,213,1,0.4690888524055481,-0.0029643969610333443,33.85000000000002,26.289749581473245,11.625096348353793,2.8729967389787947,0.014766972694911118,0.003822611463498049,9.353689193725586,278.4770202636719,468,114.0175425099138
2020-07-30,2020,212,1,0.7135058641433716,0.2217423915863037,32.78000000000003,24.611372157505627,12.19957013811387,2.580232892717634,0.024158086810626145,0.005817564022969179,5.48053503036499,294.9478454589844,662,136.01470508735443
2020-07-31,2020,213,1,0.7567155361175537,0.2888772487640381,30.590000000000032,26.360990687779065,10.933132062639515,3.003716605050223,0.012683849964655991,0.0029848085765351584,11.487641334533691,306.6839294433594,945,145.60219778561037
2020-07-30,2020,212,1,0.6959927678108215,0.16376851499080658,32.120000000000005,24.611372157505627,12.19957013811387,2.580232892717634,0.024158086810626145,0.005817564022969179,5.160595893859863,285.59637451171875,651,108.16653826391969
2020-07-30,2020,212,1,0.6660621166229248,0.13629797101020813,33.52000000000004,24.611372157505627,12.19957013811387,2.580232892717634,0.024158086810626145,0.005817564022969179,18.473800659179688,157.01712036132812,569,245.96747752497689
2020-07-31,2020,213,1,0.6947140693664551,0.18166302144527435,34.450000000000045,26.289749581473245,11.625096348353793,2.8729967389787947,0.014766972694911118,0.003822611463498049,18.69647979736328,335.3473815917969,532,70
2020-07-30,2020,212,1,0.7071210741996765,0.20692592859268188,32.210000000000036,24.611372157505627,12.19957013811387,2.580232892717634,0.024158086810626145,0.005817564022969179,4.939146518707275,130.96621704101562,679,120.41594578792296
2020-07-31,2020,213,1,0.5833427309989929,0.17990440130233765,33.29000000000002,26.289749581473245,11.625096348353793,2.8729967389787947,0.014766972694911118,0.003822611463498049,2.8488729000091553,192.60768127441406,739,116.61903789690601
2020-07-31,2020,213,1,0.38767215609550476,-0.043275218456983566,34.57000000000005,26.289749581473245,11.625096348353793,2.8729967389787947,0.014766972694911118,0.003822611463498049,7.770381450653076,287.251953125,659,110.45361017187261
2020-07-25,2020,207,1,0.42521893978118896,0.058498580008745193,32.410000000000025,25.713213675362738,12.551317923409613,2.6520799909319197,0.020426090989627,0.005131365549992495,2.632094144821167,225.2302703857422,660,107.70329614269008
2020-07-25,2020,207,1,0.6469635367393494,0.24556031823158264,31.77000000000004,26.70027640206473,10.762538800920765,3.116278512137277,0.014101114306964035,0.002835677755307131,14.61596393585205,268.2214050292969,616,180.27756377319946
2020-07-30,2020,212,1,0.5856873989105225,0.10103420913219452,33.52000000000004,24.611372157505627,12.19957013811387,2.580232892717634,0.024158086810626145,0.005817564022969179,5.934600353240967,38.864681243896484,553,250.79872407968907
2020-07-30,2020,212,1,0.736160933971405,0.21436555683612823,32.210000000000036,24.611372157505627,12.19957013811387,2.580232892717634,0.024158086810626145,0.005817564022969179,2.849043846130371,167.37692260742188,684,89.44271909999159
2020-07-30,2020,212,1,0.37097448110580444,-0.0709933415055275,33.79000000000002,26.289749581473245,11.625096348353793,2.8729967389787947,0.014766972694911118,0.003822611463498049,6.772275447845459,312.9671325683594,418,41.23105625617661
2020-07-29,2020,211,1,0.6805564165115356,0.1198357418179512,32.59000000000003,24.611372157505627,12.19957013811387,2.580232892717634,0.024158086810626145,0.005817564022969179,0.9274099469184875,180,628,123.6931687685298
2020-07-25,2020,207,1,0.6359252333641052,0.11782218515872955,32.72000000000003,25.713213675362738,12.551317923409613,2.6520799909319197,0.020426090989627,0.005131365549992495,24.451583862304688,101.2916259765625,542,202.48456731316588
2020-07-25,2020,207,1,0.5364157557487488,0.0876738503575325,32.72000000000003,25.713213675362738,12.551317923409613,2.6520799909319197,0.020426090989627,0.005131365549992495,16.85517692565918,59.496604919433594,515,196.468827043885
2020-07-31,2020,213,1,0.581558108329773,0.08433996886014938,33.73000000000002,25.713213675362738,12.551317923409613,2.6520799909319197,0.020426090989627,0.005131365549992495,12.234298706054688,53.327510833740234,653,212.13203435596427
2020-07-31,2020,213,1,0.5181866884231567,0.020460110157728195,34.57000000000005,26.289749581473245,11.625096348353793,2.8729967389787947,0.014766972694911118,0.003822611463498049,8.598315238952637,314.09710693359375,650,67.0820393249937
2020-07-25,2020,207,1,0.665274441242218,0.12540322542190552,31.690000000000055,25.713213675362738,12.551317923409613,2.6520799909319197,0.020426090989627,0.005131365549992495,3.4005801677703857,132.92665100097656,619,174.928556845359
2020-07-27,2020,209,1,0.6017981171607971,0.2289874404668808,32.09000000000003,26.70027640206473,10.762538800920765,3.116278512137277,0.014101114306964035,0.002835677755307131,14.15849781036377,288.7139892578125,466,232.59406699226017
2020-07-25,2020,207,1,0.5917098522186279,0.11519844830036163,33.150000000000034,26.70027640206473,10.762538800920765,3.116278512137277,0.014101114306964035,0.002835677755307131,11.143352508544922,262.9190979003906,670,64.03124237432849
2020-07-30,2020,212,1,0.7250405550003052,0.1733928918838501,32.170000000000016,24.611372157505627,12.19957013811387,2.580232892717634,0.024158086810626145,0.005817564022969179,3.472878932952881,200.9986114501953,636,72.11102550927978
2020-07-31,2020,213,1,0.6642411351203918,0.1468481421470642,30.910000000000025,26.360990687779065,10.933132062639515,3.003716605050223,0.012683849964655991,0.0029848085765351584,4.488008499145508,43.79427719116211,972,191.049731745428
2020-07-31,2020,213,1,0.6111236214637756,0.19000418484210968,30.910000000000025,26.360990687779065,10.933132062639515,3.003716605050223,0.012683849964655991,0.0029848085765351584,11.883977890014648,180,944,183.84776310850236
2020-07-26,2020,208,1,0.4271201491355896,0.07054673880338669,34.35000000000002,26.70027640206473,10.762538800920765,3.116278512137277,0.014101114306964035,0.002835677755307131,2.848670482635498,240.79220581054688,679,22.360679774997898
2020-07-26,2020,208,1,0.6367908120155334,0.07864398509263992,25.750000000000057,23.763369315011175,11.126628766741078,2.58221435546875,0.05376281980089104,0.01199264992518323,25.20502471923828,54.21961975097656,1261,152.97058540778355
2020-07-29,2020,211,1,0.5102925300598145,-0.045096322894096375,33.04000000000002,24.611372157505627,12.19957013811387,2.580232892717634,0.024158086810626145,0.005817564022969179,8.838683128356934,20.460195541381836,599,233.45235059857504
2020-07-30,2020,212,1,0.5928443074226379,0.04991694912314415,32.13000000000005,24.611372157505627,12.19957013811387,2.580232892717634,0.024158086810626145,0.005817564022969179,3.4079718589782715,114.0634765625,694,151.32745950421557
2020-07-25,2020,207,1,0.7015693187713623,0.21930646896362305,32.710000000000036,26.70027640206473,10.762538800920765,3.116278512137277,0.014101114306964035,0.002835677755307131,17.083633422851562,330.35418701171875,413,218.40329667841556
2020-07-30,2020,212,1,0.5132594704627991,0.04932653158903122,33.77000000000004,26.289749581473245,11.625096348353793,2.8729967389787947,0.014766972694911118,0.003822611463498049,8.753608703613281,230.89248657226562,446,80.62257748298549
2020-07-31,2020,213,1,0.5391241908073425,0.05321761965751648,34.47000000000003,26.289749581473245,11.625096348353793,2.8729967389787947,0.014766972694911118,0.003822611463498049,3.1080408096313477,270,401,22.360679774997898
2020-07-31,2020,213,1,0.350185364484787,0.1333141326904297,33.210000000000036,26.360990687779065,10.933132062639515,3.003716605050223,0.012683849964655991,0.0029848085765351584,7.031811714172363,218.0550994873047,753,67.0820393249937
2020-07-26,2020,208,1,0.6222131848335266,0.19605499505996704,25.750000000000057,23.763369315011175,11.126628766741078,2.58221435546875,0.05376281980089104,0.01199264992518323,15.253923416137695,298.3515625,1428,196.468827043885
2020-07-30,2020,212,1,0.675690770149231,0.196916863322258,33.18000000000001,25.713213675362738,12.551317923409613,2.6520799909319197,0.020426090989627,0.005131365549992495,7.718854904174805,126.6665267944336,578,170.29386365926402
2020-07-31,2020,213,1,0.539383590221405,0.04680216312408447,34.53000000000003,26.289749581473245,11.625096348353793,2.8729967389787947,0.014766972694911118,0.003822611463498049,8.96884536743164,304.3409118652344,458,141.4213562373095
2020-07-30,2020,212,1,0.6403095722198486,0.14896370470523834,32.81,24.611372157505627,12.19957013811387,2.580232892717634,0.024158086810626145,0.005817564022969179,8.951513290405273,104.88743591308594,655,31.622776601683796
2020-07-31,2020,213,1,0.7171265482902527,0.23235613107681274,33.370000000000005,25.713213675362738,12.551317923409613,2.6520799909319197,0.020426090989627,0.005131365549992495,12.386296272277832,354.31903076171875,653,142.12670403551894
2020-07-30,2020,212,1,0.6406408548355103,0.15020620822906494,32.04000000000002,24.611372157505627,12.19957013811387,2.580232892717634,0.024158086810626145,0.005817564022969179,4.212357997894287,8.491002082824707,667,50
2020-07-30,2020,212,1,0.6743507385253906,0.1715218424797058,32.120000000000005,24.611372157505627,12.19957013811387,2.580232892717634,0.024158086810626145,0.005817564022969179,0.46373534202575684,0,665,152.31546211727817
2020-07-27,2020,209,1,0.7550158500671387,0.29121118783950806,31.810000000000002,26.70027640206473,10.762538800920765,3.116278512137277,0.014101114306964035,0.002835677755307131,8.837493896484375,159.56082153320312,409,260.1922366251538
2020-07-25,2020,207,1,0.5460758805274963,0.05245782807469368,32.650000000000034,25.713213675362738,12.551317923409613,2.6520799909319197,0.020426090989627,0.005131365549992495,14.656350135803223,150.05978393554688,542,139.2838827718412
2020-07-30,2020,212,1,0.6309111714363098,0.1002105250954628,32.200000000000045,24.611372157505627,12.19957013811387,2.580232892717634,0.024158086810626145,0.005817564022969179,2.085348129272461,243.60423278808594,592,172.6267650163207
2020-07-30,2020,212,1,0.671810507774353,0.12855739891529083,32.170000000000016,24.611372157505627,12.19957013811387,2.580232892717634,0.024158086810626145,0.005817564022969179,2.085580825805664,116.3926010131836,620,60
2020-07-25,2020,207,1,0.6218973398208618,0.11136998981237411,30.660000000000025,25.713213675362738,12.551317923409613,2.6520799909319197,0.020426090989627,0.005131365549992495,1.9262357950210571,76.07441711425781,726,172.04650534085255
2020-07-31,2020,213,1,0.6698868274688721,0.1807260364294052,33.53000000000003,26.289749581473245,11.625096348353793,2.8729967389787947,0.014766972694911118,0.003822611463498049,10.975342750549316,302.8580322265625,628,125.29964086141668
2020-07-25,2020,207,1,0.7015519142150879,0.24883177876472473,31.750000000000057,26.70027640206473,10.762538800920765,3.116278512137277,0.014101114306964035,0.002835677755307131,18.51636505126953,298.9039306640625,653,100.4987562112089
2020-07-25,2020,207,1,0.6347612738609314,0.18814167380332947,31.810000000000002,26.70027640206473,10.762538800920765,3.116278512137277,0.014101114306964035,0.002835677755307131,12.82575511932373,185.474365234375,529,215.870331449229
2020-07-31,2020,213,1,0.5652647018432617,0.07848715782165527,33.85000000000002,26.289749581473245,11.625096348353793,2.8729967389787947,0.014766972694911118,0.003822611463498049,10.704017639160156,282.36248779296875,422,94.86832980505139
2020-07-31,2020,213,1,0.47201746702194214,0.0030791524332016706,34.53000000000003,26.289749581473245,11.625096348353793,2.8729967389787947,0.014766972694911118,0.003822611463498049,5.92154598236084,303.1102294921875,447,92.19544457292886
2020-07-31,2020,213,1,0.5876777172088623,0.08367627114057541,33.85000000000002,26.289749581473245,11.625096348353793,2.8729967389787947,0.014766972694911118,0.003822611463498049,11.468367576599121,315.8993225097656,479,165.52945357246847
2020-07-31,2020,213,1,0.5736745595932007,0.06586270779371262,34.170000000000016,26.289749581473245,11.625096348353793,2.8729967389787947,0.014766972694911118,0.003822611463498049,3.3466503620147705,33.85248947143555,469,100
2020-07-31,2020,213,1,0.5076687335968018,0.11876075714826584,33.210000000000036,26.360990687779065,10.933132062639515,3.003716605050223,0.012683849964655991,0.0029848085765351584,11.579401016235352,198.5478515625,809,108.16653826391969
2020-07-30,2020,212,1,0.6467969417572021,0.12981504201889038,33.690000000000055,26.289749581473245,11.625096348353793,2.8729967389787947,0.014766972694911118,0.003822611463498049,11.059839248657227,186.3815155029297,675,58.309518948453004
2020-07-31,2020,213,1,0.5814687609672546,0.1346137374639511,32.63000000000005,26.360990687779065,10.933132062639515,3.003716605050223,0.012683849964655991,0.0029848085765351584,12.804500579833984,218.42030334472656,954,184.39088914585773
2020-07-25,2020,207,1,0.7185202836990356,0.1853904128074646,32.48000000000002,25.713213675362738,12.551317923409613,2.6520799909319197,0.020426090989627,0.005131365549992495,6.340497970581055,223.2463836669922,570,202.23748416156684
2020-07-31,2020,213,1,0.4399999976158142,-0.002385211642831564,34.47000000000003,26.289749581473245,11.625096348353793,2.8729967389787947,0.014766972694911118,0.003822611463498049,1.9226770401000977,76.048095703125,401,20
2020-07-24,2020,206,1,0.633087158203125,0.13624878227710724,32.450000000000045,25.713213675362738,12.551317923409613,2.6520799909319197,0.020426090989627,0.005131365549992495,4.212378025054932,171.50717163085938,619,155.24174696260025
2020-08-11,2020,224,0,0.3987823724746704,-0.059185609221458435,39.31,30.822065516880627,10.12365330287389,2.0832211630684987,0.005004675821886906,0.00022733566506261127,7.404562950134277,355.1980895996094,663,10
2020-08-11,2020,224,0,0.5504810214042664,0.07787526398897171,35.670000000000016,28.90160958426344,11.833258928571468,2.234062739780971,0.0077748612924679605,0.00103167054398412,14.456745147705078,282.69500732421875,823,161.55494421403512
2020-08-07,2020,220,0,0.7364376783370972,0.24575820565223694,31.870000000000005,28.5645472935268,11.68975437709264,2.2080399649483815,0.006203831867800602,0.00012272951348180072,5.547544956207275,0,331,50
2020-08-11,2020,224,0,0.6678421497344971,0.1594996601343155,32.73000000000002,29.339643641880627,10.433476475306918,2.03225462777274,0.006673561172114262,0.0006338095401083876,20.412181854248047,317.68780517578125,730,44.721359549995796
2020-08-09,2020,222,0,0.7207273244857788,0.14086179435253143,32.950000000000045,29.473317173549106,12.57720772879469,2.294330596923828,0.005420149998293766,0.0009938364957129409,4.857417583465576,210.99803161621094,459,84.85281374238569
2020-08-09,2020,222,0,0.6741819977760315,0.05436161160469055,34.39000000000004,30.079729788643988,12.8964564732143,2.223142351422991,0.005949156121836552,0.0017442142699515273,8.955212593078613,209.1715545654297,503,130.384048104053
2020-08-09,2020,222,0,0.6723949909210205,0.1312086433172226,35.53000000000003,29.826176670619418,13.114410836356058,2.2670091901506697,0.0053004936739071695,0.0014449840520178725,11.138794898986816,243.11618041992188,342,106.3014581273465
2020-08-09,2020,222,0,0.5778108835220337,0.025828460231423378,37.31,31.919678170340433,10.20735866001678,2.0878794533865794,0.00543794198475922,0.0008163487647330214,5.68388032913208,347.38543701171875,815,178.04493814764857
2020-08-11,2020,224,0,0.7345170378684998,0.2035897672176361,37.49000000000001,28.90160958426344,11.833258928571468,2.234062739780971,0.0077748612924679605,0.00103167054398412,1.1193658113479614,325.9429626464844,909,92.19544457292886
2020-08-09,2020,222,0,0.6465801000595093,0.11465704441070557,35.610000000000014,27.767205810546898,9.871231515066995,2.2353384835379466,0.012073563174830326,0.0011501943801199843,9.624600410461426,244.5601348876953,1097,116.61903789690601
2020-08-08,2020,221,0,0.7591747045516968,0.277129590511322,31.350000000000023,26.940826851981058,14.13732735770094,2.65667724609375,0.0013199762865170328,8.561072094792621e-05,5.4470744132995605,233.5472412109375,429,10
2020-08-09,2020,222,0,0.5640759468078613,0.09612766653299332,37.49000000000001,29.914481462751155,9.747550310407405,2.374068941388811,0.005770789222346195,0.0002463942502295424,1.8543341159820557,180,990,28.284271247461902
2020-08-09,2020,222,0,0.5451061725616455,0.04067240282893181,31.930000000000007,27.767205810546898,9.871231515066995,2.2353384835379466,0.012073563174830326,0.0011501943801199843,0.46373534202575684,180,871,202.48456731316588
2020-08-09,2020,222,0,0.6702134013175964,0.1356729418039322,34.910000000000025,28.168252563476585,10.675755528041293,2.2158115931919644,0.01001317961655701,0.0010946875546729018,2.4006073474884033,15.132064819335938,866,108.16653826391969
2020-08-11,2020,224,0,0.678133487701416,0.18768294155597687,31.090000000000032,29.47227521623887,11.434718976702015,2.106579916817801,0.006655441360102543,0.0007362699244772841,5.613650798797607,270,873,347.1310991541957
2020-08-09,2020,222,0,0.6137221455574036,0.09844022989273071,33.110000000000014,30.402701677594905,11.381426565987738,1.976156779697963,0.005285979942904362,0.0003823077414786269,11.831710815429688,290.348388671875,891,158.11388300841895
2020-08-09,2020,222,0,0.7060733437538147,0.1813472956418991,34.29000000000002,29.873683820452015,10.363750348772328,2.00011716570173,0.007386656241045841,0.0004375016425406386,18.3131103515625,72.93487548828125,827,60.82762530298219
2020-08-11,2020,224,0,0.580423891544342,0.049152590334415436,38.670000000000016,29.968828909737738,10.098428344726585,1.9584805624825614,0.005971463160143742,0.000384840938881581,3.2534377574920654,106.54532623291016,633,28.284271247461902
2020-08-09,2020,222,0,0.8798602819442749,0.3911879062652588,32.690000000000055,28.5645472935268,11.68975437709264,2.2080399649483815,0.006203831867800602,0.00012272951348180072,9.248083114624023,147.67724609375,662,120
2020-08-09,2020,222,0,0.7011871933937073,0.17284631729125977,32.55000000000001,28.90160958426344,11.833258928571468,2.234062739780971,0.0077748612924679605,0.00103167054398412,2.8657543659210205,60.98329544067383,956,64.03124237432849
2020-08-09,2020,222,0,0.7222990989685059,0.1510850191116333,30.29000000000002,27.80616149902346,8.895063563755627,2.185943058558873,0.010814102129565129,0.0008647775386130263,17.582916259765625,206.6254425048828,1072,640.3124237432849
2020-08-09,2020,222,0,0.8066756129264832,0.35621780157089233,33.650000000000034,29.614979771205356,13.673551722935315,2.3492753165108815,0.0012660489841564981,0.0001943295930182387,10.826672554016113,166.76004028320312,308,80.62257748298549
2020-08-01,2020,214,1,0.5751560926437378,0.060124266892671585,37.39000000000004,30.822065516880627,10.12365330287389,2.0832211630684987,0.005004675821886906,0.00022733566506261127,6.340318202972412,136.75535583496094,637,50
2020-08-09,2020,222,1,0.5202739834785461,-0.05612999200820923,33.49000000000001,28.56130153111053,12.109002685546898,2.12835693359375,0.004575865106211552,6.613490326756732e-05,17.739917755126953,317.1990051269531,586,206.15528128088303
2020-08-11,2020,224,1,0.5043165683746338,-0.05029293894767761,33.93000000000001,28.5645472935268,11.68975437709264,2.2080399649483815,0.006203831867800602,0.00012272951348180072,39.6085205078125,296.738525390625,835,203.9607805437114
2020-08-09,2020,222,1,0.5375488996505737,-0.07064806669950485,33.450000000000045,28.56130153111053,12.109002685546898,2.12835693359375,0.004575865106211552,6.613490326756732e-05,17.015460968017578,263.9271240234375,769,211.8962010041709
2020-08-11,2020,224,1,0.754875123500824,0.2229311168193817,31.610000000000014,29.90978829520094,13.459928676060315,2.3450900486537387,0.0027745531364544718,0.0006831919883047988,6.825875282287598,66.06464385986328,456,143.17821063276352
2020-08-11,2020,224,1,0.725200355052948,0.2131572961807251,31.430000000000007,29.90978829520094,13.459928676060315,2.3450900486537387,0.0027745531364544718,0.0006831919883047988,2.0959136486053467,296.25238037109375,454,170.29386365926402
2020-08-09,2020,222,1,0.42027655243873596,-0.17167948186397552,33.49000000000001,28.56130153111053,12.109002685546898,2.12835693359375,0.004575865106211552,6.613490326756732e-05,28.029823303222656,303.1832275390625,752,254.95097567963924
2020-08-09,2020,222,1,0.5570440292358398,-0.04166726395487785,32.370000000000005,28.56130153111053,12.109002685546898,2.12835693359375,0.004575865106211552,6.613490326756732e-05,12.973163604736328,306.67462158203125,592,150.33296378372907
2020-08-09,2020,222,1,0.6510143280029297,0.09730226546525955,33.35000000000002,28.5645472935268,11.68975437709264,2.2080399649483815,0.006203831867800602,0.00012272951348180072,16.683427810668945,340.9500732421875,654,165.52945357246847
2020-08-09,2020,222,1,0.5804538130760193,0.013649260625243187,32.150000000000034,28.56130153111053,12.109002685546898,2.12835693359375,0.004575865106211552,6.613490326756732e-05,23.773609161376953,297.34552001953125,648,165.52945357246847
2020-08-09,2020,222,1,0.397413432598114,-0.1661069691181183,33.93000000000001,28.5645472935268,11.68975437709264,2.2080399649483815,0.006203831867800602,0.00012272951348180072,25.600828170776367,52.5452880859375,1034,260.1922366251538
2020-08-11,2020,224,1,0.7629959583282471,0.25035086274147034,31.170000000000016,29.90978829520094,13.459928676060315,2.3450900486537387,0.0027745531364544718,0.0006831919883047988,5.50765323638916,294.81585693359375,477,210.95023109728987
2020-08-08,2020,221,1,0.7858445644378662,0.24963539838790894,31.430000000000007,29.90978829520094,13.459928676060315,2.3450900486537387,0.0027745531364544718,0.0006831919883047988,4.475816249847412,281.9349365234375,426,192.09372712298546
2020-08-08,2020,221,1,0.7111222743988037,0.225120410323143,31.430000000000007,29.90978829520094,13.459928676060315,2.3450900486537387,0.0027745531364544718,0.0006831919883047988,6.134146690368652,191.74856567382812,477,162.78820596099706
2020-08-07,2020,220,1,0.612789511680603,0.04633263871073723,32.150000000000034,28.5645472935268,11.68975437709264,2.2080399649483815,0.006203831867800602,0.00012272951348180072,23.06939697265625,8.808246612548828,518,123.6931687685298
2020-08-09,2020,222,1,0.616618275642395,0.05422521382570267,33.49000000000001,28.56130153111053,12.109002685546898,2.12835693359375,0.004575865106211552,6.613490326756732e-05,23.868497848510742,32.70818328857422,535,186.81541692269406
2021-09-05,2021,248,0,0.7061459422111511,0.15945181250572205,33.160000000000025,25.515368216378363,13.047435651506703,2.312476021902902,0.008890535246059983,0.004247579627566722,21.47332000732422,114.29987335205078,453,228.47319317591726
2021-09-09,2021,252,0,0.7450735569000244,0.2866748869419098,25.700000000000045,27.693754359654065,11.703509085518988,1.8942173549107142,0.003624792705700486,0.0017108506494096787,16.755651473999023,43.46018600463867,826,211.8962010041709
2021-09-08,2021,251,0,0.8761762976646423,0.33099886775016785,28.430000000000007,26.414261300223245,10.865383039202015,1.7375880650111608,0.01530037404172191,0.00832240646415272,10.57962703704834,49.457069396972656,831,170
2021-09-09,2021,252,0,0.7841368317604065,0.233146071434021,25.150000000000034,26.677379499162953,13.410418265206488,1.8137425013950892,0.009848411689922898,0.004710663013987926,18.484880447387695,330.6459045410156,409,42.426406871192846
2021-09-08,2021,251,0,0.8230597376823425,0.2715526819229126,27.450000000000045,26.494315447126155,12.518156215122815,1.7896619524274553,0.0082743275272108,0.004790339522891429,4.3682942390441895,270,748,121.65525060596438
2021-09-08,2021,251,0,0.7386267781257629,0.17947258055210114,28.57000000000005,25.0347621372768,11.011017281668558,1.7387041364397322,0.017105232487843125,0.006462354116969493,6.654409885406494,249.70330810546875,1137,140.356688476182
2021-09-08,2021,251,0,0.5966173410415649,-0.007801072672009468,29.640000000000043,27.279552350725453,11.915867832728793,1.8818119594029017,0.004134576331303208,0.0022460258536867173,1.5242704153060913,335.8542175292969,834,152.64337522473747
2021-09-05,2021,248,0,0.40700584650039673,-0.1041271761059761,31.350000000000023,26.463102504185315,7.577977207728793,1.894101824079241,0.004310305725262253,0.00093800192409077,1.1176061630249023,213.9232940673828,940,127.27922061357856
2021-09-08,2021,251,0,0.7293051481246948,0.18218623101711273,29.410000000000025,24.287639508928578,10.515387834821468,1.769256591796875,0.01603368998639354,0.005051825099521068,4.188395023345947,63.76225280761719,869,180.27756377319946
2021-09-05,2021,248,0,0.29223325848579407,-0.16982193291187286,34.870000000000005,28.33330906459264,11.077297101702015,2.293064662388393,0.002720798860714524,0.0011623091035417588,8.656697273254395,334.65704345703125,500,150
2021-09-08,2021,251,0,0.6780965924263,0.1460297554731369,27.140000000000043,25.643485369001155,13.441886247907405,1.8989148821149553,0.01137205542199382,0.0060385948949388535,8.520959854125977,240.9088592529297,620,36.05551275463989
2021-09-05,2021,248,0,0.46341463923454285,-0.10195501148700714,28.83000000000004,26.387087576729925,12.052246529715433,1.7328665597098214,0.00900508047215709,0.0028820074134401352,19.201282501220703,76.56111907958984,824,318.9043743820395
2021-09-08,2021,251,0,0.8343089818954468,0.337910920381546,30.090000000000032,26.467078508649593,14.183953857421898,2.1291067940848216,0.01285250068776378,0.00478166704707661,13.550688743591309,346.8792724609375,317,50.99019513592785
2021-09-08,2021,251,0,0.6738392114639282,0.12767039239406586,25.410000000000025,25.18658272879469,7.94257507324221,1.7384796142578125,0.009606431733296006,0.004456106477313426,19.442249298095703,56.61127471923828,1368,202.23748416156684
2021-09-02,2021,245,0,0.7528638243675232,0.21889325976371765,27.750000000000057,25.584427315848245,10.484759085518988,1.6913648332868303,0.014147754322216599,0.006514046245150951,11.273667335510254,80.65306091308594,1277,152.31546211727817
2021-09-08,2021,251,0,0.7210987210273743,0.3046664893627167,31.650000000000034,28.618506731305843,9.74525931222098,2.3295200892857144,0.0025209295856214453,0.0008820778661302597,22.604032516479492,40.696189880371094,696,357.77087639996637
2021-09-08,2021,251,0,0.7980663776397705,0.22292576730251312,28.430000000000007,26.414261300223245,10.865383039202015,1.7375880650111608,0.01530037404172191,0.00832240646415272,21.25545883178711,280.7933654785156,717,123.6931687685298
2021-09-02,2021,245,0,0.7986220717430115,0.3097156286239624,24.150000000000034,26.78289620535719,12.996083286830356,1.767303466796875,0.009987230907604783,0.0029249078565172226,6.313371181488037,261.5866394042969,697,80.62257748298549
2021-09-05,2021,248,0,0.6912906169891357,0.18031105399131775,28.430000000000007,24.816986519949808,14.926080322265648,2.7994515555245534,0.013678933988735764,0.0024292207294038803,1.1187180280685425,214.0078887939453,84,10
2021-09-08,2021,251,0,0.563360869884491,-0.014416243880987167,30.630000000000052,27.12786690848219,11.520070103236606,1.998720441545759,0.004061128507778733,0.001923847847514537,6.22444486618042,85.74413299560547,711,72.11102550927978
2021-09-08,2021,251,0,0.6233090758323669,0.07117512077093124,27.360000000000014,26.414261300223245,10.865383039202015,1.7375880650111608,0.01530037404172191,0.00832240646415272,9.064962387084961,242.833740234375,695,72.80109889280519
2021-09-08,2021,251,0,0.5969197750091553,0.0759323313832283,25.430000000000007,24.061547851562523,9.59493190220428,1.692659650530134,0.012268360267803757,0.003835592322879222,15.432538032531738,355.4634704589844,1469,430.11626335213134
2021-09-08,2021,251,0,0.6349668502807617,0.1391150951385498,27.77000000000004,27.213259451729925,12.520623779296898,1.6944492885044642,0.016144703637287705,0.006698463016086009,29.6302547454834,299.8717956542969,558,56.568542494923804
2021-09-05,2021,248,0,0.7243402004241943,0.2308066040277481,28.470000000000027,26.329579380580356,12.906182861328148,1.691957746233259,0.014584477554485886,0.004377264433436778,11.062320709228516,214.1082763671875,575,183.84776310850236
2021-09-05,2021,248,0,0.6244630217552185,0.0739603191614151,28.650000000000034,25.356866455078148,14.02476545061387,2.372379847935268,0.013784806739018052,0.00405215089850941,4.568002223968506,204.25209045410156,1051,202.23748416156684
2021-09-03,2021,246,0,0.8956073522567749,0.4275246560573578,25.110000000000014,26.589166259765648,13.82356741768973,1.9109257289341517,0.01152440489403972,0.00560304885440388,7.78394889831543,325.990234375,474,82.46211251235322
2021-09-05,2021,248,0,0.5772106647491455,0.11625517904758453,31.670000000000016,27.077127075195335,12.721464320591565,1.6489977155412947,0.015249426971600144,0.005089018397860912,26.45270538330078,329.56158447265625,279,0
2021-09-06,2021,249,0,0.5342782735824585,-0.06632823497056961,28.610000000000014,26.061388724190863,11.352286638532405,2.099367414202009,0.0058478224384046484,0.002857882433467296,6.949690341949463,5.113215446472168,910,117.04699910719626
2021-09-05,2021,248,0,0.5963019132614136,0.05299617350101471,27.130000000000052,26.805265590122815,12.517044503348245,1.6220485142299108,0.012538548122570603,0.0026186889939836533,13.45791244506836,198.73023986816406,761,344.0930106817051
2021-09-05,2021,248,0,0.546912670135498,0.05608207732439041,29.510000000000048,25.752042933872815,10.33888724190848,1.770296369280134,0.0076697725164152075,0.0025808400445512802,14.319220542907715,136.82858276367188,1310,278.92651361962703
2021-09-08,2021,251,0,0.7887324094772339,0.27804630994796753,27.450000000000045,25.43828953334264,13.438882446289085,2.630885532924107,0.01619131446950206,0.0038800424867204697,1.3399475812911987,110.24462890625,662,162.78820596099706
2021-09-08,2021,251,0,0.8006482720375061,0.2653268873691559,26.720000000000027,26.871013532366078,13.420877075195335,1.9725450788225447,0.011731069098637192,0.0035444385343126328,16.503000259399414,128.92794799804688,501,188.67962264113206
2021-09-08,2021,251,0,0.8983099460601807,0.4090985357761383,27.29000000000002,25.303702654157405,13.02544773646764,2.055690220424107,0.010371308337376206,0.005908314042621043,15.547401428222656,131.9990997314453,418,64.03124237432849
2021-09-08,2021,251,0,0.7934228181838989,0.24840980768203735,23.33000000000004,25.093852887834828,11.243630981445335,2.01373291015625,0.007837678800747483,0.0046855545573762925,17.02552604675293,276.0690612792969,1089,76.15773105863909
2021-09-08,2021,251,0,0.720948338508606,0.23005464673042297,26.720000000000027,24.99925275530137,10.579311261858265,1.6938999720982142,0.01127709032170543,0.0036260372930101425,17.820531845092773,234.6123504638672,787,266.27053911388697
2021-09-05,2021,248,0,0.770115315914154,0.18092696368694305,29.430000000000007,26.835676356724377,11.926243809291293,1.72723388671875,0.019422944198772996,0.010272089295916942,10.884690284729004,255.37159729003906,751,100.4987562112089
2021-09-08,2021,251,0,0.882921576499939,0.42205965518951416,24.04000000000002,25.55735822405137,12.910620989118343,1.9032527378627233,0.011145870696232407,0.006435770445399669,11.747705459594727,274.4645080566406,577,80.62257748298549
2021-09-05,2021,248,0,0.6598891019821167,0.14028261601924896,29.090000000000032,25.43828953334264,13.438882446289085,2.630885532924107,0.01619131446950206,0.0038800424867204697,7.058892250061035,321.66217041015625,923,238.53720883753127
2021-09-08,2021,251,0,0.4998207986354828,-0.007340102922171354,29.430000000000007,24.68337184361053,11.466814749581488,2.3309456961495534,0.009232233773396104,0.005075696759753612,13.464781761169434,120.46917724609375,1102,113.13708498984761
2021-09-05,2021,248,0,0.44465649127960205,-0.08416324853897095,34.26000000000005,28.33330906459264,11.077297101702015,2.293064662388393,0.002720798860714524,0.0011623091035417588,10.975342750549316,302.8580322265625,628,125.29964086141668
2021-09-06,2021,249,0,0.6309987902641296,0.1344013661146164,26.230000000000018,27.077127075195335,12.721464320591565,1.6489977155412947,0.015249426971600144,0.005089018397860912,31.07959747314453,205.8827667236328,531,206.15528128088303
2021-09-08,2021,251,0,0.6214471459388733,0.07875368744134903,26.99000000000001,25.356866455078148,14.02476545061387,2.372379847935268,0.013784806739018052,0.00405215089850941,7.974053382873535,69.7153091430664,860,245.96747752497689
2021-09-08,2021,251,0,0.6228320002555847,0.07367941737174988,30.52000000000004,25.47289646693639,13.56524265834264,2.1454271589006697,0.008890550147221177,0.004151035004191783,15.873251914978027,113.48439025878906,717,241.66091947189145
2021-09-08,2021,251,0,0.8095238208770752,0.3010534942150116,25.55000000000001,25.72285940987723,12.238883318219905,1.9641636439732142,0.009609456669018357,0.0068145430617860825,11.78994083404541,328.5504150390625,773,72.80109889280519
2021-09-09,2021,252,0,0.7347053289413452,0.2608218193054199,28.49000000000001,25.268097359793558,14.30293971470428,2.1124158586774553,0.010158817778751938,0.004188571029239085,17.852746963500977,308.9211120605469,206,70.71067811865476
2021-09-05,2021,248,0,0.6336899995803833,0.2233649641275406,28.460000000000036,27.693754359654065,11.703509085518988,1.8942173549107142,0.003624792705700486,0.0017108506494096787,12.232268333435059,287.3778076171875,522,202.48456731316588
2021-09-05,2021,248,0,0.5671293139457703,0.053518760949373245,27.99000000000001,25.0347621372768,11.011017281668558,1.7387041364397322,0.017105232487843125,0.006462354116969493,3.475924015045166,338.8706970214844,908,50
2021-09-08,2021,251,0,0.6557161808013916,0.12088850885629654,30.700000000000045,28.41451198032928,11.171829659598245,2.1114327566964284,0.0030184644567228247,0.0013241953187517197,0.7769594788551331,233.3563995361328,667,80.62257748298549
2021-09-08,2021,251,0,0.7155659794807434,0.18811801075935364,27.170000000000016,25.507935006277933,13.504224940708752,2.355187552315848,0.014534737478420823,0.004311207585864452,11.164112091064453,70.84679412841797,757,238.53720883753127
2021-09-05,2021,248,0,0.6612565517425537,0.15553060173988342,30.700000000000045,27.284757777622815,14.410930524553578,1.9402095249720983,0.011878784309551804,0.0047257429891161,8.002911567687988,202.9102020263672,102,41.23105625617661
2021-09-08,2021,251,0,0.7002010345458984,0.14068926870822906,27.08000000000004,25.356866455078148,14.02476545061387,2.372379847935268,0.013784806739018052,0.00405215089850941,6.502109050750732,202.60057067871094,911,320.1562118716424
2021-09-05,2021,248,0,0.4533899426460266,-0.04608246684074402,32.450000000000045,26.893764386858265,12.263463047572543,1.7862548828125,0.006900485168621628,0.0034465677075914414,0.7780618667602539,53.416770935058594,618,30
2021-09-12,2021,255,0,0.633972704410553,0.06503941118717194,27.650000000000034,25.86425388881139,10.13659275599889,1.7539890834263392,0.008138384233639329,0.0030144936376146347,7.0113606452941895,62.56896209716797,1347,275.13632984395207
2021-09-02,2021,245,0,0.7836228609085083,0.2722308039665222,27.29000000000002,26.78289620535719,12.996083286830356,1.767303466796875,0.009987230907604783,0.0029249078565172226,0.9274099469184875,180,662,50
2021-09-08,2021,251,0,0.5624538064002991,0.08382465690374374,24.920000000000016,24.99925275530137,10.579311261858265,1.6938999720982142,0.01127709032170543,0.0036260372930101425,26.240724563598633,265.2908630371094,1122,265.70660511172844
2021-09-05,2021,248,0,0.7332297563552856,0.1762492060661316,29.650000000000034,25.06880667550223,13.663786097935315,2.5728934151785716,0.015471588383839219,0.003641847425036815,3.64219069480896,120.5718002319336,825,219.3171219946131
2021-09-02,2021,245,0,0.4721042215824127,-0.029842235147953033,27.450000000000045,25.584427315848245,10.484759085518988,1.6913648332868303,0.014147754322216599,0.006514046245150951,9.544025421142578,51.25770950317383,1098,98.48857801796103
2021-09-06,2021,249,0,0.878097414970398,0.4159643054008484,26.360000000000014,24.808596365792425,14.20497610909598,2.6819959368024553,0.014713938842938035,0.00328863030009785,15.76444149017334,315.7890319824219,365,140
2021-09-01,2021,244,0,0.8747072815895081,0.347643107175827,28.350000000000023,24.816986519949808,14.926080322265648,2.7994515555245534,0.013678933988735764,0.0024292207294038803,5.504039764404297,65.16663360595703,52,50
2021-09-08,2021,251,0,0.6905660629272461,0.2224426120519638,28.870000000000005,26.362126377650668,14.070110212053578,1.995455060686384,0.01209730983845958,0.0053725874953798325,11.313855171203613,119.04263305664062,126,193.13207915827968
2021-09-05,2021,248,0,0.7069306969642639,0.17578692734241486,30.370000000000005,25.482104056222113,14.007826014927502,2.240478515625,0.00864262462727794,0.0037079042726091416,6.223108768463135,265.74322509765625,311,100.4987562112089
2021-09-09,2021,252,0,0.7458178400993347,0.17312179505825043,28.510000000000048,27.51159275599889,14.054140799386175,1.6590837751116072,0.013737987290546982,0.004069182925753978,7.356167793273926,19.8770809173584,375,148.66068747318505
2021-09-09,2021,252,0,0.7686693072319031,0.2254960983991623,30.210000000000036,25.278004673549106,11.990008108956488,2.1047167096819197,0.009420986782238572,0.005929458790355113,0.776789665222168,53.347084045410156,844,150
2021-09-05,2021,248,0,0.6405990123748779,0.16146725416183472,31.220000000000027,24.287639508928578,10.515387834821468,1.769256591796875,0.01603368998639354,0.005051825099521068,3.7571403980255127,350.410888671875,1153,272.02941017470886
2021-09-05,2021,248,0,0.7675572633743286,0.36919966340065,24.53000000000003,25.0347621372768,11.011017281668558,1.7387041364397322,0.017105232487843125,0.006462354116969493,8.252702713012695,56.079627990722656,1377,151.32745950421557
2021-09-05,2021,248,0,0.8074084520339966,0.2980663478374481,28.03000000000003,24.808596365792425,14.20497610909598,2.6819959368024553,0.014713938842938035,0.00328863030009785,18.079544067382812,199.5853271484375,622,259.6150997149434
2021-09-05,2021,248,0,0.7108009457588196,0.15796798467636108,27.510000000000048,26.871013532366078,13.420877075195335,1.9725450788225447,0.011731069098637192,0.0035444385343126328,35.540069580078125,120.6551513671875,552,92.19544457292886
2021-09-03,2021,246,0,0.6887550354003906,0.25992119312286377,28.07000000000005,26.209446934291293,13.83024640764512,2.273836408342634,0.013554941426441758,0.004717890077166942,25.61884117126465,280.70013427734375,278,210
2021-09-05,2021,248,0,0.7441578507423401,0.1845807135105133,29.79000000000002,27.693754359654065,11.703509085518988,1.8942173549107142,0.003624792705700486,0.0017108506494096787,1.927010416984558,76.08013153076172,397,50
2021-09-02,2021,245,0,0.8569719791412354,0.3580656945705414,28.110000000000014,26.929701014927502,14.161723981584828,2.102325439453125,0.01254407645337352,0.004635263138347057,24.676979064941406,252.5740966796875,131,72.11102550927978
2021-09-02,2021,245,0,0.5014917850494385,-0.08035557717084885,32.460000000000036,25.13294372558596,12.558855765206488,1.9025421142578125,0.010662268410847275,0.006858322673373607,33.972103118896484,290.3868103027344,985,403.11288741492746
2021-09-05,2021,248,0,0.5019132494926453,0.006685357075184584,28.33000000000004,24.549271065848245,9.816583251953148,1.6904340471540178,0.013097967516110032,0.0049146301084093125,15.680994033813477,221.4423370361328,1391,610.3277807866851
2021-09-05,2021,248,0,0.8741865754127502,0.34599569439888,26.190000000000055,25.43828953334264,13.438882446289085,2.630885532924107,0.01619131446950206,0.0038800424867204697,14.218191146850586,245.4635009765625,563,220.90722034374522
2021-09-06,2021,249,0,0.6083384156227112,0.09039371460676193,30.810000000000002,25.268097359793558,14.30293971470428,2.1124158586774553,0.010158817778751938,0.004188571029239085,18.80358123779297,167.0590057373047,268,72.80109889280519
2021-09-05,2021,248,0,0.7395325303077698,0.23927809298038483,28.370000000000005,27.51159275599889,14.054140799386175,1.6590837751116072,0.013737987290546982,0.004069182925753978,19.722293853759766,251.5735321044922,596,116.61903789690601
2021-09-05,2021,248,0,0.8765963315963745,0.35550203919410706,31.890000000000043,25.303702654157405,13.02544773646764,2.055690220424107,0.010371308337376206,0.005908314042621043,6.695007801055908,236.52215576171875,398,67.0820393249937
2021-09-05,2021,248,0,0.7469464540481567,0.21146176755428314,26.250000000000057,27.701470947265648,14.009369332449808,1.5834132603236608,0.014432038675472825,0.004186335855060008,17.455102920532227,70.44990539550781,570,64.03124237432849
2021-09-03,2021,246,0,0.8842135071754456,0.38231781125068665,28.24000000000001,26.467078508649593,14.183953857421898,2.1291067940848216,0.01285250068776378,0.00478166704707661,13.454192161560059,161.31832885742188,160,102.95630140987001
2021-09-05,2021,248,0,0.8672376871109009,0.366485595703125,27.33000000000004,24.32109113420762,14.477698625837093,3.033721923828125,0.0153323668348051,0.0024984664254716904,11.802815437316895,148.4454345703125,193,90.55385138137417
2021-09-08,2021,251,0,0.7600006461143494,0.24823616445064545,29.450000000000045,26.929701014927502,14.161723981584828,2.102325439453125,0.01254407645337352,0.004635263138347057,4.41379451751709,301.62091064453125,411,110.45361017187261
2021-09-08,2021,251,0,0.323720246553421,-0.21360599994659424,30.590000000000032,25.932996913365002,13.60125340053014,2.3265489850725447,0.007593687187359421,0.0029760784440568955,16.928728103637695,63.12363052368164,1187,653.0696746902278
2021-09-05,2021,248,0,0.5616728067398071,0.007063373923301697,33.150000000000034,27.279552350725453,11.915867832728793,1.8818119594029017,0.004134576331303208,0.0022460258536867173,3.1055591106414795,126.63570404052734,728,30
2021-09-06,2021,249,0,0.7280837297439575,0.2051086574792862,27.010000000000048,25.548429652622815,12.523477172851585,1.9724491664341517,0.010512496839687913,0.007271472268634227,10.53108024597168,69.61595153808594,671,92.19544457292886
2021-09-08,2021,251,0,0.36977922916412354,-0.08698717504739761,28.150000000000034,26.463102504185315,7.577977207728793,1.894101824079241,0.004310305725262253,0.00093800192409077,15.701231002807617,329.7432556152344,1292,178.04493814764857
2021-09-06,2021,249,0,0.7240061163902283,0.11686963587999344,28.180000000000007,25.278004673549106,11.990008108956488,2.1047167096819197,0.009420986782238572,0.005929458790355113,5.163913249969482,285.5860595703125,860,114.0175425099138
2021-09-03,2021,246,0,0.7575175762176514,0.22880786657333374,28.970000000000027,25.13294372558596,12.558855765206488,1.9025421142578125,0.010662268410847275,0.006858322673373607,5.087785243988037,180,1267,404.96913462633177
2021-09-09,2021,252,0,0.7143948674201965,0.13624998927116394,28.180000000000007,25.86425388881139,10.13659275599889,1.7539890834263392,0.008138384233639329,0.0030144936376146347,16.42984962463379,93.1468734741211,947,90.55385138137417
2021-09-02,2021,245,0,0.780281662940979,0.24869762361049652,30.170000000000016,26.467078508649593,14.183953857421898,2.1291067940848216,0.01285250068776378,0.00478166704707661,8.137669563293457,66.65750122070312,449,30
2021-09-05,2021,248,0,0.5366937518119812,0.031173372641205788,22.410000000000025,25.093852887834828,11.243630981445335,2.01373291015625,0.007837678800747483,0.0046855545573762925,23.401702880859375,135.29100036621094,1174,41.23105625617661
2021-09-08,2021,251,0,0.7795813083648682,0.3216262459754944,25.510000000000048,26.641800362723245,13.202894374302502,1.7657252720424108,0.01285191954247722,0.003839719944529918,12.898295402526855,351.7488708496094,911,22.360679774997898
2021-09-08,2021,251,0,0.7476246356964111,0.23255868256092072,28.350000000000023,26.452028982979925,12.733305140904065,1.6688101632254464,0.015495743166134446,0.004584047847323802,4.992781162261963,337.8925476074219,918,172.04650534085255
2021-09-06,2021,249,0,0.7057808041572571,0.15386810898780823,30.370000000000005,27.455569022042425,8.644730050223245,2.042853219168527,0.0035334783899045874,0.0008191055589250595,9.886544227600098,92.66178894042969,935,76.15773105863909
2021-09-08,2021,251,0,0.7053364515304565,0.14328859746456146,31.910000000000025,25.47289646693639,13.56524265834264,2.1454271589006697,0.008890550147221177,0.004151035004191783,24.452363967895508,324.96307373046875,775,243.51591323771842
2021-09-09,2021,252,0,0.7978848218917847,0.30783697962760925,27.510000000000048,25.303702654157405,13.02544773646764,2.055690220424107,0.010371308337376206,0.005908314042621043,16.41895866394043,230.82113647460938,608,140
2021-09-05,2021,248,0,0.7466383576393127,0.18454523384571075,27.83000000000004,24.895619419642856,11.17446071079803,1.7319771902901786,0.01426529468171367,0.004294220262103465,13.881179809570312,336.4994201660156,893,127.27922061357856
2021-09-08,2021,251,0,0.6870383024215698,0.18941274285316467,27.960000000000036,26.677379499162953,13.410418265206488,1.8137425013950892,0.009848411689922898,0.004710663013987926,6.793453216552734,227.20057678222656,417,36.05551275463989
2021-09-02,2021,245,0,0.753130316734314,0.22530542314052582,28.650000000000034,26.922771344866078,13.3699672154018,1.868192400251116,0.010953705321476548,0.003239516072802928,14.316152572631836,129.36988830566406,670,156.5247584249853
2021-09-05,2021,248,0,0.6386743187904358,0.040804628282785416,29.650000000000034,25.47289646693639,13.56524265834264,2.1454271589006697,0.008890550147221177,0.004151035004191783,28.325746536254883,245.13746643066406,157,107.70329614269008
2021-09-05,2021,248,0,0.5949804186820984,-0.01893792115151882,28.160000000000025,27.980081176757835,10.477814156668558,2.125941685267857,0.0030021327840543677,0.0012180096440843613,6.273921489715576,278.46710205078125,746,72.11102550927978
2021-09-03,2021,246,0,0.7630866169929504,0.24321796000003815,27.310000000000002,26.89117257254469,12.793799700055843,1.7553274972098214,0.008201833378002732,0.0029763913684419663,3.909710168838501,341.3405456542969,498,44.721359549995796
2021-09-05,2021,248,0,0.4567243456840515,0.047084990888834,27.190000000000055,24.061547851562523,9.59493190220428,1.692659650530134,0.012268360267803757,0.003835592322879222,25.488901138305664,279.7748107910156,1402,721.1102550927978
2021-09-08,2021,251,0,0.7629241943359375,0.22361329197883606,28.250000000000057,26.452028982979925,12.733305140904065,1.6688101632254464,0.015495743166134446,0.004584047847323802,16.757404327392578,329.3361511230469,483,125.29964086141668
2021-09-09,2021,252,0,0.34438249468803406,-0.1296265423297882,32.460000000000036,28.33330906459264,11.077297101702015,2.293064662388393,0.002720798860714524,0.0011623091035417588,4.965967178344727,270,394,30
2021-09-03,2021,246,0,0.6739277839660645,0.09897272288799286,29.230000000000018,25.405374145507835,13.291016060965433,2.078639439174107,0.009394209395573228,0.0048268920712999375,17.120025634765625,309.0977783203125,570,184.39088914585773
2021-09-09,2021,252,0,0.744868814945221,0.18867257237434387,27.450000000000045,25.771486990792425,14.408552333286877,2.207582746233259,0.012849654565975754,0.004646945648723033,4.395385265350342,263.9555358886719,186,44.721359549995796
2021-09-05,2021,248,0,0.7294875383377075,0.20202413201332092,30.220000000000027,25.71089869907928,14.179426356724377,2.0072784423828125,0.011724140058682053,0.005287695580058482,4.391096115112305,83.9495849609375,82,22.360679774997898
2021-09-08,2021,251,0,0.761464536190033,0.2339792102575302,30.49000000000001,26.89117257254469,12.793799700055843,1.7553274972098214,0.008201833378002732,0.0029763913684419663,7.224693298339844,108.6170883178711,652,60.82762530298219
2021-09-08,2021,251,0,0.7499231696128845,0.24390660226345062,26.810000000000002,27.287225341796898,12.206977190290218,1.8256051199776786,0.0055744308339811255,0.0021297222905687363,9.059950828552246,297.18280029296875,694,50
2021-09-08,2021,251,0,0.6853188872337341,0.16141001880168915,29.03000000000003,26.677379499162953,13.410418265206488,1.8137425013950892,0.009848411689922898,0.004710663013987926,3.1620757579803467,261.5752868652344,469,22.360679774997898
2021-09-05,2021,248,0,0.8703501224517822,0.3442903757095337,28.460000000000036,25.72285940987723,12.238883318219905,1.9641636439732142,0.009609456669018357,0.0068145430617860825,13.914207458496094,138.7149200439453,658,60
2021-09-01,2021,244,0,0.7448976039886475,0.1497855931520462,24.57000000000005,26.48948713030137,11.285758318219905,1.772432599748884,0.007270346890614121,0.0026230848365358383,4.947680473327637,130.88003540039062,854,170
2021-09-08,2021,251,0,0.4372118413448334,-0.11185449361801147,31.590000000000032,26.246617344447543,10.207195172991078,1.7659868512834822,0.008677076111958115,0.0035784131818346054,10.337932586669922,212.53695678710938,950,167.63054614240212
2021-09-05,2021,248,0,0.6926144361495972,0.23186123371124268,26.29000000000002,25.0347621372768,11.011017281668558,1.7387041364397322,0.017105232487843125,0.006462354116969493,11.535086631774902,306.5037841796875,1623,283.1960451701259
2021-09-02,2021,245,0,0.8725487589836121,0.3619094789028168,27.250000000000057,26.871013532366078,13.420877075195335,1.9725450788225447,0.011731069098637192,0.0035444385343126328,10.992984771728516,180,591,151.32745950421557
2021-09-08,2021,251,0,0.7306971549987793,0.25702935457229614,25.660000000000025,25.643485369001155,13.441886247907405,1.8989148821149553,0.01137205542199382,0.0060385948949388535,22.39027214050293,57.9633903503418,429,76.15773105863909
2021-09-05,2021,248,0,0.39337286353111267,-0.12965284287929535,33.710000000000036,25.013774762834828,12.273086983816995,2.371403285435268,0.009680043469593613,0.0052202976279787094,2.4873106479644775,270,1032,474.23622805517505
2021-09-08,2021,251,0,0.41827380657196045,-0.07726042717695236,30.130000000000052,26.246617344447543,10.207195172991078,1.7659868512834822,0.008677076111958115,0.0035784131818346054,20.66108512878418,215.3503875732422,962,193.13207915827968
2021-09-08,2021,251,0,0.8287268877029419,0.3083316683769226,26.130000000000052,26.78289620535719,12.996083286830356,1.767303466796875,0.009987230907604783,0.0029249078565172226,8.151302337646484,322.2893371582031,722,143.17821063276352
2021-09-05,2021,248,0,0.7637772560119629,0.2525327205657959,27.480000000000018,25.210061645507835,13.503856549944203,1.9494236537388392,0.010630588542149155,0.00560990338855305,24.127071380615234,306.60888671875,1060,114.0175425099138
2021-09-08,2021,251,0,0.4326501190662384,-0.04923410713672638,28.890000000000043,26.246617344447543,10.207195172991078,1.7659868512834822,0.008677076111958115,0.0035784131818346054,35.841346740722656,146.01658630371094,1236,373.6308338453881
2021-09-08,2021,251,0,0.663993239402771,0.22472169995307922,27.980000000000018,27.657876586914085,14.411961582728793,1.8740168980189733,0.010858889232800095,0.004159603171878246,5.5805864334106445,325.9314880371094,149,53.85164807134504
2021-09-09,2021,252,0,0.7246021032333374,0.24118667840957642,27.730000000000018,24.32109113420762,14.477698625837093,3.033721923828125,0.0153323668348051,0.0024984664254716904,14.285161972045898,342.48516845703125,552,143.17821063276352
2021-09-09,2021,252,0,0.6708407998085022,0.11146370321512222,29.190000000000055,25.72285940987723,12.238883318219905,1.9641636439732142,0.009609456669018357,0.0068145430617860825,5.661410331726074,153.91116333007812,876,141.4213562373095
2021-09-02,2021,245,0,0.749836266040802,0.23985086381435394,29.230000000000018,25.55735822405137,12.910620989118343,1.9032527378627233,0.011145870696232407,0.006435770445399669,11.704070091247559,270,1124,143.17821063276352
2021-09-03,2021,246,0,0.38513174653053284,-0.0748320072889328,32.57000000000005,25.491481672014515,12.665318516322543,2.124108450753348,0.01027012945286998,0.006348092012935069,6.448537349700928,239.91551208496094,1341,534.5091205957107
2021-09-05,2021,248,0,0.6559510231018066,0.09681371599435806,29.090000000000032,25.734255545479925,12.72544904436387,1.931882585797991,0.010919626365826218,0.006753388696246532,9.215617179870605,176.1471710205078,876,50
2021-09-05,2021,248,0,0.7390652298927307,0.19450643658638,31.210000000000036,25.977092633928578,12.314837210518988,1.7098039899553572,0.012167091976330369,0.0036190188460878403,0,0,936,131.52946437965906
2021-09-05,2021,248,0,0.5794338583946228,0.0021190522238612175,29.220000000000027,25.303702654157405,13.02544773646764,2.055690220424107,0.010371308337376206,0.005908314042621043,24.08687400817871,301.6717224121094,548,141.4213562373095
2021-09-08,2021,251,0,0.8176814317703247,0.3080025613307953,27.450000000000045,24.808596365792425,14.20497610909598,2.6819959368024553,0.014713938842938035,0.00328863030009785,14.128042221069336,154.20828247070312,499,133.41664064126334
2021-09-08,2021,251,0,0.562041699886322,0.08016706258058548,25.470000000000027,25.18658272879469,7.94257507324221,1.7384796142578125,0.009606431733296006,0.004456106477313426,13.2649564743042,292.189208984375,1196,165.52945357246847
2021-09-05,2021,248,0,0.6334661245346069,0.0828375294804573,30.090000000000032,26.04198826381139,11.59273245675223,1.6942945207868303,0.018348704587147324,0.008455488734774974,36.80677032470703,310.4661865234375,467,184.39088914585773
2021-09-05,2021,248,0,0.689388632774353,0.14340071380138397,27.57000000000005,25.782743617466565,10.471695382254495,1.7166312081473214,0.019566189061329453,0.011019769959979442,11.111698150634766,63.04351043701172,877,241.86773244895647
2021-09-05,2021,248,0,0.7344802618026733,0.2462855726480484,27.49000000000001,27.287225341796898,12.206977190290218,1.8256051199776786,0.0055744308339811255,0.0021297222905687363,11.188007354736328,277.0517883300781,780,111.80339887498948
2021-09-08,2021,251,0,0.7092345356941223,0.20157933235168457,28.430000000000007,25.07641209193639,14.309239414760043,2.423315865652902,0.008301313530132859,0.0024692005448869736,10.387274742126465,166.26821899414062,680,120.83045973594572
2021-09-08,2021,251,0,0.6752579212188721,0.24535807967185974,29.350000000000023,25.643485369001155,13.441886247907405,1.8989148821149553,0.01137205542199382,0.0060385948949388535,3.254690647125244,253.46124267578125,1169,178.04493814764857
2021-09-12,2021,255,0,0.6741744875907898,0.22436654567718506,24.78000000000003,25.564178902762308,11.067047555106058,1.9532056535993303,0.005917127739117234,0.0031725949578813584,9.732922554016113,235.51052856445312,1343,219.3171219946131
2021-09-05,2021,248,0,0.7253366708755493,0.1844366490840912,27.690000000000055,24.808596365792425,14.20497610909598,2.6819959368024553,0.014713938842938035,0.00328863030009785,7.561522960662842,227.87850952148438,577,230.8679276123039
2021-09-08,2021,251,0,0.6791136860847473,0.12265800684690475,28.760000000000048,27.57857448032928,11.110317121233265,1.889341081891741,0.003578003059551804,0.001469213419490245,16.178199768066406,153.2229766845703,685,100
2021-09-08,2021,251,0,0.6882327198982239,0.14194905757904053,30.58000000000004,24.895619419642856,11.17446071079803,1.7319771902901786,0.01426529468171367,0.004294220262103465,2.9828665256500244,219.04547119140625,950,210.95023109728987
2021-09-05,2021,248,0,0.6484974026679993,0.15174603462219238,24.670000000000016,26.641800362723245,13.202894374302502,1.7657252720424108,0.01285191954247722,0.003839719944529918,15.90230941772461,132.986572265625,424,50.99019513592785
2021-09-05,2021,248,0,0.7646669149398804,0.17822663486003876,28.310000000000002,26.677379499162953,13.410418265206488,1.8137425013950892,0.009848411689922898,0.004710663013987926,6.870542526245117,266.1483154296875,583,98.99494936611666
2021-09-05,2021,248,0,0.6562368273735046,0.1510949730873108,28.620000000000005,27.150966535295765,13.505101231166293,1.9350171770368303,0.00934879065625438,0.00279291337066212,3.7573556900024414,170.39141845703125,375,50.99019513592785
2021-09-08,2021,251,0,0.7343084812164307,0.25183120369911194,25.450000000000045,25.771486990792425,14.408552333286877,2.207582746233259,0.012849654565975754,0.004646945648723033,1.1189919710159302,34.0286865234375,791,70.71067811865476
2021-09-05,2021,248,0,0.40824225544929504,-0.029155412688851357,28.29000000000002,26.372053309849377,11.565249197823675,1.8716190883091517,0.006086613546536057,0.003908652716212657,2.8492560386657715,192.64215087890625,818,80
2021-09-03,2021,246,0,0.8247554302215576,0.3371986746788025,28.670000000000016,26.929701014927502,14.161723981584828,2.102325439453125,0.01254407645337352,0.004635263138347057,13.124451637268066,131.26719665527344,411,114.0175425099138
2021-09-05,2021,248,0,0.8026394844055176,0.2732676863670349,27.760000000000048,25.643485369001155,13.441886247907405,1.8989148821149553,0.01137205542199382,0.0060385948949388535,28.462984085083008,166.0377655029297,848,136.01470508735443
2021-09-08,2021,251,0,0.7742233276367188,0.2248803824186325,29.52000000000004,25.482104056222113,14.007826014927502,2.240478515625,0.00864262462727794,0.0037079042726091416,19.569154739379883,71.4116439819336,195,80.62257748298549
2021-09-08,2021,251,0,0.6438112258911133,0.06450696289539337,27.07000000000005,25.31947806222098,14.781017194475453,2.541081019810268,0.013749967824146836,0.0038545465999177964,7.111144542694092,315.5339660644531,444,44.721359549995796
2021-09-03,2021,246,0,0.6334967017173767,0.10754945874214172,27.630000000000052,26.922771344866078,13.3699672154018,1.868192400251116,0.010953705321476548,0.003239516072802928,4.349974155426025,196.73736572265625,388,10
2021-09-02,2021,245,0,0.8314447402954102,0.35003915429115295,27.83000000000004,26.362126377650668,14.070110212053578,1.995455060686384,0.01209730983845958,0.0053725874953798325,15.433638572692871,123.85072326660156,247,44.721359549995796
2021-09-05,2021,248,0,0.6460956931114197,0.1203589215874672,30.390000000000043,25.560229056222113,14.86735578264512,2.2896728515625,0.01217232228390941,0.004200611167483714,10.824158668518066,346.8180847167969,161,90.55385138137417
2021-09-05,2021,248,0,0.8371831774711609,0.31845080852508545,26.870000000000005,27.30121765136721,14.008466884068127,1.8754795619419642,0.010434802185223191,0.003542650394969371,2.675532341003418,110.26756286621094,415,60.82762530298219
2021-09-12,2021,255,0,0.8384454846382141,0.3718113303184509,27.130000000000052,26.871013532366078,13.420877075195335,1.9725450788225447,0.011731069098637192,0.0035444385343126328,24.512765884399414,12.513204574584961,435,341.32096331752024
2021-09-06,2021,249,0,0.7528957724571228,0.22679287195205688,25.250000000000057,25.979555838448675,12.570557076590433,1.8614850725446428,0.009900461445973008,0.00610368316703358,6.789320468902588,47.16796875,770,86.02325267042627
2021-09-08,2021,251,0,0.7651090621948242,0.288593590259552,24.890000000000043,26.589166259765648,13.82356741768973,1.9109257289341517,0.01152440489403972,0.00560304885440388,10.115180969238281,356.4880676269531,494,164.92422502470643
2021-09-08,2021,251,0,0.8018540143966675,0.29959017038345337,27.33000000000004,26.187873186383968,13.57437395368305,2.441929408482143,0.013205643306896775,0.004435200148158458,3.3028411865234375,190.95782470703125,582,53.85164807134504
2021-09-06,2021,249,0,0.7960164546966553,0.3388174772262573,27.33000000000004,24.808596365792425,14.20497610909598,2.6819959368024553,0.014713938842938035,0.00328863030009785,7.965140342712402,69.69129943847656,305,70.71067811865476
2021-09-05,2021,248,0,0.640331506729126,0.07500458508729935,28.410000000000025,27.150966535295765,13.505101231166293,1.9350171770368303,0.00934879065625438,0.00279291337066212,9.31067943572998,60.416786193847656,383,110
2021-09-09,2021,252,0,0.6956264972686768,0.18061988055706024,29.370000000000005,25.017558942522328,15.090386962890648,2.5143912179129466,0.01167645634286174,0.0024984813266328842,5.961808204650879,211.50921630859375,122,22.360679774997898
2021-09-08,2021,251,0,0.8051237463951111,0.24459540843963623,28.970000000000027,25.584427315848245,10.484759085518988,1.6913648332868303,0.014147754322216599,0.006514046245150951,16.57610321044922,97.81407928466797,714,60.82762530298219
2021-09-08,2021,251,0,0.8468410968780518,0.3250211179256439,27.890000000000043,25.8477504185268,13.35752912248887,2.5566929408482144,0.014218311320469468,0.0045306122832826645,19.184968948364258,77.91520690917969,491,143.17821063276352
2021-09-05,2021,248,0,0.6064738035202026,0.030861875042319298,31.750000000000057,27.12786690848219,11.520070103236606,1.998720441545759,0.004061128507778733,0.001923847847514537,8.256686210632324,77.1084213256836,704,36.05551275463989
2021-09-05,2021,248,0,0.8064516186714172,0.2616473436355591,21.650000000000034,25.093852887834828,11.243630981445335,2.01373291015625,0.007837678800747483,0.0046855545573762925,22.66792869567871,69.58415222167969,1221,241.66091947189145
2021-09-05,2021,248,0,0.791832685470581,0.2888510525226593,29.690000000000055,27.280877685546898,14.30602634974889,1.9321245465959822,0.011512707482502549,0.004229117088847545,11.793074607849121,94.44679260253906,127,31.622776601683796
2021-09-08,2021,251,0,0.8031044602394104,0.2585071623325348,27.210000000000036,26.89117257254469,12.793799700055843,1.7553274972098214,0.008201833378002732,0.0029763913684419663,12.828168869018555,324.83758544921875,503,72.80109889280519
2021-09-08,2021,251,0,0.43548890948295593,-0.055806051939725876,32.25000000000006,28.245287649972113,11.754604230608265,2.082146780831473,0.003195594559834092,0.001492116504245189,4.390827655792236,58.19363784790039,658,30
2021-09-05,2021,248,0,0.772278368473053,0.2750428318977356,29.430000000000007,25.017558942522328,15.090386962890648,2.5143912179129466,0.01167645634286174,0.0024984813266328842,3.8854386806488037,53.42613983154297,138,108.16653826391969
2021-09-08,2021,251,0,0.6916331648826599,0.08835234493017197,32.01000000000005,25.13294372558596,12.558855765206488,1.9025421142578125,0.010662268410847275,0.006858322673373607,10.334001541137695,212.5020294189453,713,190
2021-09-08,2021,251,0,0.5665473341941833,0.0786338746547699,29.430000000000007,25.937674822126155,11.79568743024555,1.8893955775669642,0.0080396342384077,0.005583587937884715,7.031581878662109,169.8355712890625,1111,156.5247584249853
2021-09-01,2021,244,0,0.5710700750350952,0.050839342176914215,26.620000000000005,26.589166259765648,13.82356741768973,1.9109257289341517,0.01152440489403972,0.00560304885440388,5.948143005371094,302.9421081542969,324,10
2021-09-05,2021,248,0,0.7860794067382812,0.26800671219825745,29.610000000000014,25.72285940987723,12.238883318219905,1.9641636439732142,0.009609456669018357,0.0068145430617860825,23.58448028564453,86.81158447265625,693,133.41664064126334
2021-09-02,2021,245,0,0.6775574088096619,0.11729129403829575,28.83000000000004,27.077127075195335,12.721464320591565,1.6489977155412947,0.015249426971600144,0.005089018397860912,11.48765754699707,256.1748352050781,689,200.24984394500788
2021-09-08,2021,251,0,0.6647549271583557,0.14459773898124695,29.79000000000002,26.387087576729925,12.052246529715433,1.7328665597098214,0.00900508047215709,0.0028820074134401352,7.23056697845459,251.3987579345703,718,10
2021-09-05,2021,248,0,0.6934198141098022,0.18114137649536133,27.810000000000002,25.979555838448675,12.570557076590433,1.8614850725446428,0.009900461445973008,0.00610368316703358,4.5663652420043945,335.7937316894531,615,31.622776601683796
2021-09-06,2021,249,0,0.6913028955459595,0.09544530510902405,30.79000000000002,25.482104056222113,14.007826014927502,2.240478515625,0.00864262462727794,0.0037079042726091416,28.648942947387695,152.73617553710938,639,294.10882339705483
2021-09-05,2021,248,0,0.8063461780548096,0.28649187088012695,26.27000000000004,24.907464599609398,8.807866123744418,1.7508414132254464,0.015559877763912766,0.008484858923488048,7.259934902191162,50.553951263427734,1025,241.86773244895647
2021-09-06,2021,249,0,0.6780303120613098,0.14915694296360016,27.060000000000002,25.18658272879469,7.94257507324221,1.7384796142578125,0.009606431733296006,0.004456106477313426,11.009892463684082,176.78485107421875,1356,130.384048104053
2021-09-08,2021,251,0,0.33822983503341675,-0.2302311509847641,33.370000000000005,28.33330906459264,11.077297101702015,2.293064662388393,0.002720798860714524,0.0011623091035417588,4.458644866943359,146.14015197753906,395,98.48857801796103
2021-09-05,2021,248,0,0.6744492053985596,0.11471103131771088,24.24000000000001,26.677379499162953,13.410418265206488,1.8137425013950892,0.009848411689922898,0.004710663013987926,13.695691108703613,15.5950288772583,791,92.19544457292886
2021-09-06,2021,249,0,0.5799203515052795,-0.03218872472643852,31.590000000000032,26.246617344447543,10.207195172991078,1.7659868512834822,0.008677076111958115,0.0035784131818346054,19.788818359375,88.71099853515625,887,188.67962264113206
2021-09-08,2021,251,0,0.7929581999778748,0.2720125913619995,29.610000000000014,25.977092633928578,12.314837210518988,1.7098039899553572,0.012167091976330369,0.0036190188460878403,15.994807243347168,188.7830047607422,839,76.15773105863909
2021-09-08,2021,251,0,0.6004493832588196,0.06303725391626358,30.310000000000002,25.977092633928578,12.314837210518988,1.7098039899553572,0.012167091976330369,0.0036190188460878403,12.795392036437988,240.07003784179688,721,90.55385138137417
2021-09-05,2021,248,0,0.7219456434249878,0.15519925951957703,25.710000000000036,25.55735822405137,12.910620989118343,1.9032527378627233,0.011145870696232407,0.006435770445399669,21.50344467163086,350.4383239746094,1092,331.36083051561786
2021-09-05,2021,248,0,0.7671303749084473,0.24236851930618286,27.180000000000007,26.677379499162953,13.410418265206488,1.8137425013950892,0.009848411689922898,0.004710663013987926,5.685491561889648,167.31260681152344,424,64.03124237432849
2021-09-05,2021,248,0,0.6302257776260376,0.16585150361061096,26.620000000000005,25.093852887834828,11.243630981445335,2.01373291015625,0.007837678800747483,0.0046855545573762925,4.146378040313721,153.2763214111328,998,10
2021-09-08,2021,251,0,0.5947666168212891,0.03345554694533348,30.410000000000025,27.980081176757835,10.477814156668558,2.125941685267857,0.0030021327840543677,0.0012180096440843613,8.294157981872559,131.77862548828125,811,58.309518948453004
2021-09-08,2021,251,0,0.8317307829856873,0.3245033025741577,23.730000000000018,25.31947806222098,14.781017194475453,2.541081019810268,0.013749967824146836,0.0038545465999177964,12.93386173248291,267.9802551269531,197,86.02325267042627
2021-09-05,2021,248,0,0.6636213064193726,0.07009607553482056,30.27000000000004,25.564178902762308,11.067047555106058,1.9532056535993303,0.005917127739117234,0.0031725949578813584,2.975280284881592,141.13531494140625,753,150.33296378372907
2021-09-05,2021,248,0,0.6712604761123657,0.1538461595773697,27.750000000000057,27.57857448032928,11.110317121233265,1.889341081891741,0.003578003059551804,0.001469213419490245,11.745100021362305,236.97439575195312,1053,221.35943621178654
2021-09-05,2021,248,0,0.8357003331184387,0.3383581042289734,25.29000000000002,26.589166259765648,13.82356741768973,1.9109257289341517,0.01152440489403972,0.00560304885440388,13.036478996276855,19.29380989074707,387,241.66091947189145
2021-09-08,2021,251,0,0.5664096474647522,0.030637569725513458,28.370000000000005,24.84938746861053,11.021271187918558,2.201934814453125,0.007677580724880784,0.003980655127101329,15.406731605529785,151.7796630859375,1016,200.9975124224178
2021-09-05,2021,248,0,0.5862019062042236,0.027829328551888466,30.310000000000002,25.278004673549106,11.990008108956488,2.1047167096819197,0.009420986782238572,0.005929458790355113,3.0462043285369873,204.13815307617188,895,53.85164807134504
2021-09-03,2021,246,0,0.6112469434738159,0.124864861369133,27.870000000000005,26.48948713030137,11.285758318219905,1.772432599748884,0.007270346890614121,0.0026230848365358383,4.177894592285156,296.3089904785156,864,80.62257748298549
2021-09-05,2021,248,0,0.6248360276222229,0.09238053113222122,27.28000000000003,27.206532505580356,13.807316807338168,1.8144378662109375,0.012802239071056931,0.0038256681495241196,3.8994102478027344,53.57877731323242,432,92.19544457292886
2021-09-08,2021,251,0,0.4614256024360657,-0.055842798203229904,29.80000000000001,26.061388724190863,11.352286638532405,2.099367414202009,0.0058478224384046484,0.002857882433467296,4.646770477294922,306.68988037109375,946,94.33981132056603
2021-09-06,2021,249,0,0.5831286311149597,0.023417063057422638,25.890000000000043,25.979555838448675,12.570557076590433,1.8614850725446428,0.009900461445973008,0.00610368316703358,1.1182245016098022,213.9703826904297,840,80.62257748298549
2021-09-06,2021,249,0,0.770104169845581,0.25310206413269043,27.77000000000004,25.06880667550223,13.663786097935315,2.5728934151785716,0.015471588383839219,0.003641847425036815,7.033116340637207,169.76539611816406,562,107.70329614269008
2021-09-08,2021,251,0,0.5568224191665649,0.050042249262332916,28.02000000000004,26.329579380580356,12.906182861328148,1.691957746233259,0.014584477554485886,0.004377264433436778,5.239038944244385,166.16175842285156,572,31.622776601683796
2021-09-08,2021,251,0,0.7136827111244202,0.12598258256912231,30.07000000000005,26.476249040876155,9.936229596819203,1.72235107421875,0.009384493838474839,0.004501048379474071,11.520692825317383,126.55823516845703,666,82.46211251235322
2021-09-08,2021,251,0,0.3972911834716797,-0.15228013694286346,29.620000000000005,24.68337184361053,11.466814749581488,2.3309456961495534,0.009232233773396104,0.005075696759753612,13.223124504089355,177.35121154785156,1007,180.27756377319946
2021-09-05,2021,248,0,0.5593603849411011,-0.033391259610652924,28.970000000000027,25.584427315848245,10.484759085518988,1.6913648332868303,0.014147754322216599,0.006514046245150951,7.816042423248291,107.1467514038086,1062,170
2021-09-05,2021,248,0,0.6367407441139221,0.18280337750911713,28.350000000000023,27.693754359654065,11.703509085518988,1.8942173549107142,0.003624792705700486,0.0017108506494096787,1.8686801195144653,318.0937194824219,423,10
2021-09-06,2021,249,0,0.6765937805175781,0.25807708501815796,30.010000000000048,28.41451198032928,11.171829659598245,2.1114327566964284,0.0030184644567228247,0.0013241953187517197,10.711265563964844,31.15274429321289,483,82.46211251235322
2021-09-08,2021,251,0,0.6473849415779114,0.14556269347667694,27.150000000000034,24.549271065848245,9.816583251953148,1.6904340471540178,0.013097967516110032,0.0049146301084093125,11.795231819152832,231.6729278564453,1108,70
2021-09-01,2021,244,0,0.8648161888122559,0.44072338938713074,27.83000000000004,26.589166259765648,13.82356741768973,1.9109257289341517,0.01152440489403972,0.00560304885440388,8.493337631225586,167.31973266601562,276,85.44003745317531
2021-09-08,2021,251,0,0.6134454011917114,0.08460194617509842,31.010000000000048,25.13294372558596,12.558855765206488,1.9025421142578125,0.010662268410847275,0.006858322673373607,9.646463394165039,180,1075,300.66592756745814
2021-09-08,2021,251,0,0.756517767906189,0.25153061747550964,26.360000000000014,25.507935006277933,13.504224940708752,2.355187552315848,0.014534737478420823,0.004311207585864452,13.015647888183594,288.3688659667969,848,111.80339887498948
2021-09-01,2021,244,0,0.4347522556781769,0.014719847589731216,29.710000000000036,28.618506731305843,9.74525931222098,2.3295200892857144,0.0025209295856214453,0.0008820778661302597,6.28587532043457,17.208520889282227,860,20
2021-09-05,2021,248,0,0.8781051635742188,0.34978950023651123,28.850000000000023,25.0347621372768,11.011017281668558,1.7387041364397322,0.017105232487843125,0.006462354116969493,6.950111389160156,354.8477783203125,759,80
2021-09-08,2021,251,0,0.6489105224609375,0.13473129272460938,29.870000000000005,27.729285539899593,10.00111868722098,2.0916224888392856,0.003194715391323655,0.0010899490647844345,28.590959548950195,5.729509353637695,640,147.648230602334
2021-09-08,2021,251,0,0.8748095035552979,0.34693610668182373,26.720000000000027,26.922771344866078,13.3699672154018,1.868192400251116,0.010953705321476548,0.003239516072802928,2.317462682723999,0,680,100.4987562112089
2021-09-09,2021,252,0,0.5570071339607239,0.08276533335447311,31.960000000000036,27.269701712472113,10.410472760881703,1.8900386265345983,0.0037674266206479956,0.001342955880694774,4.791051387786865,195.05348205566406,816,31.622776601683796
2021-09-05,2021,248,0,0.6941109299659729,0.14049269258975983,27.99000000000001,25.0347621372768,11.011017281668558,1.7387041364397322,0.017105232487843125,0.006462354116969493,20.36326789855957,321.7240905761719,921,92.19544457292886
2021-09-08,2021,251,0,0.6469652652740479,0.1418330818414688,27.03000000000003,26.805265590122815,12.517044503348245,1.6220485142299108,0.012538548122570603,0.0026186889939836533,23.375703811645508,74.80178833007812,716,150
2021-09-08,2021,251,0,0.4217917025089264,-0.07732095569372177,31.08000000000004,26.463102504185315,7.577977207728793,1.894101824079241,0.004310305725262253,0.00093800192409077,3.3497955799102783,146.0672149658203,964,131.52946437965906
2021-09-01,2021,244,0,0.5625297427177429,0.06194741278886795,26.29000000000002,26.414261300223245,10.865383039202015,1.7375880650111608,0.01530037404172191,0.00832240646415272,11.644049644470215,295.5975341796875,919,22.360679774997898
2021-09-05,2021,248,0,0.7207438945770264,0.18572555482387543,27.53000000000003,24.32109113420762,14.477698625837093,3.033721923828125,0.0153323668348051,0.0024984664254716904,7.413564682006836,143.96463012695312,284,20
2021-09-05,2021,248,0,0.4978727698326111,-0.009962753392755985,27.55000000000001,24.061547851562523,9.59493190220428,1.692659650530134,0.012268360267803757,0.003835592322879222,38.381813049316406,258.2072448730469,1289,746.7261881037789
2021-09-05,2021,248,0,0.8061373233795166,0.3281012773513794,26.500000000000057,25.71089869907928,14.179426356724377,2.0072784423828125,0.011724140058682053,0.005287695580058482,14.058405876159668,339.6111145019531,341,92.19544457292886
2021-09-08,2021,251,0,0.4608512222766876,-0.12738700211048126,28.480000000000018,27.12786690848219,11.520070103236606,1.998720441545759,0.004061128507778733,0.001923847847514537,14.663161277770996,123.83445739746094,784,277.308492477241
2021-09-02,2021,245,0,0.6525865197181702,0.16841547191143036,30.05000000000001,27.103173828125023,8.948249162946468,1.9069366455078125,0.00413636447064647,0.0010779536300233872,2.8491978645324707,12.636919021606445,996,36.05551275463989
2021-09-08,2021,251,0,0.5267025232315063,0.10455231368541718,32.25000000000006,27.213259451729925,12.520623779296898,1.6944492885044642,0.016144703637287705,0.006698463016086009,3.4763383865356445,21.147031784057617,298,10
2021-09-08,2021,251,0,0.7126079797744751,0.2364087700843811,27.470000000000027,27.077127075195335,12.721464320591565,1.6489977155412947,0.015249426971600144,0.005089018397860912,16.51702117919922,273.1293029785156,422,40
2021-09-05,2021,248,0,0.854827344417572,0.3739035129547119,24.310000000000002,25.31947806222098,14.781017194475453,2.541081019810268,0.013749967824146836,0.0038545465999177964,14.700166702270508,271.7679443359375,440,120.41594578792296
2021-09-08,2021,251,0,0.460899293422699,-0.007574241142719984,29.110000000000014,26.061388724190863,11.352286638532405,2.099367414202009,0.0058478224384046484,0.002857882433467296,4.56239652633667,155.90530395507812,1049,269.2582403567252
2021-09-08,2021,251,0,0.7442006468772888,0.2013888955116272,29.730000000000018,25.278004673549106,11.990008108956488,2.1047167096819197,0.009420986782238572,0.005929458790355113,3.4005801677703857,227.07334899902344,835,133.41664064126334
2021-09-06,2021,249,0,0.6490259766578674,0.07839269936084747,26.100000000000023,25.72285940987723,12.238883318219905,1.9641636439732142,0.009609456669018357,0.0068145430617860825,4.2124738693237305,188.5015869140625,970,158.11388300841895
2021-09-08,2021,251,0,0.8538837432861328,0.3121876120567322,25.350000000000023,25.093852887834828,11.243630981445335,2.01373291015625,0.007837678800747483,0.0046855545573762925,23.42774200439453,101.85698699951172,1057,145.60219778561037
2021-09-08,2021,251,0,0.5302366614341736,0.06437040865421295,29.230000000000018,26.805265590122815,12.517044503348245,1.6220485142299108,0.012538548122570603,0.0026186889939836533,27.288436889648438,133.65646362304688,496,10
2021-09-05,2021,248,0,0.7890451550483704,0.2066899687051773,23.610000000000014,25.979555838448675,12.570557076590433,1.8614850725446428,0.009900461445973008,0.00610368316703358,5.2376627922058105,166.2233428955078,787,162.78820596099706
2021-09-06,2021,249,0,0.6550996899604797,0.10176309943199158,28.53000000000003,25.72285940987723,12.238883318219905,1.9641636439732142,0.009609456669018357,0.0068145430617860825,21.466442108154297,303.76153564453125,767,160.31219541881399
2021-09-06,2021,249,0,0.5354931950569153,0.04188122600317001,28.53000000000003,25.560229056222113,14.86735578264512,2.2896728515625,0.01217232228390941,0.004200611167483714,4.466405391693115,258.0394287109375,195,14.142135623730951
2021-09-05,2021,248,0,0.3923119008541107,-0.1496962010860443,30.230000000000018,26.835676356724377,11.926243809291293,1.72723388671875,0.019422944198772996,0.010272089295916942,7.2343034744262695,288.5911865234375,891,90.55385138137417
2021-09-06,2021,249,0,0.5794087052345276,0.10286315530538559,27.32000000000005,25.410756138392856,14.20308619907928,2.5995635986328125,0.0066085118161893774,0.001477140837245372,12.552879333496094,77.40241241455078,403,42.426406871192846
2021-09-08,2021,251,0,0.465819388628006,-0.09142062813043594,31.54000000000002,26.463102504185315,7.577977207728793,1.894101824079241,0.004310305725262253,0.00093800192409077,9.516778945922852,195.0706787109375,1012,31.622776601683796
2021-09-08,2021,251,0,0.843221127986908,0.32464468479156494,26.950000000000045,27.150966535295765,13.505101231166293,1.9350171770368303,0.00934879065625438,0.00279291337066212,6.278027057647705,116.19535064697266,513,170
2021-09-12,2021,255,0,0.836776852607727,0.33977454900741577,29.170000000000016,26.467078508649593,14.183953857421898,2.1291067940848216,0.01285250068776378,0.00478166704707661,7.859989166259766,151.57644653320312,471,31.622776601683796
2021-09-05,2021,248,0,0.8282740712165833,0.30441832542419434,27.690000000000055,26.641800362723245,13.202894374302502,1.7657252720424108,0.01285191954247722,0.003839719944529918,12.210733413696289,339.2353210449219,561,50
2021-09-08,2021,251,0,0.6323575377464294,0.11337365955114365,28.950000000000045,27.308193097795765,13.522869001116078,1.836301531110491,0.008641328226254075,0.002608660512500194,8.542945861816406,60.992088317871094,335,50.99019513592785
2021-09-05,2021,248,0,0.6600600481033325,0.14870794117450714,32.23000000000002,27.62660696847098,9.5279261997768,2.044590541294643,0.0033678966867185522,0.0009498632484010727,23.935710906982422,201.57388305664062,605,111.80339887498948
2021-09-05,2021,248,0,0.598546028137207,0.0714615061879158,27.400000000000034,26.48948713030137,11.285758318219905,1.772432599748884,0.007270346890614121,0.0026230848365358383,11.83383846282959,290.3444519042969,781,111.80339887498948
2021-09-05,2021,248,0,0.5554563999176025,0.08469206094741821,30.000000000000057,25.837014770507835,14.173619297572543,2.481689453125,0.0066132950889326025,0.0017712450557283432,7.930281162261963,188.97134399414062,99,31.622776601683796
2021-09-08,2021,251,0,0.4603658616542816,0.010442566126585007,27.410000000000025,25.752042933872815,10.33888724190848,1.770296369280134,0.0076697725164152075,0.0025808400445512802,23.646753311157227,94.24032592773438,1449,449.4441010848846
2021-09-06,2021,249,0,0.6067627668380737,-0.01493757776916027,23.55000000000001,25.278004673549106,11.990008108956488,2.1047167096819197,0.009420986782238572,0.005929458790355113,8.543834686279297,149.542724609375,831,262.48809496813374
2021-09-05,2021,248,0,0.4014994502067566,0.010486411862075329,28.560000000000002,27.150966535295765,13.505101231166293,1.9350171770368303,0.00934879065625438,0.00279291337066212,1.8730766773223877,137.9439697265625,387,10
2021-09-05,2021,248,0,0.80569988489151,0.3725554049015045,29.53000000000003,25.303702654157405,13.02544773646764,2.055690220424107,0.010371308337376206,0.005908314042621043,2.8523261547088623,299.16668701171875,517,165.52945357246847
2021-09-05,2021,248,0,0.7204949259757996,0.18429237604141235,28.130000000000052,25.0347621372768,11.011017281668558,1.7387041364397322,0.017105232487843125,0.006462354116969493,17.819101333618164,72.41213989257812,1298,150
2021-09-05,2021,248,0,0.757888674736023,0.22581768035888672,25.940000000000055,24.808596365792425,14.20497610909598,2.6819959368024553,0.014713938842938035,0.00328863030009785,3.117784023284912,306.468505859375,293,20
2021-09-06,2021,249,0,0.4211694300174713,-0.01757727563381195,32.32000000000005,28.33330906459264,11.077297101702015,2.293064662388393,0.002720798860714524,0.0011623091035417588,2.850043535232544,240.8076629638672,392,20
2021-09-08,2021,251,0,0.8260869383811951,0.3182121515274048,29.600000000000023,25.356866455078148,14.02476545061387,2.372379847935268,0.013784806739018052,0.00405215089850941,11.032258987426758,237.3374481201172,628,102.95630140987001
2021-09-05,2021,248,0,0.6372520327568054,0.10734609514474869,28.32000000000005,25.410756138392856,14.20308619907928,2.5995635986328125,0.0066085118161893774,0.001477140837245372,11.142745018005371,9.52208137512207,338,41.23105625617661
2021-09-03,2021,246,0,0.7507668137550354,0.2421007603406906,30.890000000000043,25.13294372558596,12.558855765206488,1.9025421142578125,0.010662268410847275,0.006858322673373607,7.979414939880371,301.31036376953125,956,147.648230602334
2021-09-05,2021,248,0,0.8153123259544373,0.2872224450111389,25.920000000000016,25.979555838448675,12.570557076590433,1.8614850725446428,0.009900461445973008,0.00610368316703358,12.939410209655762,274.04022216796875,721,53.85164807134504
2021-09-08,2021,251,0,0.7545350790023804,0.226260706782341,28.440000000000055,25.937674822126155,11.79568743024555,1.8893955775669642,0.0080396342384077,0.005583587937884715,4.395070552825928,58.22807312011719,905,152.64337522473747
2021-09-08,2021,251,0,0.37164390087127686,-0.11870478093624115,28.010000000000048,27.077127075195335,12.721464320591565,1.6489977155412947,0.015249426971600144,0.005089018397860912,10.107651710510254,79.53617095947266,615,110
2021-09-08,2021,251,0,0.7169456481933594,0.21327632665634155,26.260000000000048,25.507935006277933,13.504224940708752,2.355187552315848,0.014534737478420823,0.004311207585864452,8.425590515136719,338.26824951171875,844,156.20499351813308
2021-09-08,2021,251,0,0.7871612906455994,0.2606770992279053,28.630000000000052,26.45063171386721,13.33051452636721,2.0557120186941966,0.011158536683247178,0.003677446299128917,1.8743499517440796,42.09919357299805,408,80
2021-09-05,2021,248,0,0.657535970211029,0.16241224110126495,26.190000000000055,27.30121765136721,14.008466884068127,1.8754795619419642,0.010434802185223191,0.003542650394969371,15.942113876342773,286.4600830078125,375,50
2021-09-08,2021,251,0,0.4788828194141388,-0.0061188810504972935,26.670000000000016,24.99925275530137,10.579311261858265,1.6938999720982142,0.01127709032170543,0.0036260372930101425,14.973287582397461,147.92677307128906,1219,272.02941017470886
2021-09-05,2021,248,0,0.5650251507759094,-0.0065767643973231316,33.450000000000045,25.089355904715433,12.915407889229925,1.8847525460379464,0.010765637766048997,0.006418753319316295,12.342137336730957,182.85128784179688,949,367.1511950137164
2021-09-05,2021,248,0,0.5662073493003845,0.11700055003166199,30.120000000000005,27.152001953125023,9.95166931152346,1.9194902692522322,0.003960262547657578,0.0012165940337709458,34.528831481933594,44.143035888671875,744,70
2021-09-05,2021,248,0,0.6314940452575684,0.05560578778386116,33.77000000000004,25.405374145507835,13.291016060965433,2.078639439174107,0.009394209395573228,0.0048268920712999375,29.087236404418945,120.6126480102539,564,431.740662898458
2021-09-09,2021,252,0,0.8610129356384277,0.3277379870414734,26.79000000000002,27.701470947265648,14.009369332449808,1.5834132603236608,0.014432038675472825,0.004186335855060008,10.125572204589844,259.5552978515625,529,186.81541692269406
2021-09-09,2021,252,0,0.5844713449478149,0.07379473745822906,28.53000000000003,26.897803606305843,13.115786307198675,1.775057111467634,0.00841800452344188,0.0035972631507448227,5.710171699523926,119.05632781982422,485,36.05551275463989
2021-09-08,2021,251,0,0.5071646571159363,0.0006832935032434762,30.390000000000043,28.46617170061387,9.096715000697543,2.2992466517857144,0.002520750771687119,0.0008493549161485703,4.162352085113525,243.5847930908203,665,41.23105625617661
2021-09-03,2021,246,0,0.6455492973327637,0.10046478360891342,27.640000000000043,26.89117257254469,12.793799700055843,1.7553274972098214,0.008201833378002732,0.0029763913684419663,6.259732246398926,63.721580505371094,515,89.44271909999159
2021-09-05,2021,248,0,0.5994105935096741,0.15664887428283691,28.920000000000016,27.57857448032928,11.110317121233265,1.889341081891741,0.003578003059551804,0.001469213419490245,17.876195907592773,250.95974731445312,757,220.2271554554524
2021-09-05,2021,248,0,0.8354734182357788,0.30772748589515686,28.54000000000002,26.329579380580356,12.906182861328148,1.691957746233259,0.014584477554485886,0.004377264433436778,20.451932907104492,335.7204284667969,777,50.99019513592785
2021-09-05,2021,248,0,0.6400972604751587,0.13049209117889404,30.350000000000023,25.643485369001155,13.441886247907405,1.8989148821149553,0.01137205542199382,0.0060385948949388535,16.08968734741211,294.8922424316406,996,107.70329614269008
2021-09-08,2021,251,0,0.6782247424125671,0.18643030524253845,25.33000000000004,27.206532505580356,13.807316807338168,1.8144378662109375,0.012802239071056931,0.0038256681495241196,14.519704818725586,122.09269714355469,418,58.309518948453004
2021-09-06,2021,249,0,0.7884641885757446,0.22672557830810547,25.840000000000032,25.979555838448675,12.570557076590433,1.8614850725446428,0.009900461445973008,0.00610368316703358,9.693503379821777,341.3824462890625,803,107.70329614269008
2021-09-05,2021,248,0,0.5192463994026184,0.00042771134758368134,27.700000000000045,26.414261300223245,10.865383039202015,1.7375880650111608,0.01530037404172191,0.00832240646415272,9.58243465423584,256.13018798828125,1139,158.11388300841895
2021-09-08,2021,251,0,0.8420605063438416,0.34539565443992615,26.28000000000003,25.771486990792425,14.408552333286877,2.207582746233259,0.012849654565975754,0.004646945648723033,7.962644100189209,110.3154296875,767,31.622776601683796
2021-09-02,2021,245,0,0.3488121032714844,-0.08153702318668365,32.47000000000003,25.515368216378363,13.047435651506703,2.312476021902902,0.008890535246059983,0.004247579627566722,22.771799087524414,64.90089416503906,894,567.2741841473133
2021-09-05,2021,248,0,0.5381630063056946,0.021730046719312668,31.57000000000005,25.089355904715433,12.915407889229925,1.8847525460379464,0.010765637766048997,0.006418753319316295,7.930817604064941,188.99618530273438,1060,120.83045973594572
2021-09-12,2021,255,0,0.6353087425231934,0.07403375208377838,30.720000000000027,25.405374145507835,13.291016060965433,2.078639439174107,0.009394209395573228,0.0048268920712999375,11.890741348266602,281.0809020996094,629,212.13203435596427
2021-09-05,2021,248,0,0.5762929916381836,0.08537460118532181,28.420000000000016,27.729285539899593,10.00111868722098,2.0916224888392856,0.003194715391323655,0.0010899490647844345,15.733124732971191,242.63235473632812,712,216.33307652783938
2021-09-08,2021,251,0,0.5350081920623779,0.040208492428064346,29.170000000000016,26.301006208147328,13.480944388253363,2.215576171875,0.012189592729733079,0.00412805741363087,1.3405340909957886,69.76461791992188,572,31.622776601683796
2021-09-01,2021,244,0,0.7242133021354675,0.21585902571678162,30.510000000000048,24.895619419642856,11.17446071079803,1.7319771902901786,0.01426529468171367,0.004294220262103465,2.865445613861084,299.0201416015625,928,192.35384061671343
2021-09-02,2021,245,0,0.5475504994392395,0.04396243393421173,28.860000000000014,26.89117257254469,12.793799700055843,1.7553274972098214,0.008201833378002732,0.0029763913684419663,1.5573949813842773,233.45933532714844,624,78.10249675906654
2021-09-06,2021,249,0,0.6568670272827148,0.07933081686496735,27.58000000000004,25.782743617466565,10.471695382254495,1.7166312081473214,0.019566189061329453,0.011019769959979442,4.669331073760986,172.29586791992188,707,286.0069929215018
2021-09-08,2021,251,0,0.6001148819923401,0.1425641030073166,28.83000000000004,26.670497785295765,11.624331229073675,1.7122432163783483,0.016542356024906724,0.007807839565806773,13.78526782989502,233.5727081298828,486,14.142135623730951
2021-09-08,2021,251,0,0.7097127437591553,0.19047121703624725,25.49000000000001,27.077127075195335,12.721464320591565,1.6489977155412947,0.015249426971600144,0.005089018397860912,27.76500129699707,123.60542297363281,652,245.15301344262525
2021-09-02,2021,245,0,0.4793459475040436,-0.14774417877197266,28.230000000000018,27.60442940848219,11.839765712193127,2.1521715436662947,0.004016678343937485,0.0017365551524690659,3.0453128814697266,335.8993835449219,841,111.80339887498948
2021-09-08,2021,251,0,0.7455881237983704,0.26912975311279297,27.05000000000001,26.78289620535719,12.996083286830356,1.767303466796875,0.009987230907604783,0.0029249078565172226,10.91342830657959,114.8206787109375,663,40
2021-09-05,2021,248,0,0.6258205771446228,0.1076388880610466,25.860000000000014,25.782743617466565,10.471695382254495,1.7166312081473214,0.019566189061329453,0.011019769959979442,29.765336990356445,233.52957153320312,549,352.2782990761707
2021-09-09,2021,252,0,0.8230149745941162,0.32836127281188965,26.410000000000025,24.66255667550223,14.03742370605471,2.846673148018973,0.01618034721486339,0.002916086369090465,11.549066543579102,53.54894256591797,444,40
2021-09-05,2021,248,0,0.5398263931274414,-0.0047763194888830185,26.910000000000025,27.269701712472113,10.410472760881703,1.8900386265345983,0.0037674266206479956,0.001342955880694774,8.87270736694336,33.94554138183594,930,200
2021-09-08,2021,251,0,0.7855026721954346,0.3406934142112732,25.760000000000048,27.284757777622815,14.410930524553578,1.9402095249720983,0.011878784309551804,0.0047257429891161,20.405519485473633,58.52158737182617,203,104.40306508910551
2021-09-08,2021,251,0,0.5007292032241821,-0.03094777651131153,29.340000000000032,27.287225341796898,12.206977190290218,1.8256051199776786,0.0055744308339811255,0.0021297222905687363,2.6323354244232178,208.32826232910156,648,63.24555320336759
2021-09-08,2021,251,0,0.7628791928291321,0.23559165000915527,28.690000000000055,27.077127075195335,12.721464320591565,1.6489977155412947,0.015249426971600144,0.005089018397860912,8.54613208770752,61.004112243652344,581,130.384048104053
2021-09-09,2021,252,0,0.6955017447471619,0.16198468208312988,26.690000000000055,24.32109113420762,14.477698625837093,3.033721923828125,0.0153323668348051,0.0024984664254716904,1.9375996589660645,256.15777587890625,347,36.05551275463989
2021-09-06,2021,249,0,0.731651782989502,0.24023586511611938,26.03000000000003,25.72285940987723,12.238883318219905,1.9641636439732142,0.009609456669018357,0.0068145430617860825,5.16994571685791,254.43270874023438,942,89.44271909999159
2021-09-02,2021,245,0,0.7644887566566467,0.2202327698469162,27.310000000000002,26.467078508649593,14.183953857421898,2.1291067940848216,0.01285250068776378,0.00478166704707661,12.124223709106445,37.70085525512695,820,58.309518948453004
2021-09-08,2021,251,0,0.6004478931427002,0.08801225572824478,28.170000000000016,26.494315447126155,12.518156215122815,1.7896619524274553,0.0082743275272108,0.004790339522891429,5.943807125091553,38.975467681884766,629,28.284271247461902
2021-09-08,2021,251,0,0.7072322964668274,0.12833371758460999,28.630000000000052,26.353912789481058,11.79943455287389,1.7177886962890625,0.01223088384740123,0.0027075893216661484,35.37405776977539,315.90673828125,975,608.3584469702053
2021-09-08,2021,251,0,0.753900408744812,0.24677111208438873,28.310000000000002,26.329579380580356,12.906182861328148,1.691957746233259,0.014584477554485886,0.004377264433436778,22.850780487060547,340.2437744140625,358,111.80339887498948
2021-09-05,2021,248,0,0.7762733697891235,0.2816741466522217,26.99000000000001,25.507935006277933,13.504224940708752,2.355187552315848,0.014534737478420823,0.004311207585864452,5.68601655960083,347.2889709472656,726,78.10249675906654
2021-09-05,2021,248,0,0.44732120633125305,-0.042393218725919724,33.950000000000045,27.12786690848219,11.520070103236606,1.998720441545759,0.004061128507778733,0.001923847847514537,2.6572701930999756,290.4132385253906,673,80.62257748298549
2021-09-08,2021,251,0,0.6146671175956726,0.11180085688829422,32.97000000000003,26.670497785295765,11.624331229073675,1.7122432163783483,0.016542356024906724,0.007807839565806773,2.8501338958740234,347.2792663574219,317,20
2021-09-03,2021,246,0,0.6539459228515625,0.13353672623634338,26.480000000000018,24.99925275530137,10.579311261858265,1.6938999720982142,0.01127709032170543,0.0036260372930101425,15.432563781738281,184.537841796875,826,342.0526275297414
2021-09-05,2021,248,0,0.5473365783691406,0.02387748286128044,29.170000000000016,25.560229056222113,14.86735578264512,2.2896728515625,0.01217232228390941,0.004200611167483714,21.386709213256836,293.1212463378906,632,82.46211251235322
2021-09-06,2021,249,0,0.69410240650177,0.18561439216136932,30.350000000000023,24.85760105678014,14.65721173967637,2.345613752092634,0.00964510024659404,0.0024715549283556015,3.3020567893981934,190.88714599609375,118,36.05551275463989
2021-09-08,2021,251,0,0.7283133864402771,0.19005079567432404,30.03000000000003,25.977092633928578,12.314837210518988,1.7098039899553572,0.012167091976330369,0.0036190188460878403,1.5257070064544678,204.2659149169922,940,50
2021-09-05,2021,248,0,0.8055943846702576,0.2975328862667084,27.420000000000016,25.093852887834828,11.243630981445335,2.01373291015625,0.007837678800747483,0.0046855545573762925,4.1472578048706055,153.25209045410156,868,84.85281374238569
2021-09-03,2021,246,0,0.7810494303703308,0.19634389877319336,28.82000000000005,27.51159275599889,14.054140799386175,1.6590837751116072,0.013737987290546982,0.004069182925753978,3.796098232269287,277.0066833496094,320,72.80109889280519
2021-09-05,2021,248,0,0.7080105543136597,0.15673799812793732,26.590000000000032,26.708585902622815,13.660025896344905,1.8717106410435267,0.010934289108440964,0.00546618168883839,4.588383674621582,107.61141967773438,356,139.2838827718412
2021-09-05,2021,248,0,0.7137190103530884,0.21433590352535248,30.450000000000045,25.268097359793558,14.30293971470428,2.1124158586774553,0.010158817778751938,0.004188571029239085,18.3952579498291,3.7565159797668457,496,117.04699910719626
2021-09-05,2021,248,0,0.8090407848358154,0.3249211311340332,28.210000000000036,25.0347621372768,11.011017281668558,1.7387041364397322,0.017105232487843125,0.006462354116969493,20.17011070251465,123.42534637451172,897,142.12670403551894
2021-09-08,2021,251,0,0.6112881898880005,0.07937946170568466,26.250000000000057,26.353912789481058,11.79943455287389,1.7177886962890625,0.01223088384740123,0.0027075893216661484,4.50977087020874,224.0830841064453,748,220.90722034374522
2021-09-08,2021,251,0,0.6293929815292358,0.0620083287358284,31.49000000000001,25.47289646693639,13.56524265834264,2.1454271589006697,0.008890550147221177,0.004151035004191783,12.140543937683105,245.55172729492188,711,390.5124837953327
2021-09-05,2021,248,0,0.6850408911705017,0.11129817366600037,27.49000000000001,24.549271065848245,9.816583251953148,1.6904340471540178,0.013097967516110032,0.0049146301084093125,7.858813285827637,184.53848266601562,1499,347.1310991541957
2021-09-09,2021,252,0,0.6634489893913269,0.1698751300573349,31.03000000000003,27.62660696847098,9.5279261997768,2.044590541294643,0.0033678966867185522,0.0009498632484010727,1.390963077545166,0,912,60
2021-09-05,2021,248,0,0.7222856879234314,0.16190476715564728,29.77000000000004,25.977092633928578,12.314837210518988,1.7098039899553572,0.012167091976330369,0.0036190188460878403,22.174358367919922,255.03878784179688,951,297.3213749463701
2021-09-05,2021,248,0,0.8413007855415344,0.3301906883716583,25.33000000000004,27.206532505580356,13.807316807338168,1.8144378662109375,0.012802239071056931,0.0038256681495241196,13.978759765625,12.72868824005127,407,50.99019513592785
2021-09-05,2021,248,0,0.6222031116485596,0.15160459280014038,26.310000000000002,25.752042933872815,10.33888724190848,1.770296369280134,0.0076697725164152075,0.0025808400445512802,18.709745407104492,204.74758911132812,1070,171.17242768623692
2021-09-06,2021,249,0,0.7352401614189148,0.18421655893325806,27.310000000000002,25.752042933872815,10.33888724190848,1.770296369280134,0.0076697725164152075,0.0025808400445512802,9.682605743408203,253.4634246826172,627,98.48857801796103
2021-09-08,2021,251,0,0.6708399057388306,0.14759375154972076,28.53000000000003,25.43828953334264,13.438882446289085,2.630885532924107,0.01619131446950206,0.0038800424867204697,6.093748092651367,247.72369384765625,952,374.8332962798263
2021-09-01,2021,244,0,0.7167103290557861,0.10206905752420425,28.480000000000018,27.12786690848219,11.520070103236606,1.998720441545759,0.004061128507778733,0.001923847847514537,9.263429641723633,340.5401306152344,674,224.7220505424423
2021-09-08,2021,251,0,0.4901960790157318,0.0618462935090065,33.210000000000036,28.46617170061387,9.096715000697543,2.2992466517857144,0.002520750771687119,0.0008493549161485703,20.086336135864258,43.078392028808594,710,180.27756377319946
2021-09-08,2021,251,0,0.717973530292511,0.21537616848945618,28.650000000000034,26.922771344866078,13.3699672154018,1.868192400251116,0.010953705321476548,0.003239516072802928,9.609137535095215,35.63663101196289,761,231.94827009486403
2021-09-05,2021,248,0,0.7076432108879089,0.14650505781173706,25.450000000000045,26.286111450195335,11.421984427315863,1.7505427769252233,0.012656237493679612,0.0038886553578905136,23.305400848388672,263.527099609375,1090,444.1846462902562
2021-09-08,2021,251,0,0.6483454704284668,0.16943757236003876,30.05000000000001,26.372053309849377,11.565249197823675,1.8716190883091517,0.006086613546536057,0.003908652716212657,8.049691200256348,346.6365661621094,692,128.06248474865697
2021-09-06,2021,249,0,0.8257507681846619,0.29080256819725037,25.370000000000005,27.693754359654065,11.703509085518988,1.8942173549107142,0.003624792705700486,0.0017108506494096787,3.1526670455932617,261.5499267578125,807,121.65525060596438
2021-09-08,2021,251,0,0.7001624703407288,0.08564984798431396,26.430000000000007,25.18658272879469,7.94257507324221,1.7384796142578125,0.009606431733296006,0.004456106477313426,21.69001579284668,138.84449768066406,1022,104.40306508910551
2021-09-08,2021,251,0,0.7213037014007568,0.1665697693824768,26.77000000000004,25.18658272879469,7.94257507324221,1.7384796142578125,0.009606431733296006,0.004456106477313426,22.826826095581055,207.8035888671875,1110,329.84845004941286
2021-09-01,2021,244,0,0.5637362599372864,-0.008965963497757912,32.43000000000001,28.245287649972113,11.754604230608265,2.082146780831473,0.003195594559834092,0.001492116504245189,3.6206984519958496,120.7734603881836,623,127.27922061357856
2021-09-06,2021,249,0,0.7486755847930908,0.1841801255941391,26.440000000000055,27.511084856305843,14.097514997209828,1.8229261125837053,0.009776513587162583,0.003410626106791881,7.051013469696045,218.2559814453125,411,108.16653826391969
2021-09-03,2021,246,0,0.3780807554721832,-0.2649973928928375,29.060000000000002,28.245287649972113,11.754604230608265,2.082146780831473,0.003195594559834092,0.001492116504245189,4.0846476554870605,217.49658203125,798,155.24174696260025
2021-09-05,2021,248,0,0.834720253944397,0.3274855315685272,27.55000000000001,25.210061645507835,13.503856549944203,1.9494236537388392,0.010630588542149155,0.00560990338855305,20.012399673461914,286.7919006347656,703,100
2021-09-05,2021,248,0,0.6256093978881836,0.11515414714813232,27.090000000000032,26.897803606305843,13.115786307198675,1.775057111467634,0.00841800452344188,0.0035972631507448227,2.2368786334991455,214.01910400390625,499,50
2021-09-08,2021,251,0,0.6305104494094849,0.16544117033481598,28.010000000000048,25.31947806222098,14.781017194475453,2.541081019810268,0.013749967824146836,0.0038545465999177964,22.56766700744629,273.3494567871094,688,121.65525060596438
2021-09-05,2021,248,0,0.6586685180664062,0.1575091928243637,27.170000000000016,24.549271065848245,9.816583251953148,1.6904340471540178,0.013097967516110032,0.0049146301084093125,10.68052864074707,215.37339782714844,1002,772.0103626247512
2021-09-05,2021,248,0,0.7928689122200012,0.29713642597198486,28.970000000000027,26.929701014927502,14.161723981584828,2.102325439453125,0.01254407645337352,0.004635263138347057,12.388874053955078,274.2261962890625,127,50
2021-09-08,2021,251,0,0.7420535683631897,0.2968228757381439,27.810000000000002,25.71089869907928,14.179426356724377,2.0072784423828125,0.011724140058682053,0.005287695580058482,18.868240356445312,22.53549575805664,406,80
2021-09-05,2021,248,0,0.7482077479362488,0.20260699093341827,26.700000000000045,26.372053309849377,11.565249197823675,1.8716190883091517,0.006086613546536057,0.003908652716212657,8.934597969055176,348.0084228515625,801,86.02325267042627
2021-09-08,2021,251,0,0.4165448844432831,-0.11359159648418427,30.630000000000052,27.12786690848219,11.520070103236606,1.998720441545759,0.004061128507778733,0.001923847847514537,0.9274099469184875,180,628,123.6931687685298
2021-09-08,2021,251,0,0.6969461441040039,0.2150159329175949,30.210000000000036,27.213259451729925,12.520623779296898,1.6944492885044642,0.016144703637287705,0.006698463016086009,13.312052726745605,112.1035385131836,396,50
2021-09-08,2021,251,0,0.5353885889053345,0.10727470368146896,30.29000000000002,27.455569022042425,8.644730050223245,2.042853219168527,0.0035334783899045874,0.0008191055589250595,16.866539001464844,307.880126953125,1216,202.48456731316588
2021-09-09,2021,252,0,0.820397138595581,0.3045996129512787,28.29000000000002,26.641800362723245,13.202894374302502,1.7657252720424108,0.01285191954247722,0.003839719944529918,14.276254653930664,40.23447036743164,729,50
2021-09-03,2021,246,0,0.5729111433029175,0.004458141978830099,31.010000000000048,27.279552350725453,11.915867832728793,1.8818119594029017,0.004134576331303208,0.0022460258536867173,1.9562565088272095,18.58320426940918,818,107.70329614269008
2021-09-05,2021,248,0,0.7643776535987854,0.1793648600578308,30.210000000000036,25.268097359793558,14.30293971470428,2.1124158586774553,0.010158817778751938,0.004188571029239085,21.158016204833984,331.44207763671875,736,272.02941017470886
2021-09-05,2021,248,0,0.7748709321022034,0.1774260699748993,32.75000000000006,26.494315447126155,12.518156215122815,1.7896619524274553,0.0082743275272108,0.004790339522891429,0.46373534202575684,180,615,150
2021-09-05,2021,248,0,0.775432288646698,0.29979395866394043,27.83000000000004,26.78289620535719,12.996083286830356,1.767303466796875,0.009987230907604783,0.0029249078565172226,4.568605422973633,155.73104858398438,567,28.284271247461902
2021-09-03,2021,246,0,0.5052363872528076,-0.06738542020320892,27.55000000000001,26.835676356724377,11.926243809291293,1.72723388671875,0.019422944198772996,0.010272089295916942,6.875853538513184,93.84867095947266,1004,151.32745950421557
2021-09-06,2021,249,0,0.7711364030838013,0.3074837923049927,25.130000000000052,24.99925275530137,10.579311261858265,1.6938999720982142,0.01127709032170543,0.0036260372930101425,17.000816345214844,248.24639892578125,1439,450
2021-09-05,2021,248,0,0.8824686408042908,0.4175005257129669,27.49000000000001,26.209446934291293,13.83024640764512,2.273836408342634,0.013554941426441758,0.004717890077166942,15.904250144958496,271.62774658203125,469,152.31546211727817
2021-09-05,2021,248,0,0.5051731467247009,0.012652581557631493,31.28000000000003,26.463102504185315,7.577977207728793,1.894101824079241,0.004310305725262253,0.00093800192409077,1.8720277547836304,270,993,86.02325267042627
2021-09-08,2021,251,0,0.7672796249389648,0.25656038522720337,29.840000000000032,25.268097359793558,14.30293971470428,2.1124158586774553,0.010158817778751938,0.004188571029239085,19.461824417114258,336.3762512207031,162,167.63054614240212
2021-09-08,2021,251,0,0.17389227449893951,-0.19191907346248627,32.68000000000001,25.515368216378363,13.047435651506703,2.312476021902902,0.008890535246059983,0.004247579627566722,11.09813404083252,274.7336730957031,1092,602.162768692984
2021-09-03,2021,246,0,0.35525795817375183,-0.12620508670806885,29.83000000000004,25.564178902762308,11.067047555106058,1.9532056535993303,0.005917127739117234,0.0031725949578813584,19.658920288085938,103.09493255615234,1092,386.39358172723314
2021-09-05,2021,248,0,0.8248381018638611,0.3123595416545868,27.860000000000014,26.45063171386721,13.33051452636721,2.0557120186941966,0.011158536683247178,0.003677446299128917,1.1202713251113892,145.87451171875,463,89.44271909999159
2021-09-08,2021,251,0,0.30002135038375854,-0.08622945845127106,32.43000000000001,27.729285539899593,10.00111868722098,2.0916224888392856,0.003194715391323655,0.0010899490647844345,4.350177764892578,270,798,196.97715603592206
2021-09-08,2021,251,0,0.4663442075252533,-0.11473053693771362,31.54000000000002,26.463102504185315,7.577977207728793,1.894101824079241,0.004310305725262253,0.00093800192409077,9.224228858947754,142.88572692871094,949,58.309518948453004
2021-09-08,2021,251,0,0.8616464734077454,0.4399966597557068,27.610000000000014,25.71089869907928,14.179426356724377,2.0072784423828125,0.011724140058682053,0.005287695580058482,21.779666900634766,330.5810241699219,401,80.62257748298549
2021-09-08,2021,251,0,0.6102729439735413,0.1427667737007141,25.810000000000002,26.476249040876155,9.936229596819203,1.72235107421875,0.009384493838474839,0.004501048379474071,17.367145538330078,289.6598205566406,1193,128.06248474865697
2021-09-09,2021,252,0,0.658146321773529,0.12481924146413803,26.27000000000004,25.86425388881139,10.13659275599889,1.7539890834263392,0.008138384233639329,0.0030144936376146347,6.30515718460083,143.6859893798828,965,140.356688476182
2021-09-03,2021,246,0,0.7972245812416077,0.27985480427742004,27.430000000000007,26.209446934291293,13.83024640764512,2.273836408342634,0.013554941426441758,0.004717890077166942,10.56949520111084,87.51390075683594,465,58.309518948453004
2021-09-05,2021,248,0,0.6663891077041626,0.14258038997650146,29.99000000000001,25.093852887834828,11.243630981445335,2.01373291015625,0.007837678800747483,0.0046855545573762925,2.317462682723999,180,1011,22.360679774997898
2021-09-03,2021,246,0,0.671798050403595,0.12053395807743073,28.82000000000005,27.51159275599889,14.054140799386175,1.6590837751116072,0.013737987290546982,0.004069182925753978,2.4010772705078125,344.82647705078125,343,111.80339887498948
2021-09-05,2021,248,0,0.6197235584259033,0.03490759804844856,26.24000000000001,25.584427315848245,10.484759085518988,1.6913648332868303,0.014147754322216599,0.006514046245150951,8.08681869506836,90,845,250.59928172283335
2021-09-08,2021,251,0,0.8475207686424255,0.33623549342155457,26.49000000000001,25.507935006277933,13.504224940708752,2.355187552315848,0.014534737478420823,0.004311207585864452,6.7295427322387695,16.19338035583496,651,10
2021-09-08,2021,251,0,0.7992583513259888,0.2588563561439514,26.30000000000001,26.78289620535719,12.996083286830356,1.767303466796875,0.009987230907604783,0.0029249078565172226,1.87272047996521,137.9560546875,749,85.44003745317531
2021-09-09,2021,252,0,0.7853514552116394,0.3037978410720825,28.07000000000005,27.213259451729925,12.520623779296898,1.6944492885044642,0.016144703637287705,0.006698463016086009,34.169464111328125,347.88360595703125,550,80.62257748298549
2021-09-08,2021,251,0,0.44880953431129456,0.007824064232409,34.75000000000006,28.494622802734398,10.117469133649593,2.357022966657366,0.002458180795834153,0.0009619927936128647,11.660113334655762,270,772,148.66068747318505
2021-09-06,2021,249,0,0.7910030484199524,0.2827349007129669,26.130000000000052,25.31947806222098,14.781017194475453,2.541081019810268,0.013749967824146836,0.0038545465999177964,15.87100601196289,271.63134765625,339,31.622776601683796
2021-09-08,2021,251,0,0.6619726419448853,0.11491934210062027,25.930000000000007,26.78289620535719,12.996083286830356,1.767303466796875,0.009987230907604783,0.0029249078565172226,8.765154838562012,121.66452026367188,684,94.86832980505139
2021-09-05,2021,248,0,0.43036144971847534,-0.03823719918727875,30.54000000000002,28.199282400948675,10.321906389508968,2.376275198800223,0.0023790556298948218,0.0010805464320711167,5.473967552185059,65.01998138427734,855,31.622776601683796
2021-09-08,2021,251,0,0.808107316493988,0.28845059871673584,31.82000000000005,25.977092633928578,12.314837210518988,1.7098039899553572,0.012167091976330369,0.0036190188460878403,6.258911609649658,265.7677917480469,606,142.12670403551894
2021-09-05,2021,248,0,0.76382976770401,0.1969260275363922,23.950000000000045,24.061547851562523,9.59493190220428,1.692659650530134,0.012268360267803757,0.003835592322879222,22.09734535217285,48.86229705810547,1083,756.6372975210778
2021-09-08,2021,251,0,0.7600478529930115,0.22080300748348236,26.890000000000043,26.708585902622815,13.660025896344905,1.8717106410435267,0.010934289108440964,0.00546618168883839,7.695850849151611,76.13793182373047,430,86.02325267042627
2021-09-05,2021,248,0,0.7670871019363403,0.1722109466791153,30.30000000000001,27.269701712472113,10.410472760881703,1.8900386265345983,0.0037674266206479956,0.001342955880694774,2.089230537414551,63.6571044921875,750,78.10249675906654
2021-09-02,2021,245,0,0.7134639620780945,0.19750173389911652,29.480000000000018,27.152001953125023,9.95166931152346,1.9194902692522322,0.003960262547657578,0.0012165940337709458,10.992916107177734,122.79740142822266,731,40
2021-09-05,2021,248,0,0.44822537899017334,-0.09354698657989502,25.07000000000005,26.48948713030137,11.285758318219905,1.772432599748884,0.007270346890614121,0.0026230848365358383,12.022489547729492,204.19876098632812,833,164.01219466856728
2021-09-05,2021,248,0,0.6852505207061768,0.13292884826660156,29.370000000000005,25.72285940987723,12.238883318219905,1.9641636439732142,0.009609456669018357,0.0068145430617860825,5.257195472717285,225.2744903564453,942,172.04650534085255
2021-09-02,2021,245,0,0.4814164340496063,0.018426788970828056,32.190000000000055,27.729285539899593,10.00111868722098,2.0916224888392856,0.003194715391323655,0.0010899490647844345,23.41535186767578,23.67810821533203,557,0
2021-09-08,2021,251,0,0.6019158959388733,0.07181416451931,30.82000000000005,24.895619419642856,11.17446071079803,1.7319771902901786,0.01426529468171367,0.004294220262103465,2.634187698364258,331.59698486328125,887,20
2021-09-08,2021,251,0,0.7293510437011719,0.19613821804523468,28.420000000000016,25.303702654157405,13.02544773646764,2.055690220424107,0.010371308337376206,0.005908314042621043,7.4476518630981445,266.4501953125,510,67.0820393249937
2021-09-05,2021,248,0,0.6577567458152771,0.1782756894826889,29.110000000000014,25.210061645507835,13.503856549944203,1.9494236537388392,0.010630588542149155,0.00560990338855305,15.670757293701172,301.28704833984375,365,20
2021-09-08,2021,251,0,0.6818752884864807,0.12848296761512756,26.510000000000048,25.752042933872815,10.33888724190848,1.770296369280134,0.0076697725164152075,0.0025808400445512802,20.33348274230957,143.91372680664062,1061,534.5091205957107
2021-09-08,2021,251,0,0.2617453932762146,-0.25752371549606323,28.930000000000007,27.12786690848219,11.520070103236606,1.998720441545759,0.004061128507778733,0.001923847847514537,5.418184757232666,53.31987762451172,840,20
2021-09-05,2021,248,0,0.831742525100708,0.31531593203544617,26.910000000000025,25.531623186383968,13.29252668108262,2.544281005859375,0.015216525207684128,0.0042851007514528305,6.767579555511475,207.5419158935547,669,36.05551275463989
2021-09-08,2021,251,0,0.7677465081214905,0.2069569081068039,28.55000000000001,27.279552350725453,11.915867832728793,1.8818119594029017,0.004134576331303208,0.0022460258536867173,3.1172056198120117,270,752,89.44271909999159
2021-09-08,2021,251,0,0.8413721919059753,0.30517300963401794,31.250000000000057,24.287639508928578,10.515387834821468,1.769256591796875,0.01603368998639354,0.005051825099521068,16.783855438232422,316.4322814941406,1102,233.45235059857504
2021-09-02,2021,245,0,0.7027300596237183,0.20016400516033173,26.310000000000002,26.641800362723245,13.202894374302502,1.7657252720424108,0.01285191954247722,0.003839719944529918,2.8501620292663574,192.72323608398438,416,104.40306508910551
2021-09-08,2021,251,0,0.5540010333061218,0.06002545356750488,28.32000000000005,26.061388724190863,11.352286638532405,2.099367414202009,0.0058478224384046484,0.002857882433467296,5.191136837005615,143.30287170410156,1028,206.15528128088303
2021-09-12,2021,255,0,0.7276259064674377,0.2525167167186737,27.650000000000034,26.871013532366078,13.420877075195335,1.9725450788225447,0.011731069098637192,0.0035444385343126328,29.255657196044922,324.01416015625,145,89.44271909999159
2021-09-05,2021,248,0,0.321011483669281,-0.022803833708167076,29.090000000000032,24.061547851562523,9.59493190220428,1.692659650530134,0.012268360267803757,0.003835592322879222,16.832902908325195,28.01320457458496,1336,426.38011210655685
2021-09-09,2021,252,0,0.400403767824173,-0.02916482463479042,27.500000000000057,24.99925275530137,10.579311261858265,1.6938999720982142,0.01127709032170543,0.0036260372930101425,20.649999618530273,240.39881896972656,1105,274.5906043549196
2021-09-08,2021,251,0,0.8339647054672241,0.3381219804286957,29.170000000000016,26.929701014927502,14.161723981584828,2.102325439453125,0.01254407645337352,0.004635263138347057,18.807706832885742,285.1541442871094,415,44.721359549995796
2021-09-05,2021,248,0,0.5735037922859192,0.05130927264690399,31.370000000000005,25.564178902762308,11.067047555106058,1.9532056535993303,0.005917127739117234,0.0031725949578813584,2.328784704208374,53.338966369628906,763,70.71067811865476
2021-09-06,2021,249,0,0.8093488216400146,0.2775682210922241,28.010000000000048,26.677379499162953,13.410418265206488,1.8137425013950892,0.009848411689922898,0.004710663013987926,12.75537395477295,124.8945541381836,401,20
2021-09-02,2021,245,0,0.6976160407066345,0.17318901419639587,28.850000000000023,24.99925275530137,10.579311261858265,1.6938999720982142,0.01127709032170543,0.0036260372930101425,21.611900329589844,249.67669677734375,861,360.5551275463989
2021-09-08,2021,251,0,0.7137265801429749,0.2238617241382599,30.230000000000018,25.837014770507835,14.173619297572543,2.481689453125,0.0066132950889326025,0.0017712450557283432,10.4124755859375,134.808349609375,133,0
2021-09-08,2021,251,0,0.8404688239097595,0.2915579080581665,28.150000000000034,26.922771344866078,13.3699672154018,1.868192400251116,0.010953705321476548,0.003239516072802928,3.4764742851257324,21.152835845947266,542,40
2021-09-06,2021,249,0,0.7958776950836182,0.3589850068092346,31.450000000000045,24.85760105678014,14.65721173967637,2.345613752092634,0.00964510024659404,0.0024715549283556015,13.332412719726562,187.92735290527344,193,85.44003745317531
2021-09-05,2021,248,0,0.6490665674209595,0.11347673088312149,27.590000000000032,27.30121765136721,14.008466884068127,1.8754795619419642,0.010434802185223191,0.003542650394969371,11.76791000366211,87.77338409423828,349,42.426406871192846
2021-09-06,2021,249,0,0.7831991910934448,0.2627807557582855,29.07000000000005,25.979555838448675,12.570557076590433,1.8614850725446428,0.009900461445973008,0.00610368316703358,5.582152366638184,186.4033966064453,970,220
2021-09-08,2021,251,0,0.6244292259216309,0.09908026456832886,26.08000000000004,24.287639508928578,10.515387834821468,1.769256591796875,0.01603368998639354,0.005051825099521068,9.621917724609375,139.80795288085938,1076,241.86773244895647
2021-09-05,2021,248,0,0.7697368264198303,0.19184549152851105,26.640000000000043,27.701470947265648,14.009369332449808,1.5834132603236608,0.014432038675472825,0.004186335855060008,8.76457405090332,184.08302307128906,577,130
2021-09-05,2021,248,1,0.7574654221534729,0.23750855028629303,27.08000000000004,27.412687465122815,13.43066013881139,1.5908442905970983,0.013509030948803513,0.003415990524821666,15.316876411437988,61.78165054321289,281,134.1640786499874
2021-09-05,2021,248,1,0.7789255976676941,0.2791762053966522,28.410000000000025,27.412687465122815,13.43066013881139,1.5908442905970983,0.013509030948803513,0.003415990524821666,28.42929458618164,350.66943359375,277,92.19544457292886
2021-09-08,2021,251,1,0.6525908708572388,0.11350648105144501,30.07000000000005,27.412687465122815,13.43066013881139,1.5908442905970983,0.013509030948803513,0.003415990524821666,15.936779975891113,271.6242370605469,451,120.83045973594572
2021-09-08,2021,251,1,0.6780924201011658,0.16901734471321106,29.410000000000025,27.412687465122815,13.43066013881139,1.5908442905970983,0.013509030948803513,0.003415990524821666,6.365102291107178,150.53897094726562,251,14.142135623730951
2021-09-05,2021,248,1,0.5605006814002991,0.1147540956735611,27.77000000000004,27.412687465122815,13.43066013881139,1.5908442905970983,0.013509030948803513,0.003415990524821666,14.625382423400879,326.8715515136719,435,155.24174696260025
2021-09-05,2021,248,1,0.7289562225341797,0.30247509479522705,27.850000000000023,27.412687465122815,13.43066013881139,1.5908442905970983,0.013509030948803513,0.003415990524821666,17.060104370117188,32.43532943725586,408,138.92443989449805
2021-09-08,2021,251,1,0.7718157172203064,0.3114215135574341,27.77000000000004,27.412687465122815,13.43066013881139,1.5908442905970983,0.013509030948803513,0.003415990524821666,14.889725685119629,312.0440979003906,543,201.24611797498108
2021-09-06,2021,249,1,0.7876650094985962,0.3096335232257843,27.57000000000005,27.412687465122815,13.43066013881139,1.5908442905970983,0.013509030948803513,0.003415990524821666,20.898569107055664,4.945716857910156,336,70.71067811865476
2021-09-05,2021,248,1,0.8456513285636902,0.29238829016685486,25.120000000000005,26.827308000837093,12.784047154017856,1.6805289132254464,0.014722968946621506,0.0039986110263399155,25.155704498291016,349.2322082519531,616,260.1922366251538
2021-09-08,2021,251,1,0.7755510807037354,0.2721291780471802,28.060000000000002,27.412687465122815,13.43066013881139,1.5908442905970983,0.013509030948803513,0.003415990524821666,37.59251022338867,114.20519256591797,275,86.02325267042627
2021-09-05,2021,248,1,0.7350058555603027,0.26965004205703735,26.30000000000001,26.827308000837093,12.784047154017856,1.6805289132254464,0.014722968946621506,0.0039986110263399155,34.119117736816406,120.90921783447266,748,233.23807579381202
2021-09-08,2021,251,1,0.5271487832069397,0.20788563787937164,27.24000000000001,27.412687465122815,13.43066013881139,1.5908442905970983,0.013509030948803513,0.003415990524821666,13.492786407470703,293.8777160644531,296,107.70329614269008
2021-09-08,2021,251,1,0.762504518032074,0.3362047076225281,27.220000000000027,27.412687465122815,13.43066013881139,1.5908442905970983,0.013509030948803513,0.003415990524821666,28.877973556518555,309.1269836425781,418,72.11102550927978
2021-09-02,2021,245,1,0.7591084837913513,0.25427502393722534,28.400000000000034,27.412687465122815,13.43066013881139,1.5908442905970983,0.013509030948803513,0.003415990524821666,21.812286376953125,223.2769317626953,332,36.05551275463989
2021-09-08,2021,251,1,0.7816154956817627,0.3129585087299347,28.560000000000002,27.412687465122815,13.43066013881139,1.5908442905970983,0.013509030948803513,0.003415990524821666,28.56985092163086,223.25357055664062,462,72.11102550927978
2021-09-05,2021,248,1,0.7348652482032776,0.2629387378692627,26.30000000000001,26.827308000837093,12.784047154017856,1.6805289132254464,0.014722968946621506,0.0039986110263399155,25.49724006652832,205.91043090820312,751,208.80613017821102
2021-09-08,2021,251,1,0.600109875202179,0.1640639305114746,28.410000000000025,27.412687465122815,13.43066013881139,1.5908442905970983,0.013509030948803513,0.003415990524821666,3.7945098876953125,277.0096130371094,239,22.360679774997898
2021-09-06,2021,249,1,0.5691158175468445,0.14372164011001587,28.410000000000025,27.412687465122815,13.43066013881139,1.5908442905970983,0.013509030948803513,0.003415990524821666,1.9413855075836182,256.1853332519531,230,70.71067811865476
2021-09-08,2021,251,1,0.6166881322860718,0.1041390597820282,31.05000000000001,27.412687465122815,13.43066013881139,1.5908442905970983,0.013509030948803513,0.003415990524821666,20.280332565307617,129.43540954589844,467,160.31219541881399
2021-09-08,2021,251,1,0.6709940433502197,0.24565283954143524,31.07000000000005,27.412687465122815,13.43066013881139,1.5908442905970983,0.013509030948803513,0.003415990524821666,22.062177658081055,3.104656457901001,473,89.44271909999159
2021-09-02,2021,245,1,0.6643233895301819,0.22519083321094513,28.560000000000002,27.412687465122815,13.43066013881139,1.5908442905970983,0.013509030948803513,0.003415990524821666,16.89881134033203,158.82373046875,494,174.6424919657298
2021-09-08,2021,251,1,0.6592012047767639,0.26560699939727783,27.850000000000023,27.412687465122815,13.43066013881139,1.5908442905970983,0.013509030948803513,0.003415990524821666,11.361172676086426,49.870826721191406,487,121.65525060596438
2021-09-05,2021,248,1,0.7964836955070496,0.24079525470733643,25.160000000000025,26.827308000837093,12.784047154017856,1.6805289132254464,0.014722968946621506,0.0039986110263399155,32.16730880737305,73.55342102050781,716,240.41630560342614
2021-09-08,2021,251,1,0.7678749561309814,0.18682658672332764,25.120000000000005,26.827308000837093,12.784047154017856,1.6805289132254464,0.014722968946621506,0.0039986110263399155,25.38910675048828,27.52483558654785,753,263.0589287593181
2021-09-08,2021,251,1,0.7472643256187439,0.23406492173671722,30.470000000000027,27.412687465122815,13.43066013881139,1.5908442905970983,0.013509030948803513,0.003415990524821666,11.74640941619873,251.85633850097656,383,50.99019513592785
2021-09-08,2021,251,1,0.7745596766471863,0.27608439326286316,27.850000000000023,27.412687465122815,13.43066013881139,1.5908442905970983,0.013509030948803513,0.003415990524821666,27.299745559692383,13.524307250976562,390,139.2838827718412
2021-09-08,2021,251,1,0.6981258392333984,0.1800699234008789,28.910000000000025,24.061547851562523,9.59493190220428,1.692659650530134,0.012268360267803757,0.003835592322879222,21.969825744628906,313.0125427246094,1378,532.6349594234309
2021-09-09,2021,252,1,0.7487961649894714,0.1978745013475418,28.83000000000004,27.412687465122815,13.43066013881139,1.5908442905970983,0.013509030948803513,0.003415990524821666,19.49382781982422,196.19895935058594,330,130.384048104053
2021-09-08,2021,251,1,0.6980416774749756,0.17361339926719666,30.470000000000027,27.412687465122815,13.43066013881139,1.5908442905970983,0.013509030948803513,0.003415990524821666,9.754575729370117,333.4495544433594,283,10
2021-09-02,2021,245,1,0.8072952032089233,0.34605446457862854,27.850000000000023,27.412687465122815,13.43066013881139,1.5908442905970983,0.013509030948803513,0.003415990524821666,26.90613555908203,297.5511779785156,358,63.24555320336759
2021-09-05,2021,248,1,0.768869936466217,0.3070283532142639,28.060000000000002,27.412687465122815,13.43066013881139,1.5908442905970983,0.013509030948803513,0.003415990524821666,21.92741584777832,160.9088134765625,414,122.06555615733703
2021-09-05,2021,248,1,0.6003642678260803,0.19426195323467255,28.060000000000002,27.412687465122815,13.43066013881139,1.5908442905970983,0.013509030948803513,0.003415990524821666,23.12898063659668,122.04464721679688,229,53.85164807134504
2021-09-05,2021,248,1,0.7963125705718994,0.21317163109779358,25.160000000000025,26.827308000837093,12.784047154017856,1.6805289132254464,0.014722968946621506,0.0039986110263399155,31.460535049438477,17.73992156982422,808,247.3863375370596
2021-09-08,2021,251,1,0.6543063521385193,0.15760645270347595,30.470000000000027,27.412687465122815,13.43066013881139,1.5908442905970983,0.013509030948803513,0.003415990524821666,8.172561645507812,276.4720153808594,539,110.45361017187261
2021-09-02,2021,245,1,0.6953035593032837,0.23166023194789886,28.060000000000002,27.412687465122815,13.43066013881139,1.5908442905970983,0.013509030948803513,0.003415990524821666,31.137706756591797,157.58160400390625,296,101.9803902718557
2021-09-05,2021,248,1,0.7836428880691528,0.2855800986289978,25.840000000000032,26.827308000837093,12.784047154017856,1.6805289132254464,0.014722968946621506,0.0039986110263399155,22.408050537109375,280.175537109375,589,158.11388300841895
2021-09-05,2021,248,1,0.8161054253578186,0.23767711222171783,25.160000000000025,26.827308000837093,12.784047154017856,1.6805289132254464,0.014722968946621506,0.0039986110263399155,27.41979217529297,14.69437026977539,754,260.1922366251538
2021-09-05,2021,248,1,0.7108262181282043,0.23804877698421478,26.650000000000034,26.827308000837093,12.784047154017856,1.6805289132254464,0.014722968946621506,0.0039986110263399155,24.85284996032715,140.2529296875,605,234.30749027719963
2021-09-08,2021,251,1,0.6853271126747131,0.22763162851333618,30.350000000000023,27.412687465122815,13.43066013881139,1.5908442905970983,0.013509030948803513,0.003415990524821666,22.139976501464844,283.8107604980469,366,50
2021-09-05,2021,248,1,0.7779853343963623,0.3076385259628296,25.160000000000025,26.827308000837093,12.784047154017856,1.6805289132254464,0.014722968946621506,0.0039986110263399155,22.678422927856445,341.6420593261719,584,259.42243542145695
2021-09-05,2021,248,1,0.6878089904785156,0.16289357841014862,25.840000000000032,26.827308000837093,12.784047154017856,1.6805289132254464,0.014722968946621506,0.0039986110263399155,24.390323638916016,164.56817626953125,696,200.24984394500788
2021-09-06,2021,249,1,0.5864693522453308,0.10361436009407043,28.410000000000025,27.412687465122815,13.43066013881139,1.5908442905970983,0.013509030948803513,0.003415990524821666,14.121546745300293,195.16928100585938,239,89.44271909999159
2021-09-08,2021,251,1,0.7099465727806091,0.1905147135257721,31.07000000000005,27.412687465122815,13.43066013881139,1.5908442905970983,0.013509030948803513,0.003415990524821666,18.914243698120117,263.21722412109375,362,120.41594578792296
2021-09-05,2021,248,1,0.8474056124687195,0.33311012387275696,31.05000000000001,27.412687465122815,13.43066013881139,1.5908442905970983,0.013509030948803513,0.003415990524821666,14.962447166442871,165.73297119140625,404,205.18284528683193
2021-09-12,2021,255,1,0.7367245554924011,0.29903388023376465,27.980000000000018,27.412687465122815,13.43066013881139,1.5908442905970983,0.013509030948803513,0.003415990524821666,21.348947525024414,79.2591552734375,570,143.17821063276352
2021-09-08,2021,251,1,0.7117355465888977,0.25008973479270935,30.470000000000027,27.412687465122815,13.43066013881139,1.5908442905970983,0.013509030948803513,0.003415990524821666,23.208810806274414,266.7536315917969,377,50.99019513592785
2021-09-08,2021,251,1,0.7046543955802917,0.19329385459423065,30.470000000000027,27.412687465122815,13.43066013881139,1.5908442905970983,0.013509030948803513,0.003415990524821666,17.196121215820312,286.71954345703125,467,110.45361017187261
2021-09-08,2021,251,1,0.7772133350372314,0.30930471420288086,27.220000000000027,27.412687465122815,13.43066013881139,1.5908442905970983,0.013509030948803513,0.003415990524821666,22.851850509643555,285.5978088378906,389,126.49110640673518
2021-09-08,2021,251,1,0.732342004776001,0.21295303106307983,25.54000000000002,26.827308000837093,12.784047154017856,1.6805289132254464,0.014722968946621506,0.0039986110263399155,13.278377532958984,16.19338035583496,337,169.70562748477138
2021-09-08,2021,251,1,0.782184898853302,0.27582982182502747,31.07000000000005,27.412687465122815,13.43066013881139,1.5908442905970983,0.013509030948803513,0.003415990524821666,15.134722709655762,291.0450439453125,491,145.60219778561037
2021-09-08,2021,251,1,0.7433479428291321,0.2177203893661499,29.690000000000055,24.061547851562523,9.59493190220428,1.692659650530134,0.012268360267803757,0.003835592322879222,22.395933151245117,55.278038024902344,1445,454.53272709454046
2021-09-05,2021,248,1,0.8643811345100403,0.3294984698295593,25.120000000000005,26.827308000837093,12.784047154017856,1.6805289132254464,0.014722968946621506,0.0039986110263399155,28.473705291748047,328.2807312011719,580,278.5677655436824
2021-09-05,2021,248,1,0.8365186452865601,0.33280476927757263,26.650000000000034,26.827308000837093,12.784047154017856,1.6805289132254464,0.014722968946621506,0.0039986110263399155,21.89992904663086,332.3633117675781,484,214.7091055358389
2021-09-03,2021,246,1,0.6351097226142883,0.2039487510919571,27.24000000000001,27.412687465122815,13.43066013881139,1.5908442905970983,0.013509030948803513,0.003415990524821666,21.549287796020508,340.5284118652344,480,102.95630140987001
2021-09-06,2021,249,1,0.7648705244064331,0.27405911684036255,27.57000000000005,27.412687465122815,13.43066013881139,1.5908442905970983,0.013509030948803513,0.003415990524821666,32.28960418701172,343.8692932128906,315,41.23105625617661
2021-09-05,2021,248,1,0.8191760778427124,0.37883391976356506,26.30000000000001,26.827308000837093,12.784047154017856,1.6805289132254464,0.014722968946621506,0.0039986110263399155,18.337318420410156,304.1711120605469,717,161.55494421403512
2021-09-08,2021,251,1,0.6826075911521912,0.3081262707710266,28.560000000000002,27.412687465122815,13.43066013881139,1.5908442905970983,0.013509030948803513,0.003415990524821666,17.125913619995117,150.09130859375,543,126.49110640673518
2021-09-08,2021,251,1,0.6721789836883545,0.2135593146085739,30.350000000000023,27.412687465122815,13.43066013881139,1.5908442905970983,0.013509030948803513,0.003415990524821666,28.8325252532959,137.3196563720703,413,86.02325267042627
2021-09-08,2021,251,1,0.8286614418029785,0.2845132648944855,25.840000000000032,26.827308000837093,12.784047154017856,1.6805289132254464,0.014722968946621506,0.0039986110263399155,25.3021183013916,266.07305908203125,414,223.60679774997897
2021-09-08,2021,251,1,0.7193995714187622,0.19607432186603546,25.840000000000032,26.827308000837093,12.784047154017856,1.6805289132254464,0.014722968946621506,0.0039986110263399155,24.869688034057617,238.41055297851562,571,206.15528128088303
2021-09-08,2021,251,1,0.8072519898414612,0.26900309324264526,30.610000000000014,27.412687465122815,13.43066013881139,1.5908442905970983,0.013509030948803513,0.003415990524821666,18.79490852355957,270,510,167.63054614240212
2021-09-05,2021,248,1,0.7845779061317444,0.2725730240345001,31.05000000000001,27.412687465122815,13.43066013881139,1.5908442905970983,0.013509030948803513,0.003415990524821666,18.862930297851562,299.8345031738281,475,242.0743687382041
2021-09-01,2021,244,1,0.726265549659729,0.21490076184272766,27.57000000000005,27.412687465122815,13.43066013881139,1.5908442905970983,0.013509030948803513,0.003415990524821666,16.0888671875,107.9800796508789,297,41.23105625617661
2021-09-03,2021,246,1,0.342058002948761,0.149862602353096,27.24000000000001,27.412687465122815,13.43066013881139,1.5908442905970983,0.013509030948803513,0.003415990524821666,26.862585067749023,282.92742919921875,319,64.03124237432849
2021-09-05,2021,248,1,0.7363321781158447,0.2775665521621704,26.30000000000001,26.827308000837093,12.784047154017856,1.6805289132254464,0.014722968946621506,0.0039986110263399155,27.210201263427734,52.124916076660156,732,192.09372712298546
2021-09-05,2021,248,1,0.737500011920929,0.20788069069385529,29.690000000000055,24.061547851562523,9.59493190220428,1.692659650530134,0.012268360267803757,0.003835592322879222,23.96373748779297,280.4922180175781,1454,487.95491595023407
2021-09-08,2021,251,1,0.8016248941421509,0.35507601499557495,28.410000000000025,27.412687465122815,13.43066013881139,1.5908442905970983,0.013509030948803513,0.003415990524821666,16.357439041137695,39.45393753051758,256,63.24555320336759
2021-09-03,2021,246,1,0.8216899633407593,0.3962264060974121,27.24000000000001,27.412687465122815,13.43066013881139,1.5908442905970983,0.013509030948803513,0.003415990524821666,25.030628204345703,296.7862243652344,502,90.55385138137417
2021-09-01,2021,244,1,0.8502506017684937,0.3840193748474121,27.220000000000027,27.412687465122815,13.43066013881139,1.5908442905970983,0.013509030948803513,0.003415990524821666,18.12081527709961,42.09919357299805,576,108.16653826391969
2021-09-08,2021,251,1,0.7524861693382263,0.2904800772666931,25.840000000000032,26.827308000837093,12.784047154017856,1.6805289132254464,0.014722968946621506,0.0039986110263399155,22.341777801513672,260.9351501464844,455,180.27756377319946
2021-09-08,2021,251,1,0.7238773107528687,0.20801407098770142,28.910000000000025,24.061547851562523,9.59493190220428,1.692659650530134,0.012268360267803757,0.003835592322879222,28.867565155029297,245.7268524169922,1527,502.19518117958876
2021-09-05,2021,248,1,0.7578417062759399,0.2502770721912384,31.05000000000001,27.412687465122815,13.43066013881139,1.5908442905970983,0.013509030948803513,0.003415990524821666,25.070693969726562,156.4893798828125,572,220.2271554554524
2021-09-08,2021,251,1,0.7796303033828735,0.3430277705192566,27.24000000000001,27.412687465122815,13.43066013881139,1.5908442905970983,0.013509030948803513,0.003415990524821666,22.652767181396484,283.45770263671875,423,134.53624047073708
2021-09-02,2021,245,1,0.7716454863548279,0.2820442020893097,27.57000000000005,27.412687465122815,13.43066013881139,1.5908442905970983,0.013509030948803513,0.003415990524821666,10.94227409362793,294.7491149902344,254,22.360679774997898
2021-09-03,2021,246,1,0.8331460952758789,0.3783026337623596,27.220000000000027,27.412687465122815,13.43066013881139,1.5908442905970983,0.013509030948803513,0.003415990524821666,21.37472152709961,342.0415954589844,357,41.23105625617661
2021-09-08,2021,251,1,0.7191177606582642,0.21591037511825562,31.05000000000001,27.412687465122815,13.43066013881139,1.5908442905970983,0.013509030948803513,0.003415990524821666,20.577377319335938,276.18829345703125,575,160.31219541881399
2021-09-06,2021,249,1,0.7820323705673218,0.35715237259864807,27.57000000000005,27.412687465122815,13.43066013881139,1.5908442905970983,0.013509030948803513,0.003415990524821666,17.217926025390625,277.5037536621094,457,92.19544457292886
2021-09-09,2021,252,1,0.660144031047821,0.19130568206310272,27.980000000000018,27.412687465122815,13.43066013881139,1.5908442905970983,0.013509030948803513,0.003415990524821666,22.56838607788086,257.63018798828125,537,122.06555615733703
2021-09-05,2021,248,1,0.8261899352073669,0.25272536277770996,25.120000000000005,26.827308000837093,12.784047154017856,1.6805289132254464,0.014722968946621506,0.0039986110263399155,17.69951820373535,324.251708984375,548,264.76404589747455
2021-09-05,2021,248,1,0.7923697829246521,0.29530516266822815,26.650000000000034,26.827308000837093,12.784047154017856,1.6805289132254464,0.014722968946621506,0.0039986110263399155,23.10625457763672,115.86884307861328,459,241.66091947189145
2021-09-09,2021,252,1,0.7585675716400146,0.2933041453361511,27.980000000000018,27.412687465122815,13.43066013881139,1.5908442905970983,0.013509030948803513,0.003415990524821666,23.785112380981445,264.73162841796875,390,72.11102550927978
2021-09-05,2021,248,1,0.7570874094963074,0.28179776668548584,27.220000000000027,27.412687465122815,13.43066013881139,1.5908442905970983,0.013509030948803513,0.003415990524821666,25.433393478393555,35.218021392822266,519,150
2021-09-05,2021,248,1,0.8727670311927795,0.40554556250572205,25.840000000000032,26.827308000837093,12.784047154017856,1.6805289132254464,0.014722968946621506,0.0039986110263399155,24.760358810424805,344.8348083496094,669,150.33296378372907
2021-09-05,2021,248,1,0.593379557132721,0.06794619560241699,27.850000000000023,27.412687465122815,13.43066013881139,1.5908442905970983,0.013509030948803513,0.003415990524821666,14.326125144958496,230.6642303466797,392,171.17242768623692
2022-07-21,2022,202,0,0.6883711218833923,0.19083276391029358,23.210000000000036,18.024519130161877,8.420848737444203,2.2586866106305803,0.0958725483139844,0.00863307489165166,6.274320602416992,265.7782897949219,398,40
2022-07-18,2022,199,0,0.7936191558837891,0.33135986328125,24.850000000000023,17.780962698800238,8.56618434361053,2.4787657601492747,0.11004687556827975,0.012053234112347155,11.732232093811035,123.067626953125,235,116.61903789690601
2022-07-20,2022,201,0,0.7354797124862671,0.22760891914367676,21.310000000000002,16.73799612862723,6.789300537109398,2.0784781319754466,0.10160955497826052,0.004692239296520739,1.1185184717178345,146.00726318359375,627,53.85164807134504
2022-07-22,2022,203,0,0.6755591630935669,0.19626794755458832,25.360000000000014,17.82244698660719,8.916946847098245,2.465233394077846,0.1088103027066083,0.012408820521915942,11.287006378173828,240.87965393066406,221,41.23105625617661
2022-07-19,2022,200,0,0.7283770442008972,0.2339121550321579,25.010000000000048,17.02613220214846,7.779973057338168,2.0505589076450894,0.12223720261658144,0.011359242332066088,2.6645467281341553,290.3549499511719,96,44.721359549995796
2022-07-19,2022,200,0,0.738486647605896,0.28032803535461426,24.100000000000023,18.438023594447543,8.566979980468773,2.150913783482143,0.09357800790871096,0.007840273511494189,23.75626564025879,12.932917594909668,275,70.71067811865476
2022-07-13,2022,194,0,0.5937449932098389,0.10064481943845749,26.77000000000004,16.271242850167425,6.589652361188655,2.0197835649762834,0.11831915089691591,0.007883933913792163,9.359179496765137,133.43382263183594,706,240
2022-07-19,2022,200,0,0.7042151093482971,0.19242902100086212,21.350000000000023,15.832506888253363,6.73986424037389,2.6166251046316966,0.11622377941215944,0.013612253201092273,11.651100158691406,48.1414680480957,778,116.61903789690601
2022-07-19,2022,200,0,0.7321428656578064,0.18594196438789368,20.230000000000018,17.243402099609398,7.123125784737738,2.113564763750349,0.09310960480774355,0.005768892896259814,9.969475746154785,214.02120971679688,575,64.03124237432849
2022-07-23,2022,204,0,0.8311880230903625,0.3292929530143738,20.950000000000045,16.815983799525668,8.064551653180843,2.830899919782366,0.11788223394955111,0.015549702179516345,20.219860076904297,19.103967666625977,325,30
2022-07-20,2022,201,0,0.619689404964447,0.16671277582645416,23.120000000000005,17.790222603934183,6.01617257254469,2.232942853655134,0.08325677821243715,0.0031405068755994137,5.418395519256592,53.32154846191406,746,28.284271247461902
2022-07-18,2022,199,0,0.7560520768165588,0.2755543291568756,16.99000000000001,17.243402099609398,7.123125784737738,2.113564763750349,0.09310960480774355,0.005768892896259814,6.006588935852051,0,737,22.360679774997898
2022-07-17,2022,198,0,0.8132888078689575,0.3229036331176758,18.83000000000004,15.927514648437523,6.6278276715959805,1.9604361397879464,0.11714695105160189,0.0075586266637692745,17.007593154907227,93.0336685180664,778,80
2022-07-20,2022,201,0,0.7999434471130371,0.2831321060657501,20.55000000000001,15.991967773437523,6.6635637555803555,2.003491537911551,0.11442511984909487,0.005651814472759753,5.594088554382324,41.95067596435547,754,127.27922061357856
2022-07-22,2022,203,0,0.7241379022598267,0.22332118451595306,20.810000000000002,17.066225760323675,7.3214311872209805,2.06927067892892,0.09966282257641268,0.0060819513917813595,9.84006118774414,109.06546783447266,574,67.0820393249937
2022-07-26,2022,207,0,0.8489429950714111,0.40731704235076904,22.150000000000034,15.932251412527933,5.9453260149275025,2.089989253452846,0.10942735979164553,0.004684669506634265,5.420383930206299,306.6627197265625,862,144.22205101855957
2022-07-21,2022,202,0,0.7922040224075317,0.32360535860061646,22.390000000000043,15.991967773437523,6.6635637555803555,2.003491537911551,0.11442511984909487,0.005651814472759753,7.952385902404785,249.65684509277344,642,72.11102550927978
2022-07-19,2022,200,0,0.623280942440033,0.15713323652744293,23.53000000000003,17.738379778180843,7.466385323660745,2.1639274869646346,0.0861577660759778,0.006771010887707263,3.2638251781463623,286.4910583496094,424,20
2022-07-20,2022,201,0,0.7402443885803223,0.2566048204898834,17.590000000000032,17.243402099609398,7.123125784737738,2.113564763750349,0.09310960480774355,0.005768892896259814,11.455391883850098,356.91058349609375,640,22.360679774997898
2022-07-21,2022,202,0,0.695543646812439,0.1574653685092926,24.05000000000001,16.238039725167425,6.48689967564178,2.0470902579171315,0.11564148673618746,0.005858195555294543,12.847881317138672,163.37100219726562,645,183.5755975068582
2022-07-18,2022,199,0,0.7548993825912476,0.3451288342475891,20.74000000000001,16.476423427036877,7.261134992327015,2.4287501743861606,0.10827190885151339,0.011806813609684497,17.246728897094727,278.9997863769531,594,110
2022-07-18,2022,199,0,0.7409113049507141,0.14219072461128235,23.590000000000032,17.920898873465433,7.928837803431918,2.209106581551688,0.1147559107264371,0.011009467375362902,14.908123016357422,325.1695861816406,257,107.70329614269008
2022-07-17,2022,198,0,0.7571825981140137,0.16772736608982086,25.210000000000036,16.435669381277933,6.499065290178578,2.048994473048619,0.1408561886271329,0.00769950224169591,12.826615333557129,354.48431396484375,780,142.12670403551894
2022-07-18,2022,199,0,0.5853407382965088,0.0032855216413736343,18.99000000000001,16.380083792550238,5.054262869698675,2.2964135578700473,0.0891688586195798,0.00622276736506322,14.115500450134277,164.92529296875,903,161.24515496597098
2022-07-26,2022,207,0,0.27143922448158264,-0.19060052931308746,26.560000000000002,17.370952497209828,7.52051696777346,2.23156806400844,0.10906076142395449,0.008748737704838305,21.92741584777832,160.9088134765625,414,122.06555615733703
2022-07-17,2022,198,0,0.4794016182422638,0.0036322742234915495,27.27000000000004,20.561114065987738,4.647892979213168,2.997225080217634,0.04614869961346102,0.001597581040943652,5.297649383544922,69.564453125,753,206.15528128088303
2022-07-26,2022,207,0,0.7180423736572266,0.23205867409706116,24.380000000000052,16.467457798549106,6.817688424246683,2.0048371723720004,0.12133226999844027,0.00972051693209508,24.161170959472656,119.1530990600586,666,114.0175425099138
2022-07-19,2022,200,0,0.822186291217804,0.3280297815799713,20.100000000000023,16.649401419503363,7.65455017089846,2.6171678815569197,0.11465388247574282,0.013819096219624072,12.67790412902832,226.8726806640625,665,184.39088914585773
2022-07-23,2022,204,0,0.8294625282287598,0.37199079990386963,21.54000000000002,16.960809326171898,5.0788338797433425,2.4072250638689314,0.09222134658897829,0.0052265800357709224,20.223705291748047,293.2951965332031,973,156.5247584249853
2022-07-24,2022,205,0,0.6629951000213623,0.13007183372974396,23.980000000000018,17.642622157505627,6.60388009207594,2.1380767822265625,0.08499169060791445,0.005089206230724841,3.1093826293945312,126.5832290649414,672,72.11102550927978
2022-07-31,2022,212,0,0.8051649332046509,0.3087385296821594,23.360000000000014,17.243402099609398,7.123125784737738,2.113564763750349,0.09310960480774355,0.005768892896259814,6.7939629554748535,132.79541015625,498,41.23105625617661
2022-07-30,2022,211,0,0.642724335193634,0.15296335518360138,20.410000000000025,15.904628644670765,4.9888636997768,2.2452474321637834,0.09471158394421053,0.0042975522399792965,6.0738043785095215,155.8932647705078,1107,101.9803902718557
2022-07-19,2022,200,0,0.6985352635383606,0.1645219773054123,21.190000000000055,16.841339547293558,7.207790265764515,2.0551301411220004,0.1214646668156476,0.010951323044384509,11.783783912658691,148.60081481933594,745,140
2022-07-18,2022,199,0,0.8239336609840393,0.35510772466659546,21.180000000000007,17.17839093889512,7.38982979910719,2.192629132952009,0.09532573530281496,0.008098197710598498,9.267241477966309,327.48724365234375,552,100
2022-07-23,2022,204,0,0.4685870409011841,0.03638429194688797,24.930000000000007,17.882873971121683,5.0876665387834805,2.5814901079450334,0.0677995056828351,0.004656849038685351,13.498443603515625,273.8666687011719,747,41.23105625617661
2022-07-17,2022,198,0,0.4236525297164917,-0.09115324914455414,23.53000000000003,16.239506748744418,5.11214381626678,2.2123560224260603,0.08942094156349611,0.006264639628017932,10.027776718139648,209.57786560058594,1083,191.049731745428
2022-07-19,2022,200,0,0.7810633778572083,0.2809816002845764,22.500000000000057,17.20182843889512,6.887355695452015,2.104668753487723,0.09098039278591585,0.00612804068335393,3.353715658187866,145.9675750732422,550,82.46211251235322
2022-07-17,2022,198,0,0.5097783803939819,-0.08869943767786026,24.090000000000032,16.960809326171898,5.0788338797433425,2.4072250638689314,0.09222134658897829,0.0052265800357709224,3.887038230895996,53.443687438964844,649,36.05551275463989
2022-07-20,2022,201,0,0.6433119773864746,0.09200198203325272,21.310000000000002,15.785758318219905,5.3125200544084805,2.1356588091169084,0.09988483497703982,0.004303989541615039,13.613308906555176,250.47479248046875,1128,80.62257748298549
2022-07-18,2022,199,0,0.7422339916229248,0.16585581004619598,25.77000000000004,16.841339547293558,7.207790265764515,2.0551301411220004,0.1214646668156476,0.010951323044384509,26.66246223449707,137.85791015625,134,116.61903789690601
2022-07-22,2022,203,0,0.6219207048416138,0.06542715430259705,26.970000000000027,17.785880388532405,4.90474635532928,2.654313768659319,0.06487929532135439,0.00388817263850072,7.242387294769287,309.56158447265625,838,210.2379604162864
2022-07-19,2022,200,0,0.6173548102378845,0.06140845641493797,23.430000000000007,18.951725987025668,6.45124206542971,2.316927228655134,0.07394437203014803,0.002837759983624011,4.491625785827637,223.8425750732422,734,180.27756377319946
2022-07-20,2022,201,0,0.7605968117713928,0.22107243537902832,22.05000000000001,17.20581970214846,8.029205758231058,2.243680681501116,0.11550031313503695,0.011647505295361071,7.962644100189209,110.3154296875,767,31.622776601683796
2022-07-22,2022,203,0,0.8743931651115417,0.3605683445930481,24.83000000000004,18.15882263183596,5.87872140066969,2.3043409075055803,0.07424747654999209,0.004197043907726794,0.7772080898284912,306.6299743652344,394,82.46211251235322
2022-07-23,2022,204,0,0.802778422832489,0.29219719767570496,20.650000000000034,16.652666800362738,6.3068568638393,2.076542445591518,0.09348451802338076,0.006831986439312487,1.9322717189788818,283.88116455078125,783,14.142135623730951
2022-07-31,2022,212,0,0.7380409836769104,0.2894878685474396,18.860000000000014,15.785758318219905,5.3125200544084805,2.1356588091169084,0.09988483497703982,0.004303989541615039,6.6159443855285645,110.42106628417969,1238,288.44410203711914
2022-07-18,2022,199,0,0.8231257200241089,0.3210963010787964,23.57000000000005,17.3910853794643,4.26164289202012,2.724486759730748,0.0619791419228406,0.003085879218662768,7.40464973449707,175.19003295898438,1016,60
2022-07-19,2022,200,0,0.785569965839386,0.30587902665138245,20.590000000000032,16.352862112862738,7.0442029680525025,1.9526933942522322,0.12005759486759615,0.009541717898930102,14.511241912841797,292.0401916503906,558,148.66068747318505
2022-07-17,2022,198,0,0.6242433786392212,0.19648794829845428,20.510000000000048,16.032172502790218,4.00137590680805,2.467210497174944,0.0898056001385541,0.00441479457625249,17.387252807617188,138.55447387695312,1187,214.7091055358389
2022-07-15,2022,196,0,0.696703314781189,0.16969697177410126,18.610000000000014,15.991967773437523,6.6635637555803555,2.003491537911551,0.11442511984909487,0.005651814472759753,6.133286476135254,348.2904052734375,901,100
2022-07-18,2022,199,0,0.5080426931381226,-0.04380188509821892,24.640000000000043,16.761204746791293,6.178338623046898,2.121303013392857,0.09569929251278353,0.003953201305950671,1.553920865058899,53.364295959472656,787,84.85281374238569
2022-07-19,2022,200,0,0.8730686902999878,0.37810423970222473,22.05000000000001,17.639692470005627,8.645819963727718,2.436959539140974,0.12164428541267824,0.01365224791773656,0.7793058753013611,306.515380859375,90,85.44003745317531
2022-07-18,2022,199,0,0.7971805930137634,0.2751704752445221,21.090000000000032,16.421186610630627,6.88185817173553,2.11712714603969,0.11052691647613955,0.009639484417522937,5.955362796783447,320.8863525390625,395,58.309518948453004
2022-07-18,2022,199,0,0.8594387769699097,0.36232563853263855,25.730000000000018,18.15882263183596,5.87872140066969,2.3043409075055803,0.07424747654999209,0.004197043907726794,1.867859125137329,318.1217956542969,392,44.721359549995796
2022-07-17,2022,198,0,0.6721968054771423,0.12639404833316803,25.940000000000055,15.898560006277933,6.1003858293806275,2.062178066798619,0.13370240935886812,0.00858993602999547,4.953084945678711,62.16212463378906,707,50
2022-07-18,2022,199,0,0.5576995015144348,-0.0011900545796379447,20.510000000000048,15.10717599051344,5.444946725027933,2.0857594353812083,0.12561757573688936,0.009454054367626696,10.542190551757812,87.50730895996094,1219,221.35943621178654
2022-07-17,2022,198,0,0.6635816693305969,0.17791612446308136,19.53000000000003,16.703321620396252,7.188714599609398,2.37738037109375,0.09608950922096682,0.008874801528538256,1.5263147354125977,204.31649780273438,495,41.23105625617661
2022-07-23,2022,204,0,0.6226948499679565,0.1557876020669937,18.27000000000004,15.785758318219905,5.3125200544084805,2.1356588091169084,0.09988483497703982,0.004303989541615039,10.992984771728516,0,1360,344.81879299133334
2022-07-21,2022,202,0,0.8101053237915039,0.3182501494884491,18.170000000000016,15.225211443219905,5.051995849609398,2.07891913822719,0.10332129606808138,0.007879105937565356,12.998308181762695,83.9619140625,1314,396.232255123179
2022-07-19,2022,200,0,0.6819797158241272,0.14631108939647675,20.850000000000023,17.180010550362738,6.842255074637308,2.0944955008370534,0.09318634578789187,0.004885715973461657,0,0,619,58.309518948453004
2022-07-22,2022,203,0,0.8233367204666138,0.3556272089481354,23.120000000000005,18.138835797991078,8.075420270647328,2.1342686244419644,0.09007125804031801,0.007289943826283007,6.258040904998779,94.23279571533203,414,50
2022-07-21,2022,202,0,0.8143439292907715,0.30379804968833923,21.950000000000045,16.83179626464846,5.8357439313616055,2.131262642996652,0.09130350956524325,0.005927575361813098,7.4699625968933105,86.46092987060547,545,113.13708498984761
2022-07-17,2022,198,0,0.8534159064292908,0.3687020540237427,22.850000000000023,17.20581970214846,8.029205758231058,2.243680681501116,0.11550031313503695,0.011647505295361071,3.423079013824463,246.04966735839844,602,60
2022-07-19,2022,200,0,0.6410014033317566,0.11438529938459396,21.670000000000016,16.362346540178578,7.0760938371931275,1.9518935339791434,0.12651017019356203,0.010971871745670825,10.756402969360352,233.3817596435547,1025,320.1562118716424
2022-07-21,2022,202,0,0.7154248356819153,0.2011110782623291,27.190000000000055,17.492286028180843,7.45795593261721,2.252199445452009,0.0881537617167325,0.007371333968723803,9.080924034118652,155.71566772460938,217,10
2022-07-18,2022,199,0,0.7132889032363892,0.2139325886964798,21.180000000000007,18.23281032017303,6.249588448660745,2.2227957589285716,0.07862619766796541,0.00402116550215581,3.4738857746124268,158.9580535888672,789,250.79872407968907
2022-07-17,2022,198,0,0.570514976978302,-0.0324016809463501,24.120000000000005,17.785880388532405,4.90474635532928,2.654313768659319,0.06487929532135439,0.00388817263850072,7.077916622161865,74.88568878173828,1064,245.15301344262525
2022-07-19,2022,200,0,0.5300426483154297,0.03286254033446312,18.410000000000025,16.356349836077015,5.218142264229925,2.175745827811105,0.09023511120880556,0.004003179800594836,18.477352142333984,125.54380798339844,1135,420.4759208325728
2022-07-14,2022,195,0,0.6260740756988525,0.11924789845943451,20.010000000000048,15.618341064453148,6.3350660051618775,1.908296993800572,0.12539456495846224,0.007481989991749316,13.549891471862793,95.78257751464844,1100,145.60219778561037
2022-07-15,2022,196,0,0.5998878479003906,0.12230949848890305,20.480000000000018,16.804801286969905,7.191459001813655,2.1432714462280273,0.10333884963596773,0.008924243581379443,4.993093013763428,22.116296768188477,511,10
2022-07-18,2022,199,0,0.6349072456359863,0.05675368756055832,19.83000000000004,17.240653337751155,7.86352364676344,2.1059068952287947,0.11005870709026766,0.009645400178516894,19.022441864013672,280.8251037597656,582,126.49110640673518
2022-07-17,2022,198,0,0.7669957876205444,0.2465830296278,22.880000000000052,16.210780988420765,6.179350062779065,2.3796960285731723,0.11584110269154024,0.0064858473659406,30.27163314819336,3.2332611083984375,994,502.19518117958876
2022-07-18,2022,199,0,0.7525496482849121,0.24761012196540833,21.58000000000004,17.73562883649555,7.91961495535719,2.185456003461565,0.10754537293518496,0.009304789435947924,5.547544956207275,0,396,120.83045973594572
2022-07-18,2022,199,0,0.6320952773094177,0.058851223438978195,18.150000000000034,16.032172502790218,4.00137590680805,2.467210497174944,0.0898056001385541,0.00441479457625249,32.9107666015625,15.641225814819336,1016,162.78820596099706
2022-07-19,2022,200,0,0.7735605835914612,0.27609410881996155,20.850000000000023,14.982744925362738,5.34496677943639,2.064554078238351,0.11071221241558504,0.009383989107693225,4.593394756317139,287.59149169921875,946,134.1640786499874
2022-07-19,2022,200,0,0.6377217769622803,0.11571765691041946,19.430000000000007,16.023076084681918,6.943268258231058,2.6536647251674106,0.11477151224220705,0.012776581180180102,13.348057746887207,256.1853332519531,582,90.55385138137417
2022-07-19,2022,200,0,0.7692753672599792,0.2891394793987274,25.910000000000025,17.765948050362738,6.29156319754469,2.18701171875,0.0845149130543561,0.003981036675060778,11.733996391296387,274.4698791503906,725,131.52946437965906
2022-07-20,2022,201,0,0.6941834092140198,0.15377962589263916,19.57000000000005,16.362346540178578,7.0760938371931275,1.9518935339791434,0.12651017019356203,0.010971871745670825,14.136150360107422,355.0401611328125,1103,347.1310991541957
2022-07-19,2022,200,0,0.8011133670806885,0.30087345838546753,19.430000000000007,18.23281032017303,6.249588448660745,2.2227957589285716,0.07862619766796541,0.00402116550215581,2.661888360977173,290.3761901855469,828,193.13207915827968
2022-07-17,2022,198,0,0.8633349537849426,0.3777965009212494,19.130000000000052,15.927514648437523,6.6278276715959805,1.9604361397879464,0.11714695105160189,0.0075586266637692745,17.187040328979492,353.9263610839844,679,94.33981132056603
2022-07-20,2022,201,0,0.8647280931472778,0.37994930148124695,17.390000000000043,16.804801286969905,7.191459001813655,2.1432714462280273,0.10333884963596773,0.008924243581379443,11.839107513427734,42.80928421020508,662,117.04699910719626
2022-07-17,2022,198,0,0.6583601236343384,0.2149587720632553,24.850000000000023,18.15882263183596,5.87872140066969,2.3043409075055803,0.07424747654999209,0.004197043907726794,16.288000106811523,184.27584838867188,528,111.80339887498948
2022-07-14,2022,195,0,0.6445709466934204,0.14966048300266266,20.450000000000045,16.226048496791293,6.254301234654065,2.0687577383858815,0.10702754268253756,0.003895176184261828,13.068306922912598,259.95953369140625,1119,152.64337522473747
2022-07-23,2022,204,0,0.6627286672592163,0.20377305150032043,19.27000000000004,16.023076084681918,6.943268258231058,2.6536647251674106,0.11477151224220705,0.012776581180180102,8.742673873901367,180,503,22.360679774997898
2022-07-19,2022,200,0,0.7381073236465454,0.28804364800453186,23.52000000000004,16.352862112862738,7.0442029680525025,1.9526933942522322,0.12005759486759615,0.009541717898930102,9.913965225219727,272.6542663574219,364,22.360679774997898
2022-07-21,2022,202,0,0.5447419881820679,0.05157848075032234,25.970000000000027,16.467457798549106,6.817688424246683,2.0048371723720004,0.12133226999844027,0.00972051693209508,13.458710670471191,54.90360641479492,656,221.35943621178654
2022-07-30,2022,211,0,0.6693803668022156,0.1280357837677002,21.190000000000055,16.226048496791293,6.254301234654065,2.0687577383858815,0.10702754268253756,0.003895176184261828,0.46373534202575684,0,613,240.83189157584593
2022-07-17,2022,198,0,0.813495397567749,0.3471357524394989,21.150000000000034,15.10717599051344,5.444946725027933,2.0857594353812083,0.12561757573688936,0.009454054367626696,17.38517951965332,126.48228454589844,934,67.0820393249937
2022-07-21,2022,202,0,0.8071586489677429,0.3276689052581787,21.810000000000002,18.438023594447543,8.566979980468773,2.150913783482143,0.09357800790871096,0.007840273511494189,2.6409592628479004,314.5789794921875,375,41.23105625617661
2022-07-23,2022,204,0,0.7452030777931213,0.3383459448814392,27.470000000000027,17.82244698660719,8.916946847098245,2.465233394077846,0.1088103027066083,0.012408820521915942,17.315908432006836,281.9869384765625,241,36.05551275463989
2022-07-17,2022,198,0,0.768304705619812,0.280804842710495,20.630000000000052,15.225211443219905,5.051995849609398,2.07891913822719,0.10332129606808138,0.007879105937565356,21.338788986206055,78.04268646240234,831,308.86890422961005
2022-07-15,2022,196,0,0.6293615698814392,0.11611893773078918,22.850000000000023,16.960809326171898,5.0788338797433425,2.4072250638689314,0.09222134658897829,0.0052265800357709224,13.10291576385498,280.0127258300781,994,56.568542494923804
2022-07-17,2022,198,0,0.7440840005874634,0.24572867155075073,18.810000000000002,14.490557425362738,4.3102486746652175,2.1507008416312083,0.105110657306561,0.008437780273045092,29.44274139404297,71.61112213134766,1132,340.147027033899
2022-07-21,2022,202,0,0.6300891637802124,0.13055254518985748,21.77000000000004,15.91493704659598,6.559939139229925,1.951559339250837,0.12275281259621096,0.0054524220348248775,4.945316791534424,130.90386962890625,1109,228.25424421026653
2022-07-21,2022,202,0,0.625943660736084,0.04466758295893669,24.710000000000036,15.904628644670765,4.9888636997768,2.2452474321637834,0.09471158394421053,0.0042975522399792965,11.404128074645996,147.4212188720703,963,169.70562748477138
2022-07-17,2022,198,0,0.6778196096420288,0.09330222010612488,26.58000000000004,19.76190011160719,5.4747384207589675,2.542659214564732,0.06361002931202364,0.0017627008081326778,7.770941257476807,33.865596771240234,397,28.284271247461902
2022-07-18,2022,199,0,0.5169616341590881,0.1175476685166359,24.980000000000018,17.882873971121683,5.0876665387834805,2.5814901079450334,0.0677995056828351,0.004656849038685351,6.464860916137695,180,769,14.142135623730951
2022-07-17,2022,198,0,0.5333165526390076,0.04774972423911095,26.230000000000018,16.356349836077015,5.218142264229925,2.175745827811105,0.09023511120880556,0.004003179800594836,8.055359840393066,86.72146606445312,794,80.62257748298549
2022-07-17,2022,198,0,0.7154092788696289,0.2615222632884979,17.880000000000052,14.473247419084828,4.822087315150668,2.092665127345494,0.1183821679076047,0.009998185169781237,14.966497421264648,357.65240478515625,1000,155.56349186104046
2022-07-18,2022,199,0,0.8570156693458557,0.35456958413124084,21.54000000000002,17.243402099609398,7.123125784737738,2.113564763750349,0.09310960480774355,0.005768892896259814,4.990738391876221,157.95065307617188,499,36.05551275463989
2022-07-19,2022,200,0,0.5853327512741089,0.0037157454062253237,25.510000000000048,15.898560006277933,6.1003858293806275,2.062178066798619,0.13370240935886812,0.00858993602999547,18.26176643371582,275.6305847167969,694,192.09372712298546
2022-07-24,2022,205,0,0.6559699177742004,0.1916137933731079,20.52000000000004,16.804801286969905,7.191459001813655,2.1432714462280273,0.10333884963596773,0.008924243581379443,0.9274099469184875,0,745,10
2022-07-17,2022,198,0,0.7415270209312439,0.300333708524704,20.600000000000023,15.10717599051344,5.444946725027933,2.0857594353812083,0.12561757573688936,0.009454054367626696,6.2592926025390625,94.23194122314453,1456,150
2022-07-17,2022,198,0,0.45751169323921204,-0.019952550530433655,22.920000000000016,14.490557425362738,4.3102486746652175,2.1507008416312083,0.105110657306561,0.008437780273045092,28.867565155029297,245.7268524169922,1527,502.19518117958876
2022-07-19,2022,200,0,0.7780272960662842,0.32220837473869324,23.29000000000002,17.738379778180843,7.466385323660745,2.1639274869646346,0.0861577660759778,0.006771010887707263,3.704791784286499,0,382,50
2022-07-15,2022,196,0,0.7259865999221802,0.18770281970500946,20.350000000000023,15.656651524135043,5.521694074358265,2.069855417524065,0.14238825151527834,0.0067050136447797115,11.261587142944336,347.302978515625,880,214.7091055358389
2022-07-23,2022,204,0,0.7360867857933044,0.31147539615631104,22.650000000000034,16.352862112862738,7.0442029680525025,1.9526933942522322,0.12005759486759615,0.009541717898930102,6.229196071624756,270,447,22.360679774997898
2022-07-29,2022,210,0,0.6464088559150696,0.1149810254573822,21.190000000000055,16.476423427036877,7.261134992327015,2.4287501743861606,0.10827190885151339,0.011806813609684497,10.5523681640625,197.0832977294922,859,305.28675044947494
2022-07-19,2022,200,0,0.7658056616783142,0.28723636269569397,24.27000000000004,17.639692470005627,8.645819963727718,2.436959539140974,0.12164428541267824,0.01365224791773656,7.479242324829102,236.29852294921875,229,20
2022-07-18,2022,199,0,0.751564085483551,0.2323979288339615,20.130000000000052,17.20182843889512,6.887355695452015,2.104668753487723,0.09098039278591585,0.00612804068335393,10.02475643157959,53.470890045166016,508,22.360679774997898
2022-07-19,2022,200,0,0.762736439704895,0.24194446206092834,17.28000000000003,16.118988473074808,7.05103454589846,2.592963082449777,0.11518378266895724,0.014010591042126208,16.053874969482422,278.0845642089844,516,44.721359549995796
2022-07-17,2022,198,0,0.6701484322547913,0.13654570281505585,23.410000000000025,18.15882263183596,5.87872140066969,2.3043409075055803,0.07424747654999209,0.004197043907726794,13.371281623840332,254.19273376464844,616,148.66068747318505
2022-07-18,2022,199,0,0.8074010014533997,0.29048019647598267,23.730000000000018,17.066225760323675,7.3214311872209805,2.06927067892892,0.09966282257641268,0.0060819513917813595,13.77862548828125,101.4219741821289,400,50
2022-07-18,2022,199,0,0.530234158039093,0.04114149883389473,23.27000000000004,16.467457798549106,6.817688424246683,2.0048371723720004,0.12133226999844027,0.00972051693209508,25.36049461364746,193.26095581054688,464,214.7091055358389
2022-07-22,2022,203,0,0.6286684274673462,0.09461378306150436,22.750000000000057,16.761204746791293,6.178338623046898,2.121303013392857,0.09569929251278353,0.003953201305950671,6.630117893218994,69.62493896484375,651,53.85164807134504
2022-07-19,2022,200,0,0.818335235118866,0.32011038064956665,21.710000000000036,17.492286028180843,7.45795593261721,2.252199445452009,0.0881537617167325,0.007371333968723803,8.637873649597168,46.16044998168945,386,86.02325267042627
2022-07-19,2022,200,0,0.8037875890731812,0.2779209315776825,24.230000000000018,17.634321376255627,7.995071847098245,2.1801321847098216,0.1049193114956708,0.009203983080471545,10.264122009277344,349.5238952636719,391,67.0820393249937
2022-07-21,2022,202,0,0.7173107266426086,0.17975693941116333,23.120000000000005,17.925964791434183,8.88572736467637,2.2675281252179826,0.12319117495621157,0.012926635873402148,8.419854164123535,201.63217163085938,431,90.55385138137417
2022-07-14,2022,195,0,0.46325886249542236,-0.015940917655825615,24.630000000000052,16.675554983956488,6.590356445312523,2.1494854518345425,0.1116089493950696,0.008074355852688342,3.4039857387542725,65.90648651123047,1357,813.203541556479
2022-07-18,2022,199,0,0.8037047386169434,0.282484769821167,24.58000000000004,19.8442103794643,4.760049438476585,2.7471793038504466,0.052842062803158285,0.0018942035556683834,17.661718368530273,48.62968826293945,740,90.55385138137417
2022-07-18,2022,199,0,0.6732339262962341,0.15644875168800354,21.840000000000032,16.761204746791293,6.178338623046898,2.121303013392857,0.09569929251278353,0.003953201305950671,4.732614040374756,113.02080535888672,924,28.284271247461902
2022-07-19,2022,200,0,0.7030434012413025,0.1442616730928421,23.370000000000005,16.467457798549106,6.817688424246683,2.0048371723720004,0.12133226999844027,0.00972051693209508,31.186243057250977,283.9274597167969,838,348.8552708502482
2022-07-19,2022,200,0,0.8107186555862427,0.3522031605243683,18.960000000000036,16.118988473074808,7.05103454589846,2.592963082449777,0.11518378266895724,0.014010591042126208,17.050373077392578,285.3021240234375,360,22.360679774997898
2022-07-23,2022,204,0,0.812045693397522,0.3550766706466675,22.970000000000027,16.352862112862738,7.0442029680525025,1.9526933942522322,0.12005759486759615,0.009541717898930102,14.343720436096191,296.30419921875,408,42.426406871192846
2022-07-19,2022,200,0,0.6797289848327637,0.21876560151576996,18.470000000000027,16.356349836077015,5.218142264229925,2.175745827811105,0.09023511120880556,0.004003179800594836,12.847819328308105,343.3719482421875,1176,443.846820423443
2022-07-14,2022,195,0,0.5991973876953125,0.10061182826757431,20.33000000000004,14.473247419084828,4.822087315150668,2.092665127345494,0.1183821679076047,0.009998185169781237,9.707402229309082,286.4922790527344,1271,197.2308292331602
2022-07-23,2022,204,0,0.7092931866645813,0.1502075046300888,23.27000000000004,17.765948050362738,6.29156319754469,2.18701171875,0.0845149130543561,0.003981036675060778,2.6620311737060547,249.62493896484375,728,110.45361017187261
2022-07-13,2022,194,0,0.642480194568634,0.11210361868143082,26.03000000000003,16.271242850167425,6.589652361188655,2.0197835649762834,0.11831915089691591,0.007883933913792163,6.495605945587158,157.53883361816406,422,148.66068747318505
2022-07-17,2022,198,0,0.5492105484008789,0.10607250779867172,23.930000000000007,16.915301077706488,7.028115844726585,2.186066355024065,0.12845819899643374,0.007631061208332568,20.460702896118164,222.47462463378906,808,161.24515496597098
2022-07-18,2022,199,0,0.8560786247253418,0.3728249669075012,23.710000000000036,17.572789219447543,8.123827689034613,2.333221435546875,0.10173397967422915,0.009794665110195666,18.0998477935791,236.9892120361328,294,90.55385138137417
2022-07-14,2022,195,0,0.7860900163650513,0.27500519156455994,22.900000000000034,14.982744925362738,5.34496677943639,2.064554078238351,0.11071221241558504,0.009383989107693225,2.671382427215576,69.69951629638672,951,123.6931687685298
2022-07-19,2022,200,0,0.7631903290748596,0.29238975048065186,23.170000000000016,18.024519130161877,8.420848737444203,2.2586866106305803,0.0958725483139844,0.00863307489165166,3.6408326625823975,59.41554260253906,403,64.03124237432849
2022-07-19,2022,200,0,0.8581020832061768,0.3505190312862396,17.500000000000057,17.17839093889512,7.38982979910719,2.192629132952009,0.09532573530281496,0.008098197710598498,15.943473815917969,195.5718231201172,744,130
2022-07-21,2022,202,0,0.6909688711166382,0.19047126173973083,28.610000000000014,17.925964791434183,8.88572736467637,2.2675281252179826,0.12319117495621157,0.012926635873402148,5.495147228240967,245.12344360351562,96,20
2022-07-18,2022,199,0,0.5943740010261536,0.10059046000242233,23.78000000000003,16.756289236886175,5.166840035574808,2.3800535202026367,0.08964302846992922,0.006064278614605456,13.26341724395752,292.1920471191406,913,101.9803902718557
2022-07-20,2022,201,0,0.5514375567436218,0.1113562136888504,27.250000000000057,20.284607369559183,4.674772426060315,2.8826424734933034,0.0480730504711957,0.0019169874311337765,7.858560562133789,355.4850769042969,709,178.88543819998318
2022-07-14,2022,195,0,0.6359457969665527,0.22275452315807343,20.27000000000004,16.867303466796898,7.154253714425238,2.3466971261160716,0.09144611367786837,0.008010712993229419,4.1001081466674805,142.2217559814453,652,150
2022-07-20,2022,201,0,0.7206535935401917,0.17836560308933258,21.950000000000045,18.9828822544643,4.983403233119418,2.72844968523298,0.05771241793240023,0.0033203042865643795,20.88896942138672,273.6478576660156,636,121.65525060596438
2022-07-18,2022,199,0,0.6140612959861755,0.13313740491867065,26.470000000000027,18.9828822544643,4.983403233119418,2.72844968523298,0.05771241793240023,0.0033203042865643795,21.334901809692383,76.82377624511719,521,222.03603311174518
2022-07-18,2022,199,0,0.5732202529907227,0.061688002198934555,26.890000000000043,17.738379778180843,7.466385323660745,2.1639274869646346,0.0861577660759778,0.006771010887707263,3.4757330417633057,158.87884521484375,305,30
2022-07-14,2022,195,0,0.7966676950454712,0.2787645757198334,16.150000000000034,16.451030622209828,6.778728376116078,2.1343957356044223,0.1140440524538846,0.009862152469242602,16.757404327392578,329.3361511230469,483,125.29964086141668
2022-07-21,2022,202,0,0.6025260090827942,0.10247891396284103,25.120000000000005,18.23281032017303,6.249588448660745,2.2227957589285716,0.07862619766796541,0.00402116550215581,11.384980201721191,216.49473571777344,546,110.45361017187261
2022-07-20,2022,201,0,0.7874953150749207,0.2973797619342804,23.170000000000016,17.780962698800238,8.56618434361053,2.4787657601492747,0.11004687556827975,0.012053234112347155,22.355335235595703,195.34329223632812,557,42.426406871192846
2022-07-17,2022,198,0,0.5176959037780762,0.03055860660970211,25.49000000000001,17.785880388532405,4.90474635532928,2.654313768659319,0.06487929532135439,0.00388817263850072,3.9875099658966064,110.38551330566406,979,145.60219778561037
2022-07-22,2022,203,0,0.6297798156738281,0.15613383054733276,20.090000000000032,16.435669381277933,6.499065290178578,2.048994473048619,0.1408561886271329,0.00769950224169591,23.608686447143555,0,884,392.0459156782532
2022-07-17,2022,198,0,0.4709096848964691,0.04736251384019852,21.360000000000014,15.225211443219905,5.051995849609398,2.07891913822719,0.10332129606808138,0.007879105937565356,17.35017204284668,141.00460815429688,1006,270
2022-07-21,2022,202,0,0.808626115322113,0.36900556087493896,22.360000000000014,18.025574166434183,9.20595267159598,2.7050012860979353,0.11650623092258883,0.01470464242705205,9.430956840515137,247.05654907226562,274,170
2022-07-20,2022,201,0,0.6347260475158691,0.10401488095521927,23.890000000000043,17.642622157505627,6.60388009207594,2.1380767822265625,0.08499169060791445,0.005089206230724841,0.778519332408905,53.4417610168457,621,14.142135623730951
2022-07-18,2022,199,0,0.8756672143936157,0.3927193582057953,20.890000000000043,17.243402099609398,7.123125784737738,2.113564763750349,0.09310960480774355,0.005768892896259814,11.630424499511719,311.9524230957031,503,90.55385138137417
2022-07-19,2022,200,0,0.6740177273750305,0.15454545617103577,22.370000000000005,16.421186610630627,6.88185817173553,2.11712714603969,0.11052691647613955,0.009639484417522937,5.652812480926514,274.6903991699219,549,22.360679774997898
2022-07-15,2022,196,0,0.8345590233802795,0.37798917293548584,21.670000000000016,17.20182843889512,6.887355695452015,2.104668753487723,0.09098039278591585,0.00612804068335393,1.5250824689865112,155.7862091064453,619,89.44271909999159
2022-07-18,2022,199,0,0.7663167119026184,0.27652662992477417,25.54000000000002,17.738379778180843,7.466385323660745,2.1639274869646346,0.0861577660759778,0.006771010887707263,12.342314720153809,182.86830139160156,343,53.85164807134504
2022-07-29,2022,210,0,0.6504985690116882,0.2904333770275116,17.950000000000045,15.991967773437523,6.6635637555803555,2.003491537911551,0.11442511984909487,0.005651814472759753,8.82873821258545,8.069695472717285,1051,284.42925306655786
2022-07-29,2022,210,0,0.8081035017967224,0.3216411769390106,17.600000000000023,17.164784458705356,7.649187796456488,2.0671866280691966,0.10317067513073397,0.0066325343967328365,17.475322723388672,330.93988037109375,363,50
2022-07-18,2022,199,0,0.42824602127075195,-0.055485814809799194,25.230000000000018,16.743057686941995,6.950993565150668,2.1759257997785295,0.11605636486614657,0.009288681280697375,34.119117736816406,120.90921783447266,748,233.23807579381202
2022-07-21,2022,202,0,0.7300390005111694,0.2811892628669739,18.710000000000036,16.118988473074808,7.05103454589846,2.592963082449777,0.11518378266895724,0.014010591042126208,6.317564010620117,323.53192138671875,689,156.20499351813308
2022-07-19,2022,200,0,0.7663361430168152,0.21233730018138885,25.860000000000014,17.765948050362738,6.29156319754469,2.18701171875,0.0845149130543561,0.003981036675060778,5.957027435302734,211.43357849121094,716,63.24555320336759
2022-07-17,2022,198,0,0.827534019947052,0.32718706130981445,18.430000000000007,17.194441005161877,7.749429321289085,2.0622406005859375,0.10622282037342501,0.007965547573650866,18.40513801574707,138.9414520263672,382,102.95630140987001
2022-07-18,2022,199,0,0.8443347811698914,0.3046489953994751,21.29000000000002,18.9828822544643,4.983403233119418,2.72844968523298,0.05771241793240023,0.0033203042865643795,15.530754089355469,258.23638916015625,631,148.66068747318505
2022-07-18,2022,199,0,0.7073944807052612,0.3150818943977356,20.49000000000001,17.164784458705356,7.649187796456488,2.0671866280691966,0.10317067513073397,0.0066325343967328365,17.32575225830078,343.7356262207031,522,63.24555320336759
2022-07-23,2022,204,0,0.7219167351722717,0.16657796502113342,23.77000000000004,16.392497907366078,5.6754590715681275,2.190321377345494,0.12164790639484835,0.00656415296801427,16.416893005371094,171.47344970703125,852,40
2022-07-19,2022,200,0,0.8421035408973694,0.37347841262817383,24.190000000000055,16.649401419503363,7.65455017089846,2.6171678815569197,0.11465388247574282,0.013819096219624072,6.922303199768066,0,337,20
2022-07-22,2022,203,0,0.729613721370697,0.28126800060272217,18.79000000000002,16.356349836077015,5.218142264229925,2.175745827811105,0.09023511120880556,0.004003179800594836,12.809090614318848,35.036930084228516,1213,412.31056256176606
2022-07-18,2022,199,0,0.7182353138923645,0.18824908137321472,22.950000000000045,18.138835797991078,8.075420270647328,2.1342686244419644,0.09007125804031801,0.007289943826283007,17.60123062133789,46.46022415161133,321,50
2022-07-14,2022,195,0,0.692169189453125,0.14101876318454742,21.07000000000005,17.20581970214846,8.029205758231058,2.243680681501116,0.11550031313503695,0.011647505295361071,8.14510440826416,322.3465576171875,728,22.360679774997898
2022-07-22,2022,203,0,0.8118022084236145,0.33546197414398193,22.500000000000057,16.703321620396252,7.188714599609398,2.37738037109375,0.09608950922096682,0.008874801528538256,2.1009745597839355,296.18426513671875,568,76.15773105863909
2022-07-17,2022,198,0,0.7480413317680359,0.2470560073852539,26.970000000000027,18.024519130161877,8.420848737444203,2.2586866106305803,0.0958725483139844,0.00863307489165166,6.08635950088501,247.6949920654297,341,28.284271247461902
2022-07-20,2022,201,0,0.6741481423377991,0.23082537949085236,19.49000000000001,17.882873971121683,5.0876665387834805,2.5814901079450334,0.0677995056828351,0.004656849038685351,14.10941219329834,132.548583984375,768,120
2022-07-14,2022,195,0,0.7324003577232361,0.23837412893772125,18.360000000000014,17.243402099609398,7.123125784737738,2.113564763750349,0.09310960480774355,0.005768892896259814,7.582910060882568,335.781494140625,544,31.622776601683796
2022-07-17,2022,198,0,0.76912522315979,0.26979637145996094,19.870000000000005,14.490557425362738,4.3102486746652175,2.1507008416312083,0.105110657306561,0.008437780273045092,10.325583457946777,158.89547729492188,984,170.29386365926402
2022-07-17,2022,198,0,0.5771842002868652,0.09983939677476883,18.420000000000016,15.927514648437523,6.6278276715959805,1.9604361397879464,0.11714695105160189,0.0075586266637692745,6.853270053863525,86.13850402832031,1171,404.5985664828782
2022-07-18,2022,199,0,0.6537805795669556,0.07144240289926529,22.850000000000023,16.841339547293558,7.207790265764515,2.0551301411220004,0.1214646668156476,0.010951323044384509,23.099430084228516,104.28189849853516,980,196.97715603592206
2022-07-18,2022,199,0,0.8340311050415039,0.323883593082428,23.390000000000043,16.83179626464846,5.8357439313616055,2.131262642996652,0.09130350956524325,0.005927575361813098,13.19875717163086,40.60098648071289,787,78.10249675906654
2022-07-18,2022,199,0,0.8079755902290344,0.3135684132575989,18.390000000000043,17.17839093889512,7.38982979910719,2.192629132952009,0.09532573530281496,0.008098197710598498,8.911966323852539,101.91519927978516,541,155.24174696260025
2022-07-17,2022,198,0,0.3210749626159668,-0.043359506875276566,26.910000000000025,20.548279244559183,4.51238839285719,3.127783639090402,0.046253246160397055,0.0013665534377942379,4.486820220947266,316.22161865234375,813,100
2022-07-18,2022,199,0,0.6646206974983215,0.28771084547042847,26.950000000000045,20.284607369559183,4.674772426060315,2.8826424734933034,0.0480730504711957,0.0019169874311337765,24.863605499267578,297.0077819824219,669,183.84776310850236
2022-07-18,2022,199,0,0.5989991426467896,0.1529044806957245,22.630000000000052,17.572789219447543,8.123827689034613,2.333221435546875,0.10173397967422915,0.009794665110195666,15.990094184875488,144.9957733154297,272,80
2022-07-29,2022,210,0,0.7058225870132446,0.1723019778728485,23.110000000000014,16.841339547293558,7.207790265764515,2.0551301411220004,0.1214646668156476,0.010951323044384509,11.162392616271973,225.7882080078125,656,340.58772731852804
2022-07-19,2022,200,0,0.548353374004364,0.10998937487602234,19.650000000000034,16.032172502790218,4.00137590680805,2.467210497174944,0.0898056001385541,0.00441479457625249,3.734555721282959,221.9262237548828,1393,292.7456233660889
2022-07-22,2022,203,0,0.4087112247943878,0.025346534326672554,26.710000000000036,19.8442103794643,4.760049438476585,2.7471793038504466,0.052842062803158285,0.0018942035556683834,6.217987537384033,85.73966979980469,743,72.11102550927978
2022-07-18,2022,199,0,0.8245004415512085,0.40435707569122314,21.390000000000043,16.362346540178578,7.0760938371931275,1.9518935339791434,0.12651017019356203,0.010971871745670825,12.701062202453613,293.2681884765625,676,121.65525060596438
2022-07-20,2022,201,0,0.6819730997085571,0.1404382437467575,21.630000000000052,17.243402099609398,7.123125784737738,2.113564763750349,0.09310960480774355,0.005768892896259814,1.557112693786621,126.54837799072266,657,22.360679774997898
2022-07-18,2022,199,0,0.7127450704574585,0.19221150875091553,24.340000000000032,17.492286028180843,7.45795593261721,2.252199445452009,0.0881537617167325,0.007371333968723803,5.724390029907227,118.97676086425781,340,31.622776601683796
2022-07-14,2022,195,0,0.8359388709068298,0.36765339970588684,23.610000000000014,15.94512547084264,6.670733206612738,2.4468165806361606,0.10979957589710665,0.01223318053492406,6.363897800445557,150.55833435058594,577,133.41664064126334
2022-07-18,2022,199,0,0.7210227251052856,0.1812770515680313,22.710000000000036,15.904628644670765,4.9888636997768,2.2452474321637834,0.09471158394421053,0.0042975522399792965,13.06413745880127,155.0786895751953,1001,148.66068747318505
2022-07-23,2022,204,0,0.8306174874305725,0.34303900599479675,24.230000000000018,16.649401419503363,7.65455017089846,2.6171678815569197,0.11465388247574282,0.013819096219624072,2.0972373485565186,63.765464782714844,395,90.55385138137417
2022-07-20,2022,201,0,0.8028382658958435,0.31461402773857117,20.260000000000048,17.20182843889512,6.887355695452015,2.104668753487723,0.09098039278591585,0.00612804068335393,5.4199724197387695,159.7806854248047,544,22.360679774997898
2022-07-20,2022,201,0,0.5478297472000122,0.11505767703056335,23.150000000000034,16.148272269112738,6.3522168840681275,2.0716488701956615,0.101591912003407,0.008433011901463061,4.212958812713623,188.5457305908203,680,10
2022-07-17,2022,198,0,0.7265486717224121,0.23235800862312317,21.33000000000004,17.738379778180843,7.466385323660745,2.1639274869646346,0.0861577660759778,0.006771010887707263,5.725135803222656,49.77018356323242,390,58.309518948453004
2022-07-21,2022,202,0,0.7548696398735046,0.29185107350349426,27.27000000000004,17.300125558035745,8.169488525390648,2.164153507777623,0.11906455168331576,0.011782092583263903,3.2523691654205322,286.5509338378906,161,120.41594578792296
2022-07-23,2022,204,0,0.5197568535804749,0.010724303312599659,21.190000000000055,17.38462873186387,7.319458443777933,2.140230587550572,0.11473644980991793,0.009864685666645556,20.810401916503906,16.603614807128906,1158,636.0031446463138
2022-07-21,2022,202,0,0.7255693078041077,0.31110695004463196,22.970000000000027,16.352862112862738,7.0442029680525025,1.9526933942522322,0.12005759486759615,0.009541717898930102,3.8596489429473877,283.883056640625,455,36.05551275463989
2022-07-19,2022,200,0,0.7660703063011169,0.2083110362291336,21.870000000000005,15.326573399135043,4.357681710379495,2.238800730024065,0.12027191826904726,0.005724323523129016,8.215509414672852,17.631746292114258,954,158.11388300841895
2022-07-21,2022,202,0,0.6718844175338745,0.1689750701189041,25.690000000000055,17.639692470005627,8.645819963727718,2.436959539140974,0.12164428541267824,0.01365224791773656,10.122382164001465,162.1871337890625,731,50
2022-07-17,2022,198,0,0.7054742574691772,0.11987129598855972,20.390000000000043,16.241193934849377,6.30179094587055,2.359327725001744,0.11344285020435763,0.007441890966976672,28.595195770263672,344.825439453125,763,651.9202405202648
2022-07-20,2022,201,0,0.7716243863105774,0.22743189334869385,22.930000000000007,16.226048496791293,6.254301234654065,2.0687577383858815,0.10702754268253756,0.003895176184261828,3.7567286491394043,350.4482421875,691,60
2022-07-14,2022,195,0,0.7102473378181458,0.15919850766658783,24.670000000000016,18.159842790876155,8.462662179129495,2.1851109095982144,0.09724408099258852,0.008591083419407397,1.957218050956726,161.33319091796875,342,106.3014581273465
2022-07-20,2022,201,0,0.6682223081588745,0.19902794063091278,23.970000000000027,17.920898873465433,7.928837803431918,2.209106581551688,0.1147559107264371,0.011009467375362902,12.651912689208984,104.61930084228516,56,100
2022-07-17,2022,198,0,0.7621890306472778,0.2747885584831238,20.470000000000027,15.656651524135043,5.521694074358265,2.069855417524065,0.14238825151527834,0.0067050136447797115,30.35813331604004,103.58689880371094,689,316.2277660168379
2022-07-19,2022,200,0,0.7944003939628601,0.26461130380630493,19.28000000000003,17.058971296037953,6.967503574916293,2.1155876432146346,0.09218728253448916,0.007409317028606921,6.216367244720459,233.52569580078125,743,42.426406871192846
2022-07-22,2022,203,0,0.684935450553894,0.17181208729743958,19.390000000000043,14.473247419084828,4.822087315150668,2.092665127345494,0.1183821679076047,0.009998185169781237,3.475860357284546,21.1265926361084,931,110.45361017187261
2022-07-17,2022,198,0,0.7422869205474854,0.23998436331748962,17.210000000000036,16.241193934849377,6.30179094587055,2.359327725001744,0.11344285020435763,0.007441890966976672,23.279142379760742,355.6128234863281,963,439.089968002003
2022-07-18,2022,199,0,0.7841688394546509,0.25017592310905457,20.850000000000023,17.765948050362738,6.29156319754469,2.18701171875,0.0845149130543561,0.003981036675060778,7.792599201202393,72.79940032958984,793,70.71067811865476
2022-07-30,2022,211,0,0.7212418913841248,0.16213205456733704,25.260000000000048,16.87475411551344,7.053238351004495,2.1842265810285295,0.12200803765858126,0.008512539398754626,19.33003044128418,352.8255615234375,613,240.20824298928628
2022-07-15,2022,196,0,0.8299963474273682,0.31591254472732544,24.05000000000001,16.078735787527933,5.869583565848245,2.1831812177385603,0.10864938506687594,0.006200221908176928,16.13913917541504,307.9769592285156,866,147.648230602334
2022-07-26,2022,207,0,0.7332170605659485,0.22489216923713684,21.220000000000027,16.199770682198675,6.63018406459264,2.045381954738072,0.11041785487736178,0.004921583068455249,9.266583442687988,19.515954971313477,689,120
2022-07-17,2022,198,0,0.6105579137802124,0.06898598372936249,23.82000000000005,14.473247419084828,4.822087315150668,2.092665127345494,0.1183821679076047,0.009998185169781237,2.5477242469787598,100.48065185546875,1180,226.27416997969522
2022-07-19,2022,200,0,0.7855775356292725,0.30025744438171387,22.850000000000023,16.69216090611053,7.335632760184183,2.4207632882254466,0.10711283692921114,0.011083406937206775,9.026301383972168,235.91201782226562,506,50
2022-07-18,2022,199,0,0.6566845178604126,0.1801462471485138,16.590000000000032,14.490557425362738,4.3102486746652175,2.1507008416312083,0.105110657306561,0.008437780273045092,17.563251495361328,255.1837158203125,1296,561.426753904728
2022-07-20,2022,201,0,0.8366534113883972,0.2970257103443146,19.010000000000048,15.832506888253363,6.73986424037389,2.6166251046316966,0.11622377941215944,0.013612253201092273,9.360397338867188,87.18553924560547,789,110.45361017187261
2022-07-26,2022,207,0,0.7176772952079773,0.2209312915802002,19.150000000000034,16.69216090611053,7.335632760184183,2.4207632882254466,0.10711283692921114,0.011083406937206775,25.739423751831055,214.6514892578125,340,130.384048104053
2022-07-18,2022,199,0,0.7004950642585754,0.17102713882923126,18.260000000000048,16.73799612862723,6.789300537109398,2.0784781319754466,0.10160955497826052,0.004692239296520739,12.828417778015137,286.5199890136719,764,56.568542494923804
2022-07-17,2022,198,0,0.7993960380554199,0.3211265206336975,21.310000000000002,17.164784458705356,7.649187796456488,2.0671866280691966,0.10317067513073397,0.0066325343967328365,9.612615585327148,295.4744873046875,517,31.622776601683796
2022-07-18,2022,199,0,0.6789226531982422,0.19046376645565033,23.77000000000004,17.925964791434183,8.88572736467637,2.2675281252179826,0.12319117495621157,0.012926635873402148,17.136661529541016,175.94189453125,418,156.5247584249853
2022-07-21,2022,202,0,0.5868532061576843,0.13137245178222656,20.960000000000036,18.23281032017303,6.249588448660745,2.2227957589285716,0.07862619766796541,0.00402116550215581,9.81976318359375,169.11582946777344,1024,346.6987164671943
2022-07-14,2022,195,0,0.7322315573692322,0.2528662383556366,18.470000000000027,16.69216090611053,7.335632760184183,2.4207632882254466,0.10711283692921114,0.011083406937206775,20.42767333984375,301.43695068359375,378,218.40329667841556
2022-07-18,2022,199,0,0.7028347849845886,0.22464486956596375,23.420000000000016,17.031579589843773,7.504700142996683,2.2916761125837053,0.09812707910145235,0.008678627741421252,2.342484474182129,233.58824157714844,634,116.61903789690601
2022-07-17,2022,198,0,0.47799593210220337,-0.0226102527230978,22.79000000000002,18.15882263183596,5.87872140066969,2.3043409075055803,0.07424747654999209,0.004197043907726794,21.75387954711914,280.5184020996094,624,139.2838827718412
2022-07-17,2022,198,0,0.7559539675712585,0.21299029886722565,19.810000000000002,17.240653337751155,7.86352364676344,2.1059068952287947,0.11005870709026766,0.009645400178516894,9.83937931060791,109.0668716430664,327,63.24555320336759
2022-07-17,2022,198,0,0.618398129940033,0.09807919710874557,19.04000000000002,15.785758318219905,5.3125200544084805,2.1356588091169084,0.09988483497703982,0.004303989541615039,3.730010509490967,41.84819793701172,1195,78.10249675906654
2022-07-18,2022,199,0,0.6873072385787964,0.17615504562854767,20.870000000000005,16.148272269112738,6.3522168840681275,2.0716488701956615,0.101591912003407,0.008433011901463061,4.468665599822998,34.051631927490234,955,226.71568097509268
2022-07-17,2022,198,0,0.8664860129356384,0.3752647340297699,21.29000000000002,16.392497907366078,5.6754590715681275,2.190321377345494,0.12164790639484835,0.00656415296801427,19.1120662689209,282.1352844238281,970,202.23748416156684
2022-07-18,2022,199,0,0.7268935441970825,0.2910434603691101,19.630000000000052,16.69216090611053,7.335632760184183,2.4207632882254466,0.10711283692921114,0.011083406937206775,2.2391316890716553,325.8955078125,428,76.15773105863909
2022-07-18,2022,199,0,0.5585300326347351,0.03952828049659729,23.310000000000002,16.87475411551344,7.053238351004495,2.1842265810285295,0.12200803765858126,0.008512539398754626,14.757769584655762,134.96652221679688,386,141.4213562373095
2022-07-18,2022,199,0,0.5470563769340515,0.05846218392252922,18.870000000000005,15.10717599051344,5.444946725027933,2.0857594353812083,0.12561757573688936,0.009454054367626696,11.00998592376709,356.77593994140625,1049,193.13207915827968
2022-07-19,2022,200,0,0.5506633520126343,0.04923703148961067,20.230000000000018,16.148272269112738,6.3522168840681275,2.0716488701956615,0.101591912003407,0.008433011901463061,6.077138423919678,67.65904998779297,964,72.11102550927978
2022-07-18,2022,199,0,0.7049168348312378,0.16813454031944275,20.510000000000048,16.83179626464846,5.8357439313616055,2.131262642996652,0.09130350956524325,0.005927575361813098,12.345624923706055,94.24151611328125,811,183.84776310850236
2022-07-21,2022,202,0,0.8427373766899109,0.357475221157074,22.33000000000004,16.649401419503363,7.65455017089846,2.6171678815569197,0.11465388247574282,0.013819096219624072,13.996467590332031,123.50519561767578,502,190
2022-07-17,2022,198,0,0.7231314182281494,0.20111671090126038,22.720000000000027,17.765948050362738,6.29156319754469,2.18701171875,0.0845149130543561,0.003981036675060778,2.9769318103790283,321.0958251953125,834,60
2022-07-20,2022,201,0,0.7859270572662354,0.2936863899230957,20.930000000000007,15.898560006277933,6.1003858293806275,2.062178066798619,0.13370240935886812,0.00858993602999547,26.21919059753418,345.8520812988281,560,152.97058540778355
2022-07-29,2022,210,0,0.7267950773239136,0.16916996240615845,22.090000000000032,17.20581970214846,8.029205758231058,2.243680681501116,0.11550031313503695,0.011647505295361071,12.492227554321289,147.16653442382812,893,183.84776310850236
2022-07-13,2022,194,0,0.8214370012283325,0.39431142807006836,21.150000000000034,15.927514648437523,6.6278276715959805,1.9604361397879464,0.11714695105160189,0.0075586266637692745,14.199893951416016,352.5666809082031,418,41.23105625617661
2022-07-15,2022,196,0,0.8517282605171204,0.33379119634628296,27.730000000000018,18.024519130161877,8.420848737444203,2.2586866106305803,0.0958725483139844,0.00863307489165166,7.073563098907471,147.98944091796875,334,20
2022-07-21,2022,202,0,0.744434118270874,0.22404809296131134,18.05000000000001,14.982744925362738,5.34496677943639,2.064554078238351,0.11071221241558504,0.009383989107693225,7.4171953201293945,323.9256591796875,808,194.164878389476
2022-07-26,2022,207,0,0.7326234579086304,0.26012274622917175,23.090000000000032,17.240653337751155,7.86352364676344,2.1059068952287947,0.11005870709026766,0.009645400178516894,7.410154342651367,215.99868774414062,324,72.80109889280519
2022-07-19,2022,200,0,0.7734943628311157,0.3276345729827881,19.33000000000004,15.999758475167425,6.386468505859398,2.021802084786551,0.11650603720749331,0.004283455741489917,12.803398132324219,73.44564819335938,714,28.284271247461902
2022-07-19,2022,200,0,0.5922403931617737,0.05263157933950424,20.860000000000014,16.83179626464846,5.8357439313616055,2.131262642996652,0.09130350956524325,0.005927575361813098,17.393672943115234,240.59927368164062,733,313.0495168499706
2022-07-30,2022,211,0,0.7746521234512329,0.2677578926086426,20.250000000000057,16.451030622209828,6.778728376116078,2.1343957356044223,0.1140440524538846,0.009862152469242602,8.891902923583984,114.44845581054688,751,31.622776601683796
2022-07-19,2022,200,0,0.790450930595398,0.2344597429037094,28.510000000000048,17.40838448660719,7.95094996861053,2.2050281252179826,0.11844499120319796,0.011537370812977343,8.497063636779785,60.81782913208008,61,41.23105625617661
2022-07-31,2022,212,0,0.7996653318405151,0.31655919551849365,18.810000000000002,15.785758318219905,5.3125200544084805,2.1356588091169084,0.09988483497703982,0.004303989541615039,7.9693145751953125,121.35511016845703,1215,245.15301344262525
2022-07-23,2022,204,0,0.7626911401748657,0.34374186396598816,22.99000000000001,17.194441005161877,7.749429321289085,2.0622406005859375,0.10622282037342501,0.007965547573650866,20.736013412475586,221.55909729003906,286,110.45361017187261
2022-07-20,2022,201,0,0.7221189141273499,0.21937157213687897,25.110000000000014,16.467457798549106,6.817688424246683,2.0048371723720004,0.12133226999844027,0.00972051693209508,23.782743453979492,290.4236755371094,388,84.85281374238569
2022-07-18,2022,199,0,0.7869616746902466,0.313455194234848,19.850000000000023,15.999758475167425,6.386468505859398,2.021802084786551,0.11650603720749331,0.004283455741489917,14.992002487182617,309.39752197265625,769,89.44271909999159
2022-07-18,2022,199,0,0.8227537870407104,0.3371220529079437,22.810000000000002,17.194441005161877,7.749429321289085,2.0622406005859375,0.10622282037342501,0.007965547573650866,9.646463394165039,180,483,84.85281374238569
2022-07-20,2022,201,0,0.6905995607376099,0.12957467138767242,26.960000000000036,15.898560006277933,6.1003858293806275,2.062178066798619,0.13370240935886812,0.00858993602999547,28.602468490600586,259.7394714355469,457,201.24611797498108
2022-07-17,2022,198,0,0.7617654800415039,0.2323146015405655,20.950000000000045,16.352862112862738,7.0442029680525025,1.9526933942522322,0.12005759486759615,0.009541717898930102,15.408987998962402,81.5565414428711,705,70.71067811865476
2022-07-14,2022,195,0,0.7548267245292664,0.20742636919021606,22.810000000000002,16.271242850167425,6.589652361188655,2.0197835649762834,0.11831915089691591,0.007883933913792163,16.683794021606445,19.05376434326172,718,85.44003745317531
2022-07-23,2022,204,0,0.8026126623153687,0.31254422664642334,24.230000000000018,16.649401419503363,7.65455017089846,2.6171678815569197,0.11465388247574282,0.013819096219624072,7.9318437576293945,350.9565124511719,374,121.65525060596438
2022-07-17,2022,198,0,0.676885724067688,0.16391269862651825,19.74000000000001,15.999758475167425,6.386468505859398,2.021802084786551,0.11650603720749331,0.004283455741489917,8.417304039001465,158.4122772216797,920,70.71067811865476
2022-07-18,2022,199,0,0.7815384864807129,0.2967525124549866,22.510000000000048,18.138835797991078,8.075420270647328,2.1342686244419644,0.09007125804031801,0.007289943826283007,6.950095176696777,354.8492431640625,306,58.309518948453004
2022-07-26,2022,207,0,0.7686951756477356,0.285952627658844,22.360000000000014,15.932251412527933,5.9453260149275025,2.089989253452846,0.10942735979164553,0.004684669506634265,1.11729097366333,146.1007537841797,839,41.23105625617661
2022-07-18,2022,199,0,0.6275636553764343,0.07767722755670547,25.79000000000002,17.925964791434183,8.88572736467637,2.2675281252179826,0.12319117495621157,0.012926635873402148,11.416172981262207,147.32418823242188,284,31.622776601683796
2022-07-15,2022,196,0,0.6409022808074951,0.0702376738190651,20.640000000000043,15.10717599051344,5.444946725027933,2.0857594353812083,0.12561757573688936,0.009454054367626696,6.700934410095215,139.27000427246094,916,50
2022-07-15,2022,196,0,0.6739562749862671,0.22950024902820587,15.870000000000005,15.10717599051344,5.444946725027933,2.0857594353812083,0.12561757573688936,0.009454054367626696,6.922303199768066,0,1399,210.95023109728987
2022-07-17,2022,198,0,0.6453738212585449,0.10461538285017014,26.390000000000043,19.05877511160719,4.806048148018988,2.8036210196358815,0.054772180410274984,0.0026038117528806026,12.269824981689453,206.7236785888672,707,125.29964086141668
2022-07-20,2022,201,0,0.7400661110877991,0.266044557094574,17.090000000000032,16.199770682198675,6.63018406459264,2.045381954738072,0.11041785487736178,0.004921583068455249,6.3555707931518555,330.6927185058594,929,143.17821063276352
2022-07-18,2022,199,0,0.7293286323547363,0.24056094884872437,20.250000000000057,15.999758475167425,6.386468505859398,2.021802084786551,0.11650603720749331,0.004283455741489917,15.635337829589844,147.00149536132812,889,101.9803902718557
2022-07-17,2022,198,0,0.7533692717552185,0.2859967052936554,19.870000000000005,14.473247419084828,4.822087315150668,2.092665127345494,0.1183821679076047,0.009998185169781237,2.6401915550231934,225.40457153320312,1105,10
2022-07-18,2022,199,0,0.6545976400375366,0.1384282410144806,26.53000000000003,19.466420200892856,6.037201363699808,2.3747340611049106,0.07424772986973238,0.0016617901445279415,4.346872329711914,196.60035705566406,648,158.11388300841895
2022-07-18,2022,199,0,0.6506938934326172,0.1768115907907486,25.880000000000052,17.738379778180843,7.466385323660745,2.1639274869646346,0.0861577660759778,0.006771010887707263,5.184023857116699,237.63746643066406,377,44.721359549995796
2022-07-17,2022,198,0,0.5130513906478882,0.036766715347766876,22.700000000000045,19.02856052943639,5.47772042410719,2.5981837681361606,0.060915243717083456,0.0031509078861127193,6.038318634033203,185.89794921875,845,90.55385138137417
2022-07-17,2022,198,0,0.6892508268356323,0.14688828587532043,22.630000000000052,17.790222603934183,6.01617257254469,2.232942853655134,0.08325677821243715,0.0031405068755994137,4.490598201751709,43.8288688659668,750,280.178514522438
2022-07-18,2022,199,0,0.8080478310585022,0.30520331859588623,25.99000000000001,18.159842790876155,8.462662179129495,2.1851109095982144,0.09724408099258852,0.008591083419407397,11.891845703125,278.84381103515625,97,50
2022-07-23,2022,204,0,0.6846517324447632,0.21177133917808533,22.49000000000001,15.788703264508968,5.265392194475453,2.1928979328700473,0.11449512550438357,0.007425529491985827,12.123759269714355,145.98837280273438,896,30
2022-07-23,2022,204,0,0.5625069737434387,0.09470868855714798,23.05000000000001,15.788703264508968,5.265392194475453,2.1928979328700473,0.11449512550438357,0.007425529491985827,20.723960876464844,281.10076904296875,706,31.622776601683796
2022-07-18,2022,199,0,0.762077271938324,0.25757843255996704,18.480000000000018,17.058971296037953,6.967503574916293,2.1155876432146346,0.09218728253448916,0.007409317028606921,6.133984088897705,191.7412109375,575,22.360679774997898
2022-07-15,2022,196,1,0.4129844605922699,-0.08308339864015579,26.390000000000043,19.466420200892856,6.037201363699808,2.3747340611049106,0.07424772986973238,0.0016617901445279415,2.326693296432495,126.69941711425781,424,114.0175425099138
2022-07-17,2022,198,1,0.4846551716327667,0.13282965123653412,17.630000000000052,14.933916800362738,4.599559674944203,2.184248379298619,0.10851540872658205,0.008083281648243457,4.396336078643799,96.04315185546875,1561,463.89654018972806
2022-07-17,2022,198,1,0.6636687517166138,0.1923241913318634,26.850000000000023,19.466420200892856,6.037201363699808,2.3747340611049106,0.07424772986973238,0.0016617901445279415,6.0382208824157715,67.50606536865234,534,50.99019513592785
2022-07-18,2022,199,1,0.5589966177940369,0.0602358877658844,26.250000000000057,18.951725987025668,6.45124206542971,2.316927228655134,0.07394437203014803,0.002837759983624011,8.153242111206055,147.93142700195312,466,56.568542494923804
2022-07-23,2022,204,1,0.6254785656929016,0.10769029706716537,21.920000000000016,14.490557425362738,4.3102486746652175,2.1507008416312083,0.105110657306561,0.008437780273045092,8.532576560974121,108.8859634399414,1222,646.2197768561405
2022-07-19,2022,200,1,0.5224767327308655,-0.004169016610831022,26.110000000000014,18.951725987025668,6.45124206542971,2.316927228655134,0.07394437203014803,0.002837759983624011,1.5523039102554321,306.68011474609375,370,114.0175425099138
2022-07-30,2022,211,1,0.7309357523918152,0.23796232044696808,22.54000000000002,17.02613220214846,7.779973057338168,2.0505589076450894,0.12223720261658144,0.011359242332066088,17.649269104003906,95.8403549194336,456,100
2022-07-15,2022,196,1,0.6053809523582458,0.06313563138246536,29.180000000000007,19.466420200892856,6.037201363699808,2.3747340611049106,0.07424772986973238,0.0016617901445279415,1.1167271137237549,146.14382934570312,422,113.13708498984761
2022-07-17,2022,198,1,0.4602416753768921,-0.08690589666366577,26.110000000000014,18.951725987025668,6.45124206542971,2.316927228655134,0.07394437203014803,0.002837759983624011,0.7762944102287292,53.31987762451172,379,158.11388300841895
2022-07-30,2022,211,1,0.5242399573326111,0.03470379859209061,22.650000000000034,18.159842790876155,8.462662179129495,2.1851109095982144,0.09724408099258852,0.008591083419407397,12.56347942352295,223.416748046875,375,151.32745950421557
2022-07-19,2022,200,1,0.5784372091293335,0.1040133535861969,17.250000000000057,14.933916800362738,4.599559674944203,2.184248379298619,0.10851540872658205,0.008083281648243457,21.642976760864258,215.32115173339844,1416,284.2534080710379
2022-07-24,2022,205,1,0.4896364212036133,0.049808427691459656,16.960000000000036,16.380083792550238,5.054262869698675,2.2964135578700473,0.0891688586195798,0.00622276736506322,11.040465354919434,37.98453903198242,1422,320.1562118716424
2022-07-21,2022,202,1,0.5515234470367432,0.07892639189958572,19.99000000000001,14.933916800362738,4.599559674944203,2.184248379298619,0.10851540872658205,0.008083281648243457,2.4002127647399902,344.90283203125,1442,276.5863337187866
2022-07-18,2022,199,1,0.5274207592010498,0.07732561230659485,17.060000000000002,14.933916800362738,4.599559674944203,2.184248379298619,0.10851540872658205,0.008083281648243457,13.109055519104004,259.9921875,1538,413.03752856126766
2022-07-17,2022,198,1,0.5761947631835938,0.13189448416233063,17.250000000000057,14.933916800362738,4.599559674944203,2.184248379298619,0.10851540872658205,0.008083281648243457,18.73959732055664,69.030517578125,1232,294.10882339705483
2022-07-18,2022,199,1,0.7518987059593201,0.21120186150074005,17.210000000000036,14.933916800362738,4.599559674944203,2.184248379298619,0.10851540872658205,0.008083281648243457,31.841323852539062,167.81813049316406,1315,522.398315464359
2022-07-18,2022,199,1,0.5813623666763306,0.2135797142982483,17.110000000000014,14.933916800362738,4.599559674944203,2.184248379298619,0.10851540872658205,0.008083281648243457,9.724333763122559,7.325320243835449,1628,440.1136216933077
2022-07-17,2022,198,1,0.6539017558097839,0.14362812042236328,24.910000000000025,16.437343488420765,6.46104474748887,2.1980641228812083,0.1318658561428876,0.0066546477199445064,25.39846420288086,310.3744812011719,496,58.309518948453004
2022-07-18,2022,199,1,0.5355191230773926,-0.014282134361565113,22.170000000000016,14.490557425362738,4.3102486746652175,2.1507008416312083,0.105110657306561,0.008437780273045092,15.007513046264648,77.79930114746094,1404,672.0863039818621
2022-07-19,2022,200,1,0.5234731435775757,0.05552778020501137,26.52000000000004,19.182020350865002,6.271330043247815,2.436981201171875,0.06714902529324007,0.0029534078956494625,6.494266986846924,174.52218627929688,561,116.61903789690601
2022-07-17,2022,198,1,0.5119215250015259,-0.010689783841371536,19.79000000000002,16.380083792550238,5.054262869698675,2.2964135578700473,0.0891688586195798,0.00622276736506322,24.098976135253906,174.3977508544922,1082,615.8733636065128
2022-07-15,2022,196,1,0.6693381071090698,0.19579173624515533,19.870000000000005,16.437343488420765,6.46104474748887,2.1980641228812083,0.1318658561428876,0.0066546477199445064,21.50594711303711,350.39483642578125,1038,63.24555320336759
2022-07-14,2022,195,1,0.6560747623443604,0.10059737414121628,23.99000000000001,17.920898873465433,7.928837803431918,2.209106581551688,0.1147559107264371,0.011009467375362902,18.708690643310547,306.6918029785156,167,67.0820393249937
2022-07-21,2022,202,1,0.5974324941635132,0.12876686453819275,20.05000000000001,14.933916800362738,4.599559674944203,2.184248379298619,0.10851540872658205,0.008083281648243457,20.73713493347168,112.63150024414062,1174,41.23105625617661
2022-07-14,2022,195,1,0.737500011920929,0.2476540207862854,23.57000000000005,17.920898873465433,7.928837803431918,2.209106581551688,0.1147559107264371,0.011009467375362902,15.919659614562988,335.2384948730469,127,130.384048104053
2022-07-20,2022,201,1,0.5542997717857361,0.09183160215616226,19.090000000000032,14.933916800362738,4.599559674944203,2.184248379298619,0.10851540872658205,0.008083281648243457,8.666025161743164,25.474851608276367,1457,340.58772731852804
2022-07-20,2022,201,1,0.6727675199508667,0.10298693925142288,25.610000000000014,19.182020350865002,6.271330043247815,2.436981201171875,0.06714902529324007,0.0029534078956494625,10.122087478637695,245.91835021972656,599,142.12670403551894
2022-07-17,2022,198,1,0.5806797742843628,0.035387858748435974,18.440000000000055,14.933916800362738,4.599559674944203,2.184248379298619,0.10851540872658205,0.008083281648243457,34.413143157958984,261.1646728515625,1260,564.6237685397241
2022-07-13,2022,194,1,0.6620795130729675,0.14154848456382751,24.32000000000005,16.841339547293558,7.207790265764515,2.0551301411220004,0.1214646668156476,0.010951323044384509,13.225162506103516,329.4302062988281,380,14.142135623730951
2022-07-18,2022,199,1,0.5154483914375305,0.03726193681359291,25.27000000000004,19.182020350865002,6.271330043247815,2.436981201171875,0.06714902529324007,0.0029534078956494625,4.347194671630859,196.61465454101562,582,164.01219466856728
2022-07-14,2022,195,1,0.7517537474632263,0.26388365030288696,22.630000000000052,17.920898873465433,7.928837803431918,2.209106581551688,0.1147559107264371,0.011009467375362902,8.21054458618164,342.4790954589844,220,120.83045973594572
2022-07-17,2022,198,1,0.7372530102729797,0.3799838721752167,24.590000000000032,19.466420200892856,6.037201363699808,2.3747340611049106,0.07424772986973238,0.0016617901445279415,16.698963165283203,336.537841796875,598,114.0175425099138
2022-07-20,2022,201,1,0.5007507801055908,0.013948770239949226,23.880000000000052,19.182020350865002,6.271330043247815,2.436981201171875,0.06714902529324007,0.0029534078956494625,8.72587776184082,301.82623291015625,585,180.27756377319946
2022-07-19,2022,200,1,0.5669456124305725,0.11908628791570663,18.950000000000045,14.933916800362738,4.599559674944203,2.184248379298619,0.10851540872658205,0.008083281648243457,6.715259552001953,56.63740158081055,1484,411.0960958218893
2022-07-18,2022,199,1,0.5892282724380493,0.04886700585484505,19.470000000000027,16.380083792550238,5.054262869698675,2.2964135578700473,0.0891688586195798,0.00622276736506322,21.419578552246094,256.8820495605469,1140,565.8621740318043
2022-07-14,2022,195,1,0.6934306621551514,0.20561611652374268,20.83000000000004,17.82244698660719,8.916946847098245,2.465233394077846,0.1088103027066083,0.012408820521915942,24.6810359954834,28.280803680419922,622,194.164878389476
2022-07-18,2022,199,1,0.6776273250579834,0.1505681872367859,18.02000000000004,14.933916800362738,4.599559674944203,2.184248379298619,0.10851540872658205,0.008083281648243457,18.36962890625,67.04624938964844,1375,245.15301344262525
2022-07-18,2022,199,1,0.6303947567939758,0.05465472862124443,22.510000000000048,14.490557425362738,4.3102486746652175,2.1507008416312083,0.105110657306561,0.008437780273045092,30.438278198242188,148.6522216796875,1109,714.0028011149536
2022-07-21,2022,202,1,0.7467787265777588,0.17865629494190216,18.630000000000052,14.933916800362738,4.599559674944203,2.184248379298619,0.10851540872658205,0.008083281648243457,35.151981353759766,0,1074,250.79872407968907
2022-07-19,2022,200,1,0.6927764415740967,0.15009678900241852,26.310000000000002,18.951725987025668,6.45124206542971,2.316927228655134,0.07394437203014803,0.002837759983624011,9.514957427978516,15.029118537902832,425,151.32745950421557
2022-07-30,2022,211,1,0.7462417483329773,0.29095354676246643,22.160000000000025,17.02613220214846,7.779973057338168,2.0505589076450894,0.12223720261658144,0.011359242332066088,18.868240356445312,22.53549575805664,406,80
2022-07-17,2022,198,1,0.7082602381706238,0.12525516748428345,26.670000000000016,19.466420200892856,6.037201363699808,2.3747340611049106,0.07424772986973238,0.0016617901445279415,6.772805213928223,132.96290588378906,477,164.01219466856728
2022-07-22,2022,203,1,0.4383920729160309,0.022783761844038963,20.670000000000016,14.933916800362738,4.599559674944203,2.184248379298619,0.10851540872658205,0.008083281648243457,13.209891319274902,319.3406677246094,1445,325.2691193458119
2022-07-17,2022,198,1,0.6906957030296326,0.076882004737854,19.200000000000045,16.380083792550238,5.054262869698675,2.2964135578700473,0.0891688586195798,0.00622276736506322,23.02520179748535,64.02185821533203,980,690.6518659932804
2022-07-19,2022,200,1,0.48974764347076416,-0.008398950099945068,26.52000000000004,19.182020350865002,6.271330043247815,2.436981201171875,0.06714902529324007,0.0029534078956494625,21.24613380432129,226.60853576660156,530,170.29386365926402
2022-07-18,2022,199,1,0.6380849480628967,0.206590935587883,17.880000000000052,16.380083792550238,5.054262869698675,2.2964135578700473,0.0891688586195798,0.00622276736506322,8.664667129516602,25.455703735351562,1452,375.89892258425004
2022-07-17,2022,198,1,0.6675944328308105,0.11542553454637527,20.000000000000057,16.380083792550238,5.054262869698675,2.2964135578700473,0.0891688586195798,0.00622276736506322,12.959259986877441,71.54541015625,1343,756.6372975210778
2022-07-18,2022,199,1,0.7372747659683228,0.3369860053062439,17.230000000000018,14.933916800362738,4.599559674944203,2.184248379298619,0.10851540872658205,0.008083281648243457,6.205290794372559,126.550537109375,1469,465.2956049652737
2022-07-17,2022,198,1,0.7979280352592468,0.2838532328605652,21.090000000000032,16.437343488420765,6.46104474748887,2.1980641228812083,0.1318658561428876,0.0066546477199445064,11.946434020996094,5.946742534637451,702,80.62257748298549
2022-07-29,2022,210,1,0.6381467580795288,0.13482007384300232,22.54000000000002,17.02613220214846,7.779973057338168,2.0505589076450894,0.12223720261658144,0.011359242332066088,11.899493217468262,177.0312957763672,424,72.11102550927978
2022-07-18,2022,199,1,0.6145828366279602,0.0588788166642189,25.590000000000032,19.182020350865002,6.271330043247815,2.436981201171875,0.06714902529324007,0.0029534078956494625,2.655791759490967,290.4251403808594,439,14.142135623730951
2022-07-17,2022,198,1,0.4485267400741577,-0.08878718316555023,27.920000000000016,17.790222603934183,6.01617257254469,2.232942853655134,0.08325677821243715,0.0031405068755994137,7.968517303466797,121.35865020751953,806,230.8679276123039
2022-07-19,2022,200,1,0.6599216461181641,0.16171768307685852,23.920000000000016,19.182020350865002,6.271330043247815,2.436981201171875,0.06714902529324007,0.0029534078956494625,10.959280014038086,23.13871955871582,548,243.31050121192877
2022-07-19,2022,200,1,0.7621968388557434,0.19233299791812897,25.410000000000025,18.951725987025668,6.45124206542971,2.316927228655134,0.07394437203014803,0.002837759983624011,19.49166488647461,67.12393951416016,567,22.360679774997898
2022-07-19,2022,200,1,0.7190291285514832,0.12080595642328262,26.670000000000016,19.466420200892856,6.037201363699808,2.3747340611049106,0.07424772986973238,0.0016617901445279415,11.87837028503418,101.09294128417969,439,184.39088914585773
2022-07-20,2022,201,1,0.6950377821922302,0.1539289504289627,20.05000000000001,14.933916800362738,4.599559674944203,2.184248379298619,0.10851540872658205,0.008083281648243457,8.878728866577148,34.0041618347168,1269,53.85164807134504
2022-07-17,2022,198,1,0.6943422555923462,0.13295169174671173,27.07000000000005,19.76190011160719,5.4747384207589675,2.542659214564732,0.06361002931202364,0.0017627008081326778,1.955810308456421,198.54425048828125,406,143.17821063276352
2022-07-20,2022,201,1,0.42075684666633606,-0.08206245303153992,26.52000000000004,19.182020350865002,6.271330043247815,2.436981201171875,0.06714902529324007,0.0029534078956494625,5.249044418334961,208.23526000976562,529,174.6424919657298
2022-07-26,2022,207,1,0.48967960476875305,0.14730659127235413,20.670000000000016,14.933916800362738,4.599559674944203,2.184248379298619,0.10851540872658205,0.008083281648243457,3.778286933898926,97.03996276855469,1506,341.32096331752024
2022-07-22,2022,203,1,0.5756011009216309,0.02925468422472477,18.49000000000001,16.380083792550238,5.054262869698675,2.2964135578700473,0.0891688586195798,0.00622276736506322,15.569669723510742,9.015652656555176,1379,332.41540277189324
2022-07-17,2022,198,1,0.48527130484580994,-0.028859367594122887,25.310000000000002,18.591840907505627,6.03504333496096,2.2814222063337053,0.08337978729809237,0.0020107902408490474,5.6600728034973145,279.4003601074219,838,120.41594578792296
2022-07-19,2022,200,1,0.5652819275856018,0.043383948504924774,16.52000000000004,14.933916800362738,4.599559674944203,2.184248379298619,0.10851540872658205,0.008083281648243457,9.312005043029785,87.17063903808594,1401,230.8679276123039
2022-07-17,2022,198,1,0.411491334438324,-0.06203455850481987,26.150000000000034,19.466420200892856,6.037201363699808,2.3747340611049106,0.07424772986973238,0.0016617901445279415,5.248486518859863,225.17971801757812,437,155.24174696260025
2022-07-17,2022,198,1,0.7019451260566711,0.16778874397277832,26.110000000000014,19.466420200892856,6.037201363699808,2.3747340611049106,0.07424772986973238,0.0016617901445279415,1.5520873069763184,53.31391906738281,377,42.426406871192846
2022-07-22,2022,203,1,0.5694444179534912,0.0236898772418499,19.810000000000002,14.933916800362738,4.599559674944203,2.184248379298619,0.10851540872658205,0.008083281648243457,15.296284675598145,39.69647979736328,1306,311.44823004794875
2022-07-17,2022,198,1,0.6524527072906494,0.20674315094947815,18.360000000000014,16.380083792550238,5.054262869698675,2.2964135578700473,0.0891688586195798,0.00622276736506322,21.591880798339844,16.010643005371094,1286,706.6116330771806
2022-07-17,2022,198,1,0.6860795617103577,0.1080513447523117,18.440000000000055,14.933916800362738,4.599559674944203,2.184248379298619,0.10851540872658205,0.008083281648243457,25.543663024902344,316.73956298828125,1090,635.0590523722972
2022-07-19,2022,200,1,0.5781100988388062,0.11989708244800568,17.250000000000057,14.933916800362738,4.599559674944203,2.184248379298619,0.10851540872658205,0.008083281648243457,33.2296257019043,227.19430541992188,1254,247.58836806279896
2022-07-21,2022,202,1,0.47960254549980164,-0.028903724625706673,26.27000000000004,19.466420200892856,6.037201363699808,2.3747340611049106,0.07424772986973238,0.0016617901445279415,0.7762250304222107,126.6839370727539,378,36.05551275463989
2022-07-23,2022,204,1,0.6183093190193176,0.12108393013477325,20.710000000000036,14.490557425362738,4.3102486746652175,2.1507008416312083,0.105110657306561,0.008437780273045092,20.751436233520508,228.53085327148438,1133,721.1102550927978
2022-07-18,2022,199,1,0.5723196864128113,0.13325725495815277,17.060000000000002,14.933916800362738,4.599559674944203,2.184248379298619,0.10851540872658205,0.008083281648243457,20.583337783813477,68.5067367553711,1461,310.16124838541646
2022-07-20,2022,201,1,0.49131694436073303,0.044021740555763245,24.690000000000055,19.182020350865002,6.271330043247815,2.436981201171875,0.06714902529324007,0.0029534078956494625,7.445037841796875,266.44891357421875,621,233.23807579381202
2022-07-18,2022,199,1,0.6287717223167419,0.18702799081802368,15.520000000000039,14.933916800362738,4.599559674944203,2.184248379298619,0.10851540872658205,0.008083281648243457,23.65055274963379,205.09530639648438,1430,572.0139858430036
2022-07-20,2022,201,1,0.4057341516017914,-0.1515469253063202,25.510000000000048,19.182020350865002,6.271330043247815,2.436981201171875,0.06714902529324007,0.0029534078956494625,9.646463394165039,0,654,80.62257748298549
2022-07-18,2022,199,1,0.45967450737953186,0.16136693954467773,16.400000000000034,14.933916800362738,4.599559674944203,2.184248379298619,0.10851540872658205,0.008083281648243457,11.75850772857666,35.25791931152344,1417,547.0831746635972
2022-07-24,2022,205,1,0.5902349948883057,0.0930580422282219,20.370000000000005,14.490557425362738,4.3102486746652175,2.1507008416312083,0.105110657306561,0.008437780273045092,28.891843795776367,208.3553466796875,1328,747.0609078247903
2022-07-17,2022,198,1,0.7629348635673523,0.26878514885902405,24.910000000000025,16.437343488420765,6.46104474748887,2.1980641228812083,0.1318658561428876,0.0066546477199445064,20.22004508972168,8.55772876739502,397,63.24555320336759
2022-07-19,2022,200,1,0.6470588445663452,0.08006814122200012,25.03000000000003,19.182020350865002,6.271330043247815,2.436981201171875,0.06714902529324007,0.0029534078956494625,17.28080177307129,282.0132141113281,496,100
2022-07-17,2022,198,1,0.6031683087348938,0.00446650106459856,19.200000000000045,16.380083792550238,5.054262869698675,2.2964135578700473,0.0891688586195798,0.00622276736506322,21.768857955932617,204.20777893066406,1005,755.8438992278762
2022-07-23,2022,204,1,0.41061079502105713,0.08137115836143494,22.30000000000001,14.490557425362738,4.3102486746652175,2.1507008416312083,0.105110657306561,0.008437780273045092,5.014532089233398,264.707275390625,1545,727.3238618387272
2022-07-20,2022,201,1,0.5576803088188171,0.06961320340633392,20.650000000000034,14.490557425362738,4.3102486746652175,2.1507008416312083,0.105110657306561,0.008437780273045092,18.777132034301758,84.53560638427734,1416,518.6520991955977
2022-07-20,2022,201,1,0.717924177646637,0.19711434841156006,18.250000000000057,14.933916800362738,4.599559674944203,2.184248379298619,0.10851540872658205,0.008083281648243457,6.711998462677002,123.381103515625,1035,698.5699678629192
2022-07-18,2022,199,1,0.6539361476898193,0.16419169306755066,18.77000000000004,16.437343488420765,6.46104474748887,2.1980641228812083,0.1318658561428876,0.0066546477199445064,15.49031925201416,20.844018936157227,1123,205.91260281974002
2022-07-19,2022,200,1,0.5468071699142456,0.13023783266544342,15.520000000000039,14.933916800362738,4.599559674944203,2.184248379298619,0.10851540872658205,0.008083281648243457,21.4241886138916,243.01190185546875,1545,542.033209314706
2022-07-20,2022,201,1,0.6474602222442627,0.06833825260400772,23.970000000000027,19.182020350865002,6.271330043247815,2.436981201171875,0.06714902529324007,0.0029534078956494625,16.076778411865234,101.3377685546875,521,123.6931687685298
2022-07-20,2022,201,1,0.5353818535804749,-0.010740425437688828,26.52000000000004,19.182020350865002,6.271330043247815,2.436981201171875,0.06714902529324007,0.0029534078956494625,9.511524200439453,231.09750366210938,463,100
2022-07-23,2022,204,1,0.4833574593067169,0.015715034678578377,19.590000000000032,14.490557425362738,4.3102486746652175,2.1507008416312083,0.105110657306561,0.008437780273045092,8.493021965026855,192.67068481445312,1521,545.6189146281496
2022-07-20,2022,201,1,0.5445343255996704,-0.01435666810721159,26.590000000000032,19.76190011160719,5.4747384207589675,2.542659214564732,0.06361002931202364,0.0017627008081326778,7.846144199371338,208.2338104248047,447,161.24515496597098
2022-07-14,2022,195,1,0.7504962086677551,0.18912440538406372,24.250000000000057,17.920898873465433,7.928837803431918,2.209106581551688,0.1147559107264371,0.011009467375362902,11.142809867858887,350.47589111328125,344,180.27756377319946
2022-07-17,2022,198,1,0.5628263354301453,0.1106906309723854,17.230000000000018,14.933916800362738,4.599559674944203,2.184248379298619,0.10851540872658205,0.008083281648243457,17.333782196044922,204.81858825683594,1401,448.2186966202994
2022-07-19,2022,200,1,0.6116279363632202,0.1094357967376709,17.57000000000005,14.933916800362738,4.599559674944203,2.184248379298619,0.10851540872658205,0.008083281648243457,6.868100643157959,266.1469421386719,1547,332.86633954186476
2022-07-18,2022,199,1,0.7439588904380798,0.28707602620124817,20.870000000000005,16.239506748744418,5.11214381626678,2.2123560224260603,0.08942094156349611,0.006264639628017932,13.623695373535156,64.26917266845703,1153,596.657355607052
2022-07-17,2022,198,1,0.6542253494262695,0.08699676394462585,25.340000000000032,18.591840907505627,6.03504333496096,2.2814222063337053,0.08337978729809237,0.0020107902408490474,7.7732977867126465,72.75480651855469,833,210.2379604162864
2022-07-17,2022,198,1,0.625,0.04547630622982979,19.340000000000032,16.380083792550238,5.054262869698675,2.2964135578700473,0.0891688586195798,0.00622276736506322,27.662261962890625,88.23027801513672,1259,768.439978137525
2022-07-23,2022,204,1,0.5753301978111267,0.08329768478870392,21.920000000000016,14.490557425362738,4.3102486746652175,2.1507008416312083,0.105110657306561,0.008437780273045092,28.486459732055664,339.9971618652344,1442,600.0833275470999
2022-07-19,2022,200,1,0.5790992379188538,-0.02352389320731163,26.130000000000052,18.951725987025668,6.45124206542971,2.316927228655134,0.07394437203014803,0.002837759983624011,14.704262733459473,119.56978607177734,606,140.356688476182
2022-07-18,2022,199,1,0.5466834306716919,0.07352530211210251,17.390000000000043,14.933916800362738,4.599559674944203,2.184248379298619,0.10851540872658205,0.008083281648243457,12.42944049835205,162.707763671875,1444,487.03182647543684
2022-07-20,2022,201,1,0.5948368310928345,0.04046783596277237,25.460000000000036,19.182020350865002,6.271330043247815,2.436981201171875,0.06714902529324007,0.0029534078956494625,13.067437171936035,311.49481201171875,475,58.309518948453004
2022-07-18,2022,199,1,0.7494653463363647,0.2504831850528717,19.630000000000052,16.437343488420765,6.46104474748887,2.1980641228812083,0.1318658561428876,0.0066546477199445064,11.117552757263184,30.123031616210938,1015,164.01219466856728
2022-07-18,2022,199,1,0.5473045706748962,0.037202656269073486,25.04000000000002,19.182020350865002,6.271330043247815,2.436981201171875,0.06714902529324007,0.0029534078956494625,1.5238914489746094,204.1139678955078,382,44.721359549995796
2022-07-14,2022,195,1,0.7608610987663269,0.19726398587226868,23.510000000000048,17.920898873465433,7.928837803431918,2.209106581551688,0.1147559107264371,0.011009467375362902,16.43902587890625,263.700439453125,486,90
2022-07-14,2022,195,1,0.7557774782180786,0.20454101264476776,23.370000000000005,17.920898873465433,7.928837803431918,2.209106581551688,0.1147559107264371,0.011009467375362902,10.708518981933594,148.8721466064453,304,100
2022-07-19,2022,200,1,0.5879059433937073,0.11907067149877548,23.880000000000052,19.182020350865002,6.271330043247815,2.436981201171875,0.06714902529324007,0.0029534078956494625,6.919989109039307,159.01087951660156,625,162.78820596099706
2022-07-17,2022,198,1,0.6996424198150635,0.1060694232583046,25.660000000000025,17.790222603934183,6.01617257254469,2.232942853655134,0.08325677821243715,0.0031405068755994137,6.614693641662598,290.4251403808594,695,184.39088914585773
2022-07-17,2022,198,1,0.7087203860282898,0.12398974597454071,25.660000000000025,17.790222603934183,6.01617257254469,2.232942853655134,0.08325677821243715,0.0031405068755994137,9.263429641723633,340.5401306152344,674,224.7220505424423
2022-07-22,2022,203,1,0.5028361678123474,0.016304347664117813,18.49000000000001,16.380083792550238,5.054262869698675,2.2964135578700473,0.0891688586195798,0.00622276736506322,5.200924396514893,36.842350006103516,1403,380.78865529319546
2022-07-17,2022,198,1,0.663745641708374,0.1471063792705536,25.190000000000055,16.437343488420765,6.46104474748887,2.1980641228812083,0.1318658561428876,0.0066546477199445064,14.541281700134277,345.3124694824219,534,70.71067811865476
2022-07-19,2022,200,1,0.5638612508773804,0.1888798028230667,15.830000000000041,14.933916800362738,4.599559674944203,2.184248379298619,0.10851540872658205,0.008083281648243457,10.122838973999023,162.1789093017578,1662,459.67379738244813
2022-07-16,2022,197,1,0.6384960412979126,0.0794314369559288,25.940000000000055,18.591840907505627,6.03504333496096,2.2814222063337053,0.08337978729809237,0.0020107902408490474,2.0838096141815186,243.5832061767578,803,102.95630140987001
2022-07-18,2022,199,1,0.5982596278190613,0.06757084280252457,22.170000000000016,14.490557425362738,4.3102486746652175,2.1507008416312083,0.105110657306561,0.008437780273045092,26.274381637573242,95.64537811279297,1280,629.6824596572467
2022-07-17,2022,198,1,0.4552180767059326,-0.03160161152482033,28.930000000000007,19.466420200892856,6.037201363699808,2.3747340611049106,0.07424772986973238,0.0016617901445279415,4.212235927581787,188.4798126220703,458,22.360679774997898
2022-07-18,2022,199,1,0.6983388662338257,0.1319752037525177,17.210000000000036,14.933916800362738,4.599559674944203,2.184248379298619,0.10851540872658205,0.008083281648243457,32.19793701171875,301.80364990234375,1283,570
2022-07-20,2022,201,1,0.5951962471008301,0.06661561876535416,26.630000000000052,19.76190011160719,5.4747384207589675,2.542659214564732,0.06361002931202364,0.0017627008081326778,27.739953994750977,324.65625,443,90
2022-07-19,2022,200,1,0.7404139041900635,0.171773299574852,26.130000000000052,18.951725987025668,6.45124206542971,2.316927228655134,0.07394437203014803,0.002837759983624011,6.220066547393799,85.7411117553711,413,140
2022-07-14,2022,195,1,0.6822429895401001,0.11602982133626938,23.230000000000018,17.920898873465433,7.928837803431918,2.209106581551688,0.1147559107264371,0.011009467375362902,19.479623794555664,163.95729064941406,159,111.80339887498948
2022-07-17,2022,198,1,0.5576679110527039,-0.021497022360563278,26.910000000000025,17.790222603934183,6.01617257254469,2.232942853655134,0.08325677821243715,0.0031405068755994137,1.3284474611282349,69.572265625,682,250.19992006393608
2022-07-21,2022,202,1,0.5976871848106384,0.14304375648498535,23.920000000000016,19.182020350865002,6.271330043247815,2.436981201171875,0.06714902529324007,0.0029534078956494625,7.9947309494018555,157.2307586669922,544,260.768096208106
2022-07-19,2022,200,1,0.544646143913269,-0.05354859307408333,26.27000000000004,18.951725987025668,6.45124206542971,2.316927228655134,0.07394437203014803,0.002837759983624011,11.15162181854248,97.07550048828125,576,106.3014581273465
2022-07-24,2022,205,1,0.48279497027397156,0.027132196351885796,20.370000000000005,14.490557425362738,4.3102486746652175,2.1507008416312083,0.105110657306561,0.008437780273045092,28.504638671875,149.8192596435547,1423,720.9022125087424
2022-07-17,2022,198,1,0.7762875556945801,0.30562624335289,23.57000000000005,17.920898873465433,7.928837803431918,2.209106581551688,0.1147559107264371,0.011009467375362902,12.825762748718262,354.5252685546875,151,160.31219541881399
2022-07-18,2022,199,1,0.7535330653190613,0.20817916095256805,17.390000000000043,14.933916800362738,4.599559674944203,2.184248379298619,0.10851540872658205,0.008083281648243457,28.983583450317383,333.0382385253906,1324,580.5170109479997
2022-07-18,2022,199,1,0.6753215789794922,0.24518558382987976,19.810000000000002,16.437343488420765,6.46104474748887,2.1980641228812083,0.1318658561428876,0.0066546477199445064,16.697223663330078,19.194547653198242,1002,72.11102550927978
2022-07-14,2022,195,1,0.660581648349762,0.05893309414386749,23.120000000000005,17.38462873186387,7.319458443777933,2.140230587550572,0.11473644980991793,0.009864685666645556,7.207903861999512,300.79644775390625,647,250.19992006393608
2022-07-23,2022,204,1,0.5841126441955566,0.09684224426746368,20.49000000000001,14.490557425362738,4.3102486746652175,2.1507008416312083,0.105110657306561,0.008437780273045092,26.17043113708496,89.0562744140625,1268,680.0735254367721
2022-07-18,2022,199,1,0.30476588010787964,-0.10938511043787003,26.440000000000055,19.182020350865002,6.271330043247815,2.436981201171875,0.06714902529324007,0.0029534078956494625,2.0843896865844727,243.5911407470703,380,14.142135623730951
2022-07-18,2022,199,1,0.7408300042152405,0.23167265951633453,18.82000000000005,14.933916800362738,4.599559674944203,2.184248379298619,0.10851540872658205,0.008083281648243457,20.669116973876953,15.101333618164062,1242,86.02325267042627
2022-07-13,2022,194,1,0.725192129611969,0.14865954220294952,23.600000000000023,17.38462873186387,7.319458443777933,2.140230587550572,0.11473644980991793,0.009864685666645556,8.127599716186523,37.49105453491211,582,140.356688476182
2022-07-17,2022,198,1,0.4955248236656189,-0.08145926892757416,26.04000000000002,18.591840907505627,6.03504333496096,2.2814222063337053,0.08337978729809237,0.0020107902408490474,7.554111003875732,259.4495544433594,833,264.76404589747455
2022-07-23,2022,204,1,0.504273533821106,0.04918032884597778,21.99000000000001,14.490557425362738,4.3102486746652175,2.1507008416312083,0.105110657306561,0.008437780273045092,23.955970764160156,239.33143615722656,1435,554.4366510251645
2022-07-17,2022,198,1,0.6742475032806396,0.2208043336868286,20.690000000000055,16.437343488420765,6.46104474748887,2.1980641228812083,0.1318658561428876,0.0066546477199445064,12.565303802490234,308.1210632324219,867,186.01075237738274
2022-07-19,2022,200,1,0.729763388633728,0.15068493783473969,25.03000000000003,19.182020350865002,6.271330043247815,2.436981201171875,0.06714902529324007,0.0029534078956494625,3.472623825073242,20.987619400024414,586,171.17242768623692
2022-07-17,2022,198,1,0.6905734539031982,0.1895824670791626,24.910000000000025,16.437343488420765,6.46104474748887,2.1980641228812083,0.1318658561428876,0.0066546477199445064,21.900964736938477,350.5839538574219,375,53.85164807134504
2022-07-22,2022,203,1,0.6282473206520081,0.08585131913423538,19.370000000000005,16.380083792550238,5.054262869698675,2.2964135578700473,0.0891688586195798,0.00622276736506322,11.945938110351562,5.923213958740234,1359,261.72504656604804
2022-07-20,2022,201,1,0.5341123342514038,0.00917431153357029,25.460000000000036,19.182020350865002,6.271330043247815,2.436981201171875,0.06714902529324007,0.0029534078956494625,19.975940704345703,323.2838134765625,551,94.33981132056603
2022-07-20,2022,201,1,0.5898250937461853,0.03600103780627251,23.880000000000052,19.182020350865002,6.271330043247815,2.436981201171875,0.06714902529324007,0.0029534078956494625,22.57770538330078,83.29289245605469,504,78.10249675906654
2022-07-21,2022,202,1,0.495014488697052,0.07319325953722,19.99000000000001,14.933916800362738,4.599559674944203,2.184248379298619,0.10851540872658205,0.008083281648243457,17.730525970458984,344.14727783203125,1402,274.5906043549196
2022-07-22,2022,203,1,0.6093916893005371,0.1529051959514618,20.05000000000001,14.933916800362738,4.599559674944203,2.184248379298619,0.10851540872658205,0.008083281648243457,7.352285385131836,160.2077178955078,1345,134.1640786499874
2022-07-31,2022,212,1,0.7745819687843323,0.27701565623283386,23.130000000000052,17.02613220214846,7.779973057338168,2.0505589076450894,0.12223720261658144,0.011359242332066088,15.001748085021973,77.79431915283203,343,60
2022-07-18,2022,199,1,0.5548998117446899,0.09827464073896408,17.230000000000018,14.933916800362738,4.599559674944203,2.184248379298619,0.10851540872658205,0.008083281648243457,14.640762329101562,221.96267700195312,1457,496.4876634922564
2022-07-30,2022,211,1,0.7839366793632507,0.27563196420669556,23.52000000000004,17.02613220214846,7.779973057338168,2.0505589076450894,0.12223720261658144,0.011359242332066088,15.52566909790039,195.96034240722656,246,113.13708498984761
2022-07-20,2022,201,1,0.409038245677948,-0.07281738519668579,26.57000000000005,19.76190011160719,5.4747384207589675,2.542659214564732,0.06361002931202364,0.0017627008081326778,7.233986854553223,50.38282775878906,446,136.01470508735443
2022-07-23,2022,204,1,0.5510395765304565,0.06830885261297226,19.810000000000002,14.933916800362738,4.599559674944203,2.184248379298619,0.10851540872658205,0.008083281648243457,6.006588935852051,180,1463,259.42243542145695
2022-07-20,2022,201,1,0.3796347677707672,-0.10947230458259583,28.07000000000005,19.76190011160719,5.4747384207589675,2.542659214564732,0.06361002931202364,0.0017627008081326778,4.830999851226807,140.0075225830078,433,40
2022-07-14,2022,195,1,0.7133197784423828,0.13140957057476044,23.590000000000032,17.920898873465433,7.928837803431918,2.209106581551688,0.1147559107264371,0.011009467375362902,15.599882125854492,283.4097900390625,485,165.52945357246847
2022-07-14,2022,195,1,0.764104425907135,0.19575707614421844,23.510000000000048,17.920898873465433,7.928837803431918,2.209106581551688,0.1147559107264371,0.011009467375362902,9.046405792236328,228.63363647460938,467,150
2022-07-18,2022,199,1,0.675827145576477,0.20679092407226562,18.77000000000004,16.437343488420765,6.46104474748887,2.1980641228812083,0.1318658561428876,0.0066546477199445064,20.070905685424805,32.67013168334961,1087,186.81541692269406
2022-07-18,2022,199,1,0.4351893961429596,-0.0030460439156740904,26.250000000000057,18.951725987025668,6.45124206542971,2.316927228655134,0.07394437203014803,0.002837759983624011,8.601387977600098,225.9230194091797,485,31.622776601683796
2022-07-20,2022,201,1,0.6201695203781128,0.15892085433006287,18.950000000000045,14.933916800362738,4.599559674944203,2.184248379298619,0.10851540872658205,0.008083281648243457,10.76130485534668,223.61761474609375,1504,384.70768123342685
2022-07-17,2022,198,1,0.6667693257331848,0.09843718260526657,26.04000000000002,18.591840907505627,6.03504333496096,2.2814222063337053,0.08337978729809237,0.0020107902408490474,11.950033187866211,247.51589965820312,743,230.8679276123039
2022-07-14,2022,195,1,0.7322873473167419,0.20027178525924683,23.370000000000005,17.920898873465433,7.928837803431918,2.209106581551688,0.1147559107264371,0.011009467375362902,16.655900955200195,327.000244140625,135,20
2022-07-18,2022,199,1,0.7515320181846619,0.18418079614639282,24.03000000000003,17.790222603934183,6.01617257254469,2.232942853655134,0.08325677821243715,0.0031405068755994137,13.716073036193848,333.55657958984375,642,241.66091947189145
2022-07-17,2022,198,1,0.6764829754829407,0.12860724329948425,27.07000000000005,19.466420200892856,6.037201363699808,2.3747340611049106,0.07424772986973238,0.0016617901445279415,2.7802884578704834,180,416,85.44003745317531
2022-07-15,2022,196,1,0.810259222984314,0.32778969407081604,22.660000000000025,17.356829398018988,7.856838117327015,2.273871285574777,0.10223784753883791,0.009876904618824511,6.501504421234131,22.587646484375,304,42.426406871192846
2022-07-14,2022,195,1,0.713374674320221,0.11583724617958069,23.510000000000048,17.920898873465433,7.928837803431918,2.209106581551688,0.1147559107264371,0.011009467375362902,7.03199577331543,218.05703735351562,446,158.11388300841895
2022-07-21,2022,202,1,0.6179357767105103,0.17709720134735107,18.77000000000004,14.933916800362738,4.599559674944203,2.184248379298619,0.10851540872658205,0.008083281648243457,24.63006019592285,51.8375244140625,1336,174.6424919657298
2022-07-21,2022,202,1,0.5652300715446472,0.07786288857460022,19.810000000000002,14.933916800362738,4.599559674944203,2.184248379298619,0.10851540872658205,0.008083281648243457,20.98349380493164,198.2579345703125,1393,216.33307652783938
2022-07-17,2022,198,1,0.4060324430465698,-0.046421755105257034,26.77000000000004,18.951725987025668,6.45124206542971,2.316927228655134,0.07394437203014803,0.002837759983624011,3.2452337741851807,253.4115447998047,366,53.85164807134504
2022-07-18,2022,199,1,0.46949389576911926,0.19551020860671997,17.110000000000014,14.490557425362738,4.3102486746652175,2.1507008416312083,0.105110657306561,0.008437780273045092,19.4031982421875,295.8880920410156,1354,316.2277660168379
2022-07-30,2022,211,1,0.7333755493164062,0.23790140450000763,23.74000000000001,17.02613220214846,7.779973057338168,2.0505589076450894,0.12223720261658144,0.011359242332066088,4.940764427185059,242.08627319335938,234,98.48857801796103
2022-07-18,2022,199,1,0.5639639496803284,0.06345044821500778,25.230000000000018,19.182020350865002,6.271330043247815,2.436981201171875,0.06714902529324007,0.0029534078956494625,13.455146789550781,271.9386901855469,481,86.02325267042627
2022-07-18,2022,199,1,0.7535434365272522,0.3073226511478424,16.57000000000005,14.933916800362738,4.599559674944203,2.184248379298619,0.10851540872658205,0.008083281648243457,17.139650344848633,277.5403747558594,1454,440.1136216933077
2022-07-20,2022,201,1,0.5074340105056763,0.02140261046588421,25.610000000000014,19.182020350865002,6.271330043247815,2.436981201171875,0.06714902529324007,0.0029534078956494625,8.49605941772461,288.97149658203125,724,114.0175425099138
2022-07-21,2022,202,1,0.7940540313720703,0.2807254493236542,19.130000000000052,14.933916800362738,4.599559674944203,2.184248379298619,0.10851540872658205,0.008083281648243457,1.525156855583191,24.220008850097656,1135,210.95023109728987
2022-07-19,2022,200,1,0.6711829304695129,0.19219331443309784,20.590000000000032,14.933916800362738,4.599559674944203,2.184248379298619,0.10851540872658205,0.008083281648243457,27.53643798828125,244.2353973388672,1104,797.6214641043707
2022-07-19,2022,200,1,0.6519443392753601,0.21763569116592407,18.410000000000025,14.933916800362738,4.599559674944203,2.184248379298619,0.10851540872658205,0.008083281648243457,22.339702606201172,280.21044921875,1364,219.3171219946131
2022-07-15,2022,196,1,0.737864077091217,0.2021494358778,23.79000000000002,17.356829398018988,7.856838117327015,2.273871285574777,0.10223784753883791,0.009876904618824511,11.166301727294922,160.57614135742188,321,92.19544457292886
2022-07-17,2022,198,1,0.7890579104423523,0.21443618834018707,24.05000000000001,17.920898873465433,7.928837803431918,2.209106581551688,0.1147559107264371,0.011009467375362902,12.547215461730957,209.21253967285156,333,134.53624047073708
2022-07-14,2022,195,1,0.6934082508087158,0.12352292984724045,23.120000000000005,17.38462873186387,7.319458443777933,2.140230587550572,0.11473644980991793,0.009864685666645556,13.118523597717285,346.5208740234375,542,202.23748416156684
2022-07-21,2022,202,1,0.5754271149635315,0.056300267577171326,19.130000000000052,14.933916800362738,4.599559674944203,2.184248379298619,0.10851540872658205,0.008083281648243457,31.25699806213379,234.0751190185547,1269,130.384048104053
2022-07-14,2022,195,1,0.7153577208518982,0.23527750372886658,22.630000000000052,17.920898873465433,7.928837803431918,2.209106581551688,0.1147559107264371,0.011009467375362902,14.365779876708984,282.78033447265625,161,100
2022-07-18,2022,199,1,0.5429288148880005,0.2101028561592102,16.920000000000016,14.933916800362738,4.599559674944203,2.184248379298619,0.10851540872658205,0.008083281648243457,32.52033615112305,20.04507827758789,1480,340
2022-07-23,2022,204,1,0.6781617999076843,0.2006717473268509,20.05000000000001,14.933916800362738,4.599559674944203,2.184248379298619,0.10851540872658205,0.008083281648243457,1.334320306777954,69.66619110107422,1060,72.11102550927978
2022-07-14,2022,195,1,0.726356029510498,0.2081581950187683,24.470000000000027,17.920898873465433,7.928837803431918,2.209106581551688,0.1147559107264371,0.011009467375362902,4.563803672790527,252.29017639160156,371,131.52946437965906
2022-07-19,2022,200,1,0.4569970965385437,-0.13124728202819824,26.410000000000025,18.951725987025668,6.45124206542971,2.316927228655134,0.07394437203014803,0.002837759983624011,8.756133079528809,129.0938720703125,400,128.06248474865697
2022-07-18,2022,199,1,0.49819767475128174,0.012803277000784874,18.27000000000004,14.933916800362738,4.599559674944203,2.184248379298619,0.10851540872658205,0.008083281648243457,34.15214157104492,110.97352600097656,1245,680
2022-07-18,2022,199,1,0.8463063836097717,0.3191640079021454,18.27000000000004,14.933916800362738,4.599559674944203,2.184248379298619,0.10851540872658205,0.008083281648243457,29.14825439453125,258.27685546875,1171,630
2022-07-18,2022,199,1,0.582124650478363,0.023845763877034187,26.27000000000004,18.951725987025668,6.45124206542971,2.316927228655134,0.07394437203014803,0.002837759983624011,7.848130226135254,225.19961547851562,534,72.80109889280519
2022-07-17,2022,198,1,0.5953518152236938,0.04819602146744728,25.500000000000057,19.466420200892856,6.037201363699808,2.3747340611049106,0.07424772986973238,0.0016617901445279415,8.0526762008667,86.7203598022461,600,178.04493814764857
2022-07-29,2022,210,1,0.7332416772842407,0.23246149718761444,23.74000000000001,17.02613220214846,7.779973057338168,2.0505589076450894,0.12223720261658144,0.011359242332066088,7.107721328735352,224.43763732910156,343,40
2022-07-23,2022,204,1,0.4746268689632416,0.0037652270402759314,20.05000000000001,14.933916800362738,4.599559674944203,2.184248379298619,0.10851540872658205,0.008083281648243457,21.725399017333984,260.6478271484375,1265,120.41594578792296
2022-07-18,2022,199,1,0.6512767672538757,0.14036338031291962,25.430000000000007,18.591840907505627,6.03504333496096,2.2814222063337053,0.08337978729809237,0.0020107902408490474,2.974376678466797,218.84303283691406,832,186.01075237738274
2022-07-18,2022,199,1,0.5888268351554871,0.06278026849031448,22.170000000000016,14.490557425362738,4.3102486746652175,2.1507008416312083,0.105110657306561,0.008437780273045092,22.54292869567871,173.96107482910156,1155,667.0832032063167
2022-07-18,2022,199,1,0.503685474395752,0.006785934790968895,25.590000000000032,19.182020350865002,6.271330043247815,2.436981201171875,0.06714902529324007,0.0029534078956494625,15.869660377502441,237.251708984375,471,56.568542494923804
2022-07-20,2022,201,1,0.6658311486244202,0.14430445432662964,23.99000000000001,17.790222603934183,6.01617257254469,2.232942853655134,0.08325677821243715,0.0031405068755994137,16.284008026123047,323.46771240234375,769,161.24515496597098
2022-07-15,2022,196,1,0.7378405332565308,0.30484598875045776,20.33000000000004,14.490557425362738,4.3102486746652175,2.1507008416312083,0.105110657306561,0.008437780273045092,33.32305145263672,39.1413688659668,1284,693.5416353759881
2022-07-18,2022,199,1,0.5190126895904541,0.08843212574720383,16.430000000000007,14.933916800362738,4.599559674944203,2.184248379298619,0.10851540872658205,0.008083281648243457,6.985584735870361,78.57001495361328,1564,325.5764119219941
2022-07-17,2022,198,1,0.5989186763763428,0.0336042158305645,26.910000000000025,17.790222603934183,6.01617257254469,2.232942853655134,0.08325677821243715,0.0031405068755994137,11.673555374145508,267.7548522949219,761,190.26297590440447
2022-07-18,2022,199,1,0.5005359053611755,0.07005680352449417,24.57000000000005,19.182020350865002,6.271330043247815,2.436981201171875,0.06714902529324007,0.0029534078956494625,11.07953929901123,272.368896484375,590,256.12496949731394
2022-07-18,2022,199,1,0.6816813349723816,0.2551634907722473,18.49000000000001,14.933916800362738,4.599559674944203,2.184248379298619,0.10851540872658205,0.008083281648243457,30.372093200683594,261.26165771484375,1360,282.31188426986205
2022-07-15,2022,196,1,0.4566861689090729,-0.05192402005195618,29.180000000000007,19.466420200892856,6.037201363699808,2.3747340611049106,0.07424772986973238,0.0016617901445279415,1.390963077545166,0,428,86.02325267042627
2022-07-30,2022,211,1,0.7370977401733398,0.27894502878189087,21.950000000000045,17.02613220214846,7.779973057338168,2.0505589076450894,0.12223720261658144,0.011359242332066088,11.828961372375488,117.62921142578125,572,250
2022-07-17,2022,198,1,0.5090541839599609,0.04240654036402702,19.630000000000052,14.490557425362738,4.3102486746652175,2.1507008416312083,0.105110657306561,0.008437780273045092,38.381813049316406,258.2072448730469,1289,746.7261881037789
2022-07-18,2022,199,1,0.566318929195404,0.10409924387931824,16.400000000000034,14.933916800362738,4.599559674944203,2.184248379298619,0.10851540872658205,0.008083281648243457,25.132843017578125,62.23625946044922,1460,568.59475903318
2022-07-19,2022,200,1,0.589119017124176,0.16026298701763153,16.52000000000004,14.933916800362738,4.599559674944203,2.184248379298619,0.10851540872658205,0.008083281648243457,16.89121437072754,76.11975860595703,1463,255.53864678361276
2022-07-22,2022,203,1,0.6473317742347717,0.08231320977210999,19.810000000000002,14.933916800362738,4.599559674944203,2.184248379298619,0.10851540872658205,0.008083281648243457,26.51432991027832,44.45170211791992,1166,224.7220505424423
2022-07-18,2022,199,1,0.5273716449737549,0.07439271360635757,18.82000000000005,14.933916800362738,4.599559674944203,2.184248379298619,0.10851540872658205,0.008083281648243457,12.562826156616211,209.34376525878906,1370,186.81541692269406
2022-07-22,2022,203,1,0.4815138578414917,-0.013276717625558376,18.49000000000001,16.380083792550238,5.054262869698675,2.2964135578700473,0.0891688586195798,0.00622276736506322,6.710655689239502,236.6112823486328,1441,398.4971769034255
2022-07-18,2022,199,1,0.6329293251037598,0.11385548859834671,26.07000000000005,19.76190011160719,5.4747384207589675,2.542659214564732,0.06361002931202364,0.0017627008081326778,4.724465370178223,66.93700408935547,423,72.80109889280519
2022-07-14,2022,195,1,0.72955322265625,0.15513165295124054,23.120000000000005,17.920898873465433,7.928837803431918,2.209106581551688,0.1147559107264371,0.011009467375362902,13.625785827636719,279.6106262207031,550,192.09372712298546
2022-07-26,2022,207,1,0.8116281628608704,0.31514570116996765,22.130000000000052,18.159842790876155,8.462662179129495,2.1851109095982144,0.09724408099258852,0.008591083419407397,9.972736358642578,34.049522399902344,327,100.4987562112089
2022-07-18,2022,199,1,0.5328244566917419,0.10913978517055511,18.450000000000045,14.933916800362738,4.599559674944203,2.184248379298619,0.10851540872658205,0.008083281648243457,27.313400268554688,202.379150390625,1571,585.9180830116101
2022-07-17,2022,198,1,0.506572425365448,-0.05464611202478409,27.33000000000004,19.466420200892856,6.037201363699808,2.3747340611049106,0.07424772986973238,0.0016617901445279415,13.223130226135254,357.35064697265625,452,122.06555615733703
2022-07-17,2022,198,1,0.6955848336219788,0.07885657995939255,19.200000000000045,16.380083792550238,5.054262869698675,2.2964135578700473,0.0891688586195798,0.00622276736506322,30.041683197021484,24.535064697265625,1051,740.9453421137082
2022-07-19,2022,200,1,0.5972027778625488,0.14514915645122528,23.920000000000016,19.182020350865002,6.271330043247815,2.436981201171875,0.06714902529324007,0.0029534078956494625,3.145350694656372,278.4699401855469,523,261.72504656604804
2022-07-19,2022,200,1,0.6026083827018738,-0.016709813848137856,26.27000000000004,18.951725987025668,6.45124206542971,2.316927228655134,0.07394437203014803,0.002837759983624011,21.940704345703125,86.544189453125,472,131.52946437965906
2022-07-21,2022,202,1,0.5157629251480103,0.09049671143293381,19.99000000000001,14.933916800362738,4.599559674944203,2.184248379298619,0.10851540872658205,0.008083281648243457,23.273595809936523,234.3136749267578,1378,270.1851217221259
2022-07-17,2022,198,1,0.3456435203552246,-0.08148539811372757,27.450000000000045,19.466420200892856,6.037201363699808,2.3747340611049106,0.07424772986973238,0.0016617901445279415,1.2443279027938843,90,453,10
2022-07-14,2022,195,1,0.7752633690834045,0.22549307346343994,24.250000000000057,17.920898873465433,7.928837803431918,2.209106581551688,0.1147559107264371,0.011009467375362902,7.858556747436523,355.48541259765625,239,126.49110640673518
2022-07-17,2022,198,1,0.6474987268447876,0.13455341756343842,26.110000000000014,19.466420200892856,6.037201363699808,2.3747340611049106,0.07424772986973238,0.0016617901445279415,2.4883456230163574,90,388,94.86832980505139
2022-07-20,2022,201,1,0.6051427125930786,0.13090039789676666,26.450000000000045,19.76190011160719,5.4747384207589675,2.542659214564732,0.06361002931202364,0.0017627008081326778,20.57454490661621,119.73161315917969,552,172.04650534085255
2022-07-18,2022,199,1,0.7524116039276123,0.23788653314113617,22.510000000000048,14.933916800362738,4.599559674944203,2.184248379298619,0.10851540872658205,0.008083281648243457,24.485700607299805,38.55821990966797,1030,798.1227975693967
2022-07-19,2022,200,1,0.3996431827545166,-0.16475911438465118,24.710000000000036,19.182020350865002,6.271330043247815,2.436981201171875,0.06714902529324007,0.0029534078956494625,17.275218963623047,159.54388427734375,662,145.60219778561037
2022-07-18,2022,199,1,0.596626341342926,0.12840290367603302,24.57000000000005,19.182020350865002,6.271330043247815,2.436981201171875,0.06714902529324007,0.0029534078956494625,6.132493019104004,11.673481941223145,511,156.5247584249853
2022-07-19,2022,200,1,0.6140795350074768,0.21990430355072021,15.830000000000041,14.933916800362738,4.599559674944203,2.184248379298619,0.10851540872658205,0.008083281648243457,10.558344841003418,24.23056411743164,1737,418.6884283091664
2022-07-23,2022,204,1,0.5574061274528503,0.060308877378702164,20.940000000000055,14.933916800362738,4.599559674944203,2.184248379298619,0.10851540872658205,0.008083281648243457,30.33760643005371,216.6640625,1395,326.49655434629017
2022-07-17,2022,198,1,0.5205104947090149,0.09589041024446487,17.460000000000036,14.933916800362738,4.599559674944203,2.184248379298619,0.10851540872658205,0.008083281648243457,27.038976669311523,2.4534919261932373,1415,465.2956049652737
2022-07-21,2022,202,1,0.5354743599891663,-0.07028092443943024,26.27000000000004,19.466420200892856,6.037201363699808,2.3747340611049106,0.07424772986973238,0.0016617901445279415,3.7298810482025146,90,386,92.19544457292886
2022-07-20,2022,201,1,0.6781818270683289,0.19215673208236694,20.510000000000048,16.437343488420765,6.46104474748887,2.1980641228812083,0.1318658561428876,0.0066546477199445064,14.791454315185547,60.63035202026367,975,111.80339887498948
2022-07-18,2022,199,1,0.7514321208000183,0.2536388337612152,25.760000000000048,18.951725987025668,6.45124206542971,2.316927228655134,0.07394437203014803,0.002837759983624011,6.470752239227295,129.9610595703125,480,58.309518948453004
2022-07-18,2022,199,1,0.6005551218986511,0.06354589760303497,18.360000000000014,16.380083792550238,5.054262869698675,2.2964135578700473,0.0891688586195798,0.00622276736506322,23.361116409301758,80.29074096679688,1200,735.7309290766564
2022-07-22,2022,203,1,0.6500754356384277,0.2323886603116989,20.05000000000001,14.933916800362738,4.599559674944203,2.184248379298619,0.10851540872658205,0.008083281648243457,20.81144905090332,257.70501708984375,1309,216.33307652783938
2022-07-17,2022,198,1,0.5198543071746826,0.020797651261091232,25.660000000000025,17.790222603934183,6.01617257254469,2.232942853655134,0.08325677821243715,0.0031405068755994137,14.663161277770996,123.83445739746094,784,277.308492477241
2022-07-21,2022,202,1,0.640143096446991,0.16819030046463013,19.870000000000005,14.933916800362738,4.599559674944203,2.184248379298619,0.10851540872658205,0.008083281648243457,5.963186740875244,328.4690246582031,1413,294.10882339705483
2022-07-23,2022,204,1,0.5208200812339783,0.017307858914136887,20.29000000000002,14.933916800362738,4.599559674944203,2.184248379298619,0.10851540872658205,0.008083281648243457,22.241273880004883,226.1522674560547,1412,259.42243542145695
2022-07-18,2022,199,1,0.6326941847801208,0.31304746866226196,16.57000000000005,14.933916800362738,4.599559674944203,2.184248379298619,0.10851540872658205,0.008083281648243457,11.444968223571777,283.8791809082031,1548,384.83762809787714
2022-07-17,2022,198,1,0.39425787329673767,-0.02591019496321678,26.670000000000016,19.466420200892856,6.037201363699808,2.3747340611049106,0.07424772986973238,0.0016617901445279415,6.951786518096924,233.3139190673828,439,136.01470508735443
2022-07-18,2022,199,1,0.5050957202911377,0.07249104976654053,18.27000000000004,14.933916800362738,4.599559674944203,2.184248379298619,0.10851540872658205,0.008083281648243457,31.424171447753906,160.14602661132812,1377,721.2489168102785
2022-07-21,2022,202,1,0.7033305168151855,0.17517173290252686,19.130000000000052,14.933916800362738,4.599559674944203,2.184248379298619,0.10851540872658205,0.008083281648243457,26.32373809814453,263.4241943359375,1141,92.19544457292886
2022-07-19,2022,200,1,0.5651223659515381,-0.0009577999007888138,25.810000000000002,18.951725987025668,6.45124206542971,2.316927228655134,0.07394437203014803,0.002837759983624011,13.930420875549316,246.94723510742188,599,80.62257748298549
2022-07-18,2022,199,1,0.5733413100242615,0.06922988593578339,19.470000000000027,16.380083792550238,5.054262869698675,2.2964135578700473,0.0891688586195798,0.00622276736506322,25.40548324584961,197.38424682617188,1175,486.0041152089147
2022-07-18,2022,199,1,0.6484218835830688,0.06670113652944565,17.210000000000036,14.933916800362738,4.599559674944203,2.184248379298619,0.10851540872658205,0.008083281648243457,24.22469711303711,327.72357177734375,1409,520
2022-07-15,2022,196,1,0.8374804854393005,0.3751392066478729,19.810000000000002,16.437343488420765,6.46104474748887,2.1980641228812083,0.1318658561428876,0.0066546477199445064,20.360332489013672,36.199031829833984,807,70.71067811865476
2022-07-19,2022,200,1,0.49152541160583496,-0.005433601327240467,24.730000000000018,19.182020350865002,6.271330043247815,2.436981201171875,0.06714902529324007,0.0029534078956494625,9.665800094604492,3.659363031387329,598,152.97058540778355
2022-07-14,2022,195,1,0.7343459129333496,0.14922931790351868,23.390000000000043,17.920898873465433,7.928837803431918,2.209106581551688,0.1147559107264371,0.011009467375362902,21.527868270874023,340.7066955566406,379,64.03124237432849
2022-07-21,2022,202,1,0.5761809945106506,0.07877960056066513,20.090000000000032,14.933916800362738,4.599559674944203,2.184248379298619,0.10851540872658205,0.008083281648243457,24.727441787719727,45.33119201660156,1355,295.4657340538831
2022-07-20,2022,201,1,0.4000000059604645,-0.12578977644443512,28.07000000000005,19.76190011160719,5.4747384207589675,2.542659214564732,0.06361002931202364,0.0017627008081326778,8.652665138244629,248.1416473388672,450,90
2022-07-18,2022,199,1,0.6435643434524536,0.12124738097190857,18.82000000000005,14.933916800362738,4.599559674944203,2.184248379298619,0.10851540872658205,0.008083281648243457,19.830286026000977,75.70654296875,1343,139.2838827718412
2022-07-21,2022,202,1,0.5113717913627625,-0.04686698690056801,27.090000000000032,19.76190011160719,5.4747384207589675,2.542659214564732,0.06361002931202364,0.0017627008081326778,1.9235724210739136,256.0547180175781,376,22.360679774997898
2022-07-18,2022,199,1,0.7482703924179077,0.22210624814033508,19.810000000000002,16.437343488420765,6.46104474748887,2.1980641228812083,0.1318658561428876,0.0066546477199445064,17.371349334716797,39.08708190917969,918,130.384048104053
2022-07-17,2022,198,1,0.5271517038345337,0.006813726853579283,27.130000000000052,19.466420200892856,6.037201363699808,2.3747340611049106,0.07424772986973238,0.0016617901445279415,3.61787486076355,59.19983673095703,409,120.41594578792296
2022-07-20,2022,201,1,0.6585522294044495,0.08315744996070862,25.760000000000048,19.76190011160719,5.4747384207589675,2.542659214564732,0.06361002931202364,0.0017627008081326778,8.653239250183105,248.1431884765625,647,123.6931687685298
2022-07-18,2022,199,1,0.7285205721855164,0.15860408544540405,17.060000000000002,14.933916800362738,4.599559674944203,2.184248379298619,0.10851540872658205,0.008083281648243457,21.273874282836914,57.28358840942383,1351,210.95023109728987
2022-07-17,2022,198,1,0.4901408553123474,-0.046202387660741806,25.340000000000032,18.591840907505627,6.03504333496096,2.2814222063337053,0.08337978729809237,0.0020107902408490474,2.317462682723999,0,846,197.9898987322333
2022-07-14,2022,195,1,0.7022927403450012,0.15452226996421814,24.960000000000036,17.920898873465433,7.928837803431918,2.209106581551688,0.1147559107264371,0.011009467375362902,23.775005340576172,290.4314880371094,281,131.52946437965906
2022-07-17,2022,198,1,0.6002024412155151,0.1476600468158722,26.850000000000023,19.466420200892856,6.037201363699808,2.3747340611049106,0.07424772986973238,0.0016617901445279415,11.047369956970215,62.869384765625,500,50.99019513592785
2022-07-19,2022,200,1,0.8219213485717773,0.2838011384010315,18.910000000000025,14.933916800362738,4.599559674944203,2.184248379298619,0.10851540872658205,0.008083281648243457,33.447998046875,222.67922973632812,1322,632.8506932918696
2022-07-21,2022,202,1,0.752051055431366,0.25405603647232056,17.970000000000027,14.933916800362738,4.599559674944203,2.184248379298619,0.10851540872658205,0.008083281648243457,32.990882873535156,18.63824462890625,1088,205.91260281974002
2022-07-17,2022,198,1,0.6487781405448914,0.1768312305212021,26.850000000000023,19.466420200892856,6.037201363699808,2.3747340611049106,0.07424772986973238,0.0016617901445279415,4.83029317855835,140.01754760742188,448,0
2022-07-17,2022,198,1,0.38621896505355835,-0.0854489877820015,27.450000000000045,19.466420200892856,6.037201363699808,2.3747340611049106,0.07424772986973238,0.0016617901445279415,7.031444549560547,141.94876098632812,455,100.4987562112089
2022-07-18,2022,199,1,0.4783739745616913,0.03083900175988674,25.27000000000004,19.182020350865002,6.271330043247815,2.436981201171875,0.06714902529324007,0.0029534078956494625,11.725407600402832,236.9100341796875,560,102.95630140987001
2022-07-21,2022,202,1,0.7270194888114929,0.20204190909862518,19.130000000000052,14.933916800362738,4.599559674944203,2.184248379298619,0.10851540872658205,0.008083281648243457,23.516969680786133,78.19417572021484,1222,143.17821063276352
2022-07-17,2022,198,1,0.5604080557823181,-0.035283468663692474,25.500000000000057,19.466420200892856,6.037201363699808,2.3747340611049106,0.07424772986973238,0.0016617901445279415,13.927270889282227,113.05850982666016,555,138.92443989449805
2022-07-21,2022,202,1,0.548051655292511,0.004606224596500397,26.350000000000023,18.951725987025668,6.45124206542971,2.316927228655134,0.07394437203014803,0.002837759983624011,0.7764332890510559,126.67249298095703,371,63.24555320336759
2022-07-17,2022,198,1,0.7052357792854309,0.16414275765419006,24.970000000000027,19.466420200892856,6.037201363699808,2.3747340611049106,0.07424772986973238,0.0016617901445279415,9.86622428894043,87.3326187133789,606,120.83045973594572
2022-07-20,2022,201,1,0.6371173858642578,0.11422567069530487,21.090000000000032,16.437343488420765,6.46104474748887,2.1980641228812083,0.1318658561428876,0.0066546477199445064,22.624942779541016,272.2259826660156,766,72.80109889280519
2022-07-18,2022,199,1,0.5626311898231506,0.04345794394612312,25.230000000000018,19.182020350865002,6.271330043247815,2.436981201171875,0.06714902529324007,0.0029534078956494625,8.47842788696289,233.3253631591797,426,53.85164807134504
2022-07-17,2022,198,1,0.8351636528968811,0.3315466344356537,21.03000000000003,16.437343488420765,6.46104474748887,2.1980641228812083,0.1318658561428876,0.0066546477199445064,12.877678871154785,328.1763610839844,771,53.85164807134504
2022-07-19,2022,200,1,0.688328206539154,0.22524122893810272,17.410000000000025,14.933916800362738,4.599559674944203,2.184248379298619,0.10851540872658205,0.008083281648243457,28.172386169433594,271.7320251464844,1386,368.78177829171545
2022-07-17,2022,198,1,0.6499119997024536,0.05280449986457825,27.08000000000004,19.466420200892856,6.037201363699808,2.3747340611049106,0.07424772986973238,0.0016617901445279415,7.4478230476379395,29.910282135009766,577,151.32745950421557
2022-07-19,2022,200,1,0.636798620223999,0.19703127443790436,16.670000000000016,14.933916800362738,4.599559674944203,2.184248379298619,0.10851540872658205,0.008083281648243457,32.66996765136719,246.965576171875,1482,357.77087639996637
2022-07-17,2022,198,1,0.5147936940193176,-0.009760682471096516,25.79000000000002,19.466420200892856,6.037201363699808,2.3747340611049106,0.07424772986973238,0.0016617901445279415,6.132389545440674,191.6687469482422,486,70.71067811865476
2022-07-19,2022,200,1,0.5432046055793762,-0.05803029239177704,26.58000000000004,19.76190011160719,5.4747384207589675,2.542659214564732,0.06361002931202364,0.0017627008081326778,0.6224533319473267,270,371,0
2022-07-19,2022,200,1,0.5310378074645996,0.0368509404361248,25.55000000000001,19.182020350865002,6.271330043247815,2.436981201171875,0.06714902529324007,0.0029534078956494625,16.582294464111328,302.9305114746094,678,172.6267650163207
2022-07-19,2022,200,1,0.5112995505332947,-0.06010568514466286,26.110000000000014,18.951725987025668,6.45124206542971,2.316927228655134,0.07394437203014803,0.002837759983624011,0.6225884556770325,90,375,133.41664064126334
2022-07-17,2022,198,1,0.5111217498779297,-0.09452008455991745,26.090000000000032,19.466420200892856,6.037201363699808,2.3747340611049106,0.07424772986973238,0.0016617901445279415,11.207695960998535,153.98284912109375,452,164.01219466856728
2022-07-21,2022,202,1,0.6439245343208313,0.07628709077835083,26.83000000000004,19.76190011160719,5.4747384207589675,2.542659214564732,0.06361002931202364,0.0017627008081326778,1.8543341159820557,180,372,92.19544457292886
2022-07-14,2022,195,1,0.7012089490890503,0.11747071892023087,23.860000000000014,17.920898873465433,7.928837803431918,2.209106581551688,0.1147559107264371,0.011009467375362902,14.857461929321289,289.6097717285156,473,80.62257748298549
2022-07-18,2022,199,1,0.554770290851593,0.12873134016990662,18.650000000000034,14.933916800362738,4.599559674944203,2.184248379298619,0.10851540872658205,0.008083281648243457,6.694094657897949,220.6613311767578,1449,590.592922409336
2022-07-17,2022,198,1,0.7376821637153625,0.13714805245399475,19.340000000000032,16.380083792550238,5.054262869698675,2.2964135578700473,0.0891688586195798,0.00622276736506322,30.167930603027344,84.4063720703125,996,720.0694410957876
2022-07-20,2022,201,1,0.529342770576477,-0.009549060836434364,28.05000000000001,19.76190011160719,5.4747384207589675,2.542659214564732,0.06361002931202364,0.0017627008081326778,20.088653564453125,329.6681823730469,671,108.16653826391969
2022-07-18,2022,199,1,0.576479971408844,0.14187628030776978,16.57000000000005,14.933916800362738,4.599559674944203,2.184248379298619,0.10851540872658205,0.008083281648243457,12.1788911819458,210.39480590820312,1490,472.9693436154187
2022-07-22,2022,203,1,0.5307497978210449,-0.028101801872253418,19.810000000000002,14.933916800362738,4.599559674944203,2.184248379298619,0.10851540872658205,0.008083281648243457,11.275689125061035,68.57025146484375,1389,320.62439083762797
2022-07-17,2022,198,1,0.41785767674446106,-0.05799579247832298,27.450000000000045,19.466420200892856,6.037201363699808,2.3747340611049106,0.07424772986973238,0.0016617901445279415,3.472377061843872,200.9769744873047,451,80.62257748298549
2022-07-18,2022,199,1,0.5873280763626099,0.06871609389781952,25.27000000000004,19.182020350865002,6.271330043247815,2.436981201171875,0.06714902529324007,0.0029534078956494625,13.715913772583008,206.44203186035156,602,136.01470508735443
2022-07-18,2022,199,1,0.6886187195777893,0.13311068713665009,22.510000000000048,14.490557425362738,4.3102486746652175,2.1507008416312083,0.105110657306561,0.008437780273045092,30.178997039794922,13.020524024963379,1143,751.6648189186453
2022-07-19,2022,200,1,0.6784219145774841,0.21194522082805634,18.950000000000045,14.933916800362738,4.599559674944203,2.184248379298619,0.10851540872658205,0.008083281648243457,21.502798080444336,236.3096923828125,1416,486.0041152089147
2022-07-17,2022,198,1,0.6721827983856201,0.10549622029066086,19.340000000000032,16.380083792550238,5.054262869698675,2.2964135578700473,0.0891688586195798,0.00622276736506322,21.724384307861328,339.13751220703125,1285,787.7182237323191
2022-07-19,2022,200,1,0.5378758907318115,0.03683948889374733,20.650000000000034,14.490557425362738,4.3102486746652175,2.1507008416312083,0.105110657306561,0.008437780273045092,4.178900241851807,48.34394836425781,1457,632.5345840347388
2022-07-17,2022,198,1,0.7449595928192139,0.15930593013763428,24.960000000000036,17.920898873465433,7.928837803431918,2.209106581551688,0.1147559107264371,0.011009467375362902,15.246522903442383,191.49581909179688,191,121.65525060596438
2022-07-15,2022,196,1,0.5142648220062256,-0.05903994292020798,27.900000000000034,19.466420200892856,6.037201363699808,2.3747340611049106,0.07424772986973238,0.0016617901445279415,4.486820220947266,316.22161865234375,420,78.10249675906654
2022-07-18,2022,199,1,0.6635004281997681,0.15296460688114166,26.250000000000057,18.951725987025668,6.45124206542971,2.316927228655134,0.07394437203014803,0.002837759983624011,7.426595687866211,138.1698760986328,472,30
2022-08-10,2022,222,0,0.36392176151275635,-0.08892792463302612,28.05000000000001,27.036867850167425,10.68299255371096,1.4098270961216517,0.01080616021084424,3.9801386986226817e-05,1.390963077545166,0,611,128.06248474865697
2022-08-10,2022,222,0,0.44702231884002686,-0.04715520143508911,31.650000000000034,27.021190534319203,11.893413434709828,1.581756591796875,0.011837961315389833,6.260016361281373e-05,19.1885929107666,102.0822982788086,700,70
2022-08-10,2022,222,0,0.8397657871246338,0.3765254020690918,29.05000000000001,26.77770603724889,12.849452863420765,0.6938193184988839,0.005555959581609926,0.00013543703952834107,9.394885063171387,84.38539123535156,524,116.61903789690601
2022-08-10,2022,222,0,0.38689619302749634,-0.07862967252731323,31.450000000000045,27.459272548130627,11.58260062081473,1.7184666224888392,0.016191603779073915,1.7568854485006113e-05,12.545548439025879,77.39468383789062,1372,934.3446901438462
2022-08-28,2022,240,0,0.6665895581245422,0.18561699986457825,35.03000000000003,26.828164672851585,11.302577863420765,1.8713640485491072,0.023731159209486208,5.148389736220338e-05,16.683576583862305,218.4467010498047,371,30
2022-08-07,2022,219,0,0.6228711605072021,0.14028304815292358,29.440000000000055,26.72427629743305,13.481720406668558,1.64398193359375,0.0052456578009092425,4.002490440413453e-05,7.874526500701904,225.39244079589844,343,22.360679774997898
2022-08-10,2022,222,0,0.49274447560310364,-0.05586592108011246,35.610000000000014,29.47078421456473,8.914797537667425,2.0158887590680803,0.013750391244169435,1.2979296837301035e-05,7.537919044494629,244.6488800048828,739,82.46211251235322
2022-08-07,2022,219,0,0.7226670980453491,0.24740059673786163,30.670000000000016,27.700915091378363,14.285684204101585,1.7796369280133928,0.0077829232208692645,1.8567232284993906e-05,2.859243392944336,119.08922576904297,111,14.142135623730951
2022-08-10,2022,222,0,0.5768084526062012,0.11665387451648712,25.55000000000001,26.362372698102718,10.930376761300238,1.3652300153459822,0.012818398117300234,4.9338130150289317e-05,23.708011627197266,265.7720031738281,1014,180.27756377319946
2022-08-10,2022,222,0,0.547883152961731,0.011962482705712318,31.850000000000023,27.459272548130627,11.58260062081473,1.7184666224888392,0.016191603779073915,1.7568854485006113e-05,8.649099349975586,291.86798095703125,1330,894.9860334105779
2022-08-15,2022,227,0,0.798344612121582,0.23193098604679108,27.700000000000045,28.26973440987723,13.195073154994418,1.1397814069475447,0.0037816038124525164,8.177795806929566e-05,7.071302890777588,148.01904296875,152,90.55385138137417
2022-08-10,2022,222,0,0.6078860759735107,0.2493191808462143,26.55000000000001,26.623420061383968,9.30110866001678,1.9087415422712053,0.02062666618752118,1.8775848541707774e-05,7.3768815994262695,67.96939849853516,1206,480.52055106935853
2022-08-29,2022,241,0,0.7620092630386353,0.21909745037555695,29.99000000000001,25.938934762137308,10.717991856166293,1.7775704520089286,0.02908100390362378,3.734269538924195e-05,15.994807243347168,351.21697998046875,635,56.568542494923804
2022-08-10,2022,222,0,0.561482846736908,-0.052140504121780396,30.970000000000027,26.623420061383968,9.30110866001678,1.9087415422712053,0.02062666618752118,1.8775848541707774e-05,18.521272659301758,294.2503356933594,1036,401.62171256046406
2022-08-04,2022,216,0,0.5901128053665161,0.09728967398405075,30.230000000000018,27.456299264090433,13.251561192103793,1.7316044398716517,0.009249093174215517,1.6168145332784434e-05,14.703888893127441,315.18621826171875,418,64.03124237432849
2022-08-10,2022,222,0,0.8575245141983032,0.3487206697463989,25.930000000000007,26.771467372349377,11.80291573660719,0.8478524344308036,0.004838692187544069,7.101931968733766e-05,18.80846405029297,92.72419738769531,429,70.71067811865476
2022-08-10,2022,222,0,0.6688596606254578,0.14292865991592407,30.010000000000048,27.273821585518988,13.384552437918558,1.5846688406808036,0.009854244231458864,1.707711616560914e-05,15.63876724243164,326.98114013671875,480,102.95630140987001
2022-08-09,2022,221,0,0.8641781210899353,0.3339720368385315,27.150000000000034,27.437759835379495,11.92492501395094,1.2318812779017858,0.006453799247022829,8.50413123707483e-05,18.848861694335938,331.3118591308594,467,82.46211251235322
2022-08-10,2022,222,0,0.5763571858406067,0.06004776433110237,29.170000000000016,26.72427629743305,13.481720406668558,1.64398193359375,0.0052456578009092425,4.002490440413453e-05,6.263761520385742,94.22888946533203,363,20
2022-08-12,2022,224,0,0.6877617835998535,0.16497944295406342,31.670000000000016,27.273821585518988,13.384552437918558,1.5846688406808036,0.009854244231458864,1.707711616560914e-05,12.018875122070312,24.159231185913086,350,60.82762530298219
2022-08-11,2022,223,0,0.576882541179657,0.05927920714020729,25.350000000000023,26.261424909319203,11.575507463727718,1.3320704868861608,0.014721172093626222,4.862287441298463e-05,16.281658172607422,77.19139862060547,923,111.80339887498948
2022-08-03,2022,215,0,0.6807697415351868,0.1851639449596405,26.310000000000002,27.401908220563655,13.216234915597113,1.2892826625279017,0.006520541548010073,4.412272373244264e-05,3.8877627849578857,126.54837799072266,381,228.25424421026653
2022-08-10,2022,222,0,0.8069389462471008,0.3216194212436676,27.110000000000014,26.899538748604925,12.25148707798553,1.0308096749441964,0.009677307843443117,5.947091976210572e-05,6.950262546539307,174.8338165283203,498,120
2022-08-10,2022,222,0,0.794542133808136,0.23694802820682526,28.380000000000052,28.26973440987723,13.195073154994418,1.1397814069475447,0.0037816038124525164,8.177795806929566e-05,1.9572021961212158,161.33456420898438,322,106.3014581273465
2022-08-10,2022,222,0,0.7579153776168823,0.2373502254486084,27.150000000000034,27.087047467912953,11.853986903599377,1.0689304896763392,0.008643986820455751,5.988815227553346e-05,15.90104866027832,268.3719177246094,799,108.16653826391969
2022-08-12,2022,224,0,0.7009292244911194,0.17031922936439514,29.730000000000018,26.419447108677502,12.309132603236606,0.9482901436941964,0.004877658724065981,9.556153217360475e-05,11.059788703918457,218.11578369140625,778,161.24515496597098
2022-08-10,2022,222,0,0.7447187900543213,0.18249543011188507,30.690000000000055,27.437759835379495,11.92492501395094,1.2318812779017858,0.006453799247022829,8.50413123707483e-05,10.718806266784668,112.63310241699219,394,76.15773105863909
2022-08-15,2022,227,0,0.6981465220451355,0.10354667901992798,33.01000000000005,28.509766060965433,9.97017386300223,1.6314937046595983,0.010857122182127199,2.026596466109254e-05,5.421077728271484,126.65721130371094,692,116.61903789690601
2022-08-29,2022,241,0,0.5872781276702881,0.051851850003004074,34.63000000000005,29.211576625279065,8.654273332868343,2.2388218470982144,0.01715965771603223,1.1161355171651621e-05,26.03841781616211,299.80181884765625,606,133.41664064126334
2022-08-04,2022,216,0,0.3300819396972656,-0.12105854600667953,33.13000000000005,27.862564522879495,10.622770472935315,1.403200422014509,0.008114861487623415,5.625226894423463e-05,1.8740415573120117,90,616,67.0820393249937
2022-08-03,2022,215,0,0.6675484776496887,0.1548091620206833,29.410000000000025,26.487649536132835,12.27747497558596,0.8245697021484375,0.003889145492788515,0.00011526086727187135,3.8788411617279053,256.1872253417969,447,20
2022-08-10,2022,222,0,0.6226676106452942,0.11282306164503098,33.23000000000002,28.552689034598245,9.988153076171898,1.7931562151227678,0.013799654483076296,1.6689685974569102e-05,6.494411468505859,174.50880432128906,531,111.80339887498948
2022-08-12,2022,224,0,0.4496394991874695,0.061576876789331436,28.630000000000052,26.362372698102718,10.930376761300238,1.3652300153459822,0.012818398117300234,4.9338130150289317e-05,14.456745147705078,282.69500732421875,823,161.55494421403512
2022-08-10,2022,222,0,0.776553750038147,0.21583916246891022,29.79000000000002,28.213762991768988,9.417180088588168,2.0252772739955356,0.017848076462026796,1.3024000320882578e-05,19.56409454345703,332.6531066894531,770,139.2838827718412
2022-08-10,2022,222,0,0.6120592355728149,0.13978998363018036,26.590000000000032,27.087047467912953,11.853986903599377,1.0689304896763392,0.008643986820455751,5.988815227553346e-05,12.436949729919434,156.56414794921875,500,162.78820596099706
2022-08-10,2022,222,0,0.6999944448471069,0.18350796401500702,29.07000000000005,24.711480712890648,9.74103698730471,1.615506853376116,0.02011406624245282,3.7834433708638926e-05,7.235210418701172,288.5887451171875,1122,284.2534080710379
2022-08-28,2022,240,0,0.6059293150901794,0.12395093590021133,29.210000000000036,24.711480712890648,9.74103698730471,1.615506853376116,0.02011406624245282,3.7834433708638926e-05,11.145207405090332,350.4008483886719,830,64.03124237432849
2022-08-10,2022,222,0,0.6169578433036804,0.12212494760751724,27.890000000000043,27.340384783063655,13.104021780831488,1.2797633579799108,0.008906470774885378,3.157594600722291e-05,4.39841890335083,58.255184173583984,586,0
2022-08-30,2022,242,0,0.6685738563537598,0.0991450697183609,29.010000000000048,26.28379865373887,11.387787301199808,1.2900456019810267,0.010742457746740541,6.450751224562623e-05,7.979414939880371,301.31036376953125,956,147.648230602334
2022-08-10,2022,222,0,0.6227213144302368,0.16515013575553894,30.140000000000043,27.401908220563655,13.216234915597113,1.2892826625279017,0.006520541548010073,4.412272373244264e-05,4.669158458709717,187.68838500976562,545,10
2022-08-10,2022,222,0,0.7553458213806152,0.25010615587234497,32.48000000000002,27.470738438197543,14.042759922572543,1.6812613351004464,0.006464468478437624,2.1830586586446543e-05,8.286873817443848,282.8431396484375,150,63.24555320336759
2022-08-12,2022,224,0,0.664539635181427,0.08211473375558853,34.47000000000003,26.900007411411877,9.45266985212055,2.0937303815569197,0.02459363841938611,1.715162197157838e-05,12.860294342041016,31.694305419921875,1055,101.9803902718557
2022-08-11,2022,223,0,0.8367827534675598,0.3333253264427185,26.130000000000052,27.574077497209828,12.716858346121683,1.1663055419921875,0.005619364022489748,8.165874877974488e-05,6.760434627532959,332.5755310058594,855,187.88294228055935
2022-08-29,2022,241,0,0.6411190032958984,0.03847121447324753,27.83000000000004,27.355728585379495,11.069567435128363,1.3427930559430803,0.0077860524647199725,7.991531292006471e-05,7.0648908615112305,148.10328674316406,823,130
2022-08-28,2022,240,0,0.5259202122688293,-0.015104669146239758,35.27000000000004,29.88337097167971,9.427285766601585,1.8107212611607142,0.01140934431481,1.505055824324586e-05,2.0862793922424316,296.383056640625,395,20
2022-08-25,2022,237,0,0.44877392053604126,-0.010677268728613853,34.27000000000004,30.41414358956473,8.39422215053014,2.258355276925223,0.012482645153280458,1.1191157494039317e-05,15.599882125854492,256.5902099609375,749,28.284271247461902
2022-08-10,2022,222,0,0.4752545952796936,-0.025632331147789955,35.43000000000001,28.509766060965433,9.97017386300223,1.6314937046595983,0.010857122182127199,2.026596466109254e-05,0,0,745,82.46211251235322
2022-08-25,2022,237,0,0.6482067704200745,0.1349731832742691,34.29000000000002,26.786257498604925,11.404419381277933,1.7977055140904017,0.019675674080129824,5.3614763412923594e-05,4.847408294677734,40.22422409057617,694,166.43316977093238
2022-08-04,2022,216,0,0.6602702736854553,0.1313530057668686,29.30000000000001,26.671232386997815,12.898045567103793,1.4024244035993303,0.0049033185236417864,4.7818211708516856e-05,11.835726737976074,317.2088928222656,852,430.4648650006177
2022-08-10,2022,222,0,0.39740684628486633,-0.21487069129943848,36.43000000000001,28.35433131626678,8.08192923409598,2.327693394252232,0.01789742910790082,1.1176256332845469e-05,9.276651382446289,187.66690063476562,953,151.32745950421557
2022-08-29,2022,241,0,0.585565447807312,0.11592898517847061,26.950000000000045,26.565885707310315,11.370727975027933,1.3165697370256697,0.010032238601919374,9.205975929305055e-05,3.6265177726745605,300.71856689453125,761,14.142135623730951
2022-08-10,2022,222,0,0.6437733173370361,0.04209861904382706,32.49000000000001,27.319593593052502,12.479547119140648,1.560819353376116,0.01050377094673749,1.6585377846212168e-05,24.586275100708008,94.05758666992188,333,171.17242768623692
2022-08-03,2022,215,0,0.8348999619483948,0.3165782690048218,26.010000000000048,28.2336146763393,12.541312517438655,1.1534772600446428,0.005222367285963259,7.236042419478395e-05,9.012011528015137,124.15052032470703,459,220
2022-08-10,2022,222,0,0.4257112741470337,-0.10456651449203491,30.390000000000043,25.238878958565863,10.167376273018988,1.6944689069475447,0.02419226074146863,3.8475183639974375e-05,5.602593898773193,137.9520263671875,845,36.05551275463989
2022-08-15,2022,227,0,0.4916532337665558,0.006481891497969627,31.650000000000034,28.310780552455356,10.592078508649593,1.5691702706473214,0.00863793694901105,2.8238085899801035e-05,3.7418034076690674,209.9661407470703,828,0
2022-08-10,2022,222,0,0.6108404994010925,0.11819681525230408,33.39000000000004,26.828164672851585,11.302577863420765,1.8713640485491072,0.023731159209486208,5.148389736220338e-05,9.495287895202637,336.8443908691406,313,31.622776601683796
2022-08-10,2022,222,0,0.5473530888557434,0.06374085694551468,31.79000000000002,27.862564522879495,10.622770472935315,1.403200422014509,0.008114861487623415,5.625226894423463e-05,2.334409236907959,53.4417610168457,616,107.70329614269008
2022-08-26,2022,238,0,0.6507495641708374,0.10567685961723328,28.630000000000052,24.711480712890648,9.74103698730471,1.615506853376116,0.02011406624245282,3.7834433708638926e-05,8.517123222351074,233.52183532714844,1011,108.16653826391969
2022-08-12,2022,224,0,0.7349065542221069,0.2507990896701813,29.930000000000007,26.419447108677502,12.309132603236606,0.9482901436941964,0.004877658724065981,9.556153217360475e-05,12.387253761291504,174.2732696533203,593,0
2022-08-10,2022,222,0,0.13212081789970398,-0.23472243547439575,30.250000000000057,27.021190534319203,11.893413434709828,1.581756591796875,0.011837961315389833,6.260016361281373e-05,28.8325252532959,137.3196563720703,413,86.02325267042627
2022-08-10,2022,222,0,0.838919460773468,0.3138540983200073,28.390000000000043,26.366778128487738,12.327909633091565,0.8053174700055804,0.0037792643301450823,0.000142291573677511,9.912370681762695,337.8707580566406,525,63.24555320336759
2022-08-10,2022,222,0,0.5053116083145142,-0.09079661220312119,33.910000000000025,28.509766060965433,9.97017386300223,1.6314937046595983,0.010857122182127199,2.026596466109254e-05,4.166350364685059,0,742,193.13207915827968
2022-08-04,2022,216,0,0.810394823551178,0.3334250748157501,27.650000000000034,27.535418265206488,13.669715227399593,1.4502759660993303,0.007085563778158388,2.770164409682252e-05,12.515356063842773,236.84242248535156,507,98.99494936611666
2022-08-12,2022,224,0,0.41462114453315735,-0.09181226789951324,30.350000000000023,25.954614257812523,9.817067173549106,1.9164079938616072,0.02792276644634839,2.5436667595357676e-05,12.337088584899902,272.1208190917969,864,170.29386365926402
2022-08-10,2022,222,0,0.7847856283187866,0.2471734881401062,29.310000000000002,28.2336146763393,12.541312517438655,1.1534772600446428,0.005222367285963259,7.236042419478395e-05,2.9832000732421875,320.9466247558594,416,20
2022-08-11,2022,223,0,0.43853530287742615,-0.06522119045257568,31.29000000000002,28.703637695312523,10.460961914062523,1.6531546456473214,0.010606797575231752,2.1547464523763438e-05,11.411847114562988,32.64101028442383,731,40
2022-08-07,2022,219,0,0.7757194638252258,0.2819521725177765,28.350000000000023,27.470738438197543,14.042759922572543,1.6812613351004464,0.006464468478437624,2.1830586586446543e-05,4.9540934562683105,130.8155517578125,187,67.0820393249937
2022-08-26,2022,238,0,0.3013631999492645,-0.037450484931468964,34.29000000000002,28.552689034598245,9.988153076171898,1.7931562151227678,0.013799654483076296,1.6689685974569102e-05,17.33643341064453,250.3015899658203,717,106.3014581273465
2022-08-12,2022,224,0,0.7024102807044983,0.20850048959255219,32.110000000000014,26.856622314453148,12.436356026785745,1.1886640276227678,0.008521812199827394,4.9919275436849375e-05,10.072293281555176,280.50177001953125,152,41.23105625617661
2022-08-14,2022,226,0,0.6977022290229797,0.08697737008333206,33.870000000000005,28.35433131626678,8.08192923409598,2.327693394252232,0.01789742910790082,1.1176256332845469e-05,9.265713691711426,160.49949645996094,858,136.01470508735443
2022-08-30,2022,242,0,0.4734651446342468,-0.02965690940618515,37.13000000000005,29.229712785993343,8.441053553990002,2.3497161865234375,0.013928668736692629,1.0759023819417735e-05,20.575408935546875,60.2698860168457,704,201.24611797498108
2022-08-30,2022,242,0,0.4977947771549225,-0.034513670951128006,34.99000000000001,28.35433131626678,8.08192923409598,2.327693394252232,0.01789742910790082,1.1176256332845469e-05,3.3019492626190186,190.87741088867188,920,194.164878389476
2022-08-30,2022,242,0,0.5589600801467896,-0.02551163360476494,30.400000000000034,26.295744105747815,10.539453125000023,1.927030290876116,0.01310996913838025,6.921627918288209e-05,18.78752326965332,211.07037353515625,935,210.2379604162864
2022-08-10,2022,222,0,0.5801011919975281,0.11780495196580887,29.010000000000048,27.401908220563655,13.216234915597113,1.2892826625279017,0.006520541548010073,4.412272373244264e-05,10.301753044128418,231.43365478515625,619,30
2022-08-10,2022,222,0,0.7344776391983032,0.2752804756164551,30.250000000000057,26.419447108677502,12.309132603236606,0.9482901436941964,0.004877658724065981,9.556153217360475e-05,13.623722076416016,222.7178497314453,409,50
2022-08-04,2022,216,0,0.7188769578933716,0.21504075825214386,29.160000000000025,26.419447108677502,12.309132603236606,0.9482901436941964,0.004877658724065981,9.556153217360475e-05,8.734347343444824,266.9801025390625,792,36.05551275463989
2022-08-10,2022,222,0,0.8182653188705444,0.3410455882549286,23.190000000000055,26.663768659319203,11.744354684012308,1.192840576171875,0.011873873113867006,5.298891464278199e-05,18.7221622467041,48.03364562988281,840,128.06248474865697
2022-08-10,2022,222,0,0.5555034875869751,0.04986962303519249,29.77000000000004,27.08396955217637,12.430616542271252,1.2018912179129464,0.010886537074323854,5.747416416213014e-05,1.5623642206192017,306.4056701660156,374,120.41594578792296
2022-08-25,2022,237,0,0.7249612808227539,0.20113208889961243,27.33000000000004,27.178277587890648,12.398379080636175,1.3851165771484375,0.011893855571027956,5.7429460678548594e-05,30.011539459228516,127.0518569946289,338,40
2022-08-10,2022,222,0,0.3873772919178009,-0.03603813052177429,34.13000000000005,26.952185930524593,9.725189644949808,1.6398664202008928,0.013182791113134584,2.7150301132650156e-05,3.983372211456299,69.59230041503906,772,94.33981132056603
2022-08-04,2022,216,0,0.7688955664634705,0.20115871727466583,32.23000000000002,27.456299264090433,13.251561192103793,1.7316044398716517,0.009249093174215517,1.6168145332784434e-05,18.657533645629883,35.411781311035156,150,82.46211251235322
2022-08-30,2022,242,0,0.413722425699234,-0.15518109500408173,36.370000000000005,28.35433131626678,8.08192923409598,2.327693394252232,0.01789742910790082,1.1176256332845469e-05,6.6771345138549805,33.93649673461914,1022,174.928556845359
2022-08-10,2022,222,0,0.7286348342895508,0.1823946237564087,28.010000000000048,27.355728585379495,11.069567435128363,1.3427930559430803,0.0077860524647199725,7.991531292006471e-05,4.212688446044922,8.521170616149902,653,86.02325267042627
2022-08-12,2022,224,0,0.7383232712745667,0.1392470896244049,28.170000000000016,26.618567766462093,11.15624825613844,1.7868238176618303,0.011747377156492433,6.69662038426111e-05,23.83938980102539,240.3590087890625,478,143.17821063276352
2022-08-03,2022,215,0,0.7796114087104797,0.26889392733573914,31.79000000000002,26.565885707310315,11.370727975027933,1.3165697370256697,0.010032238601919374,9.205975929305055e-05,13.070631980895996,204.98468017578125,913,40
2022-08-21,2022,233,0,0.8286172151565552,0.31145718693733215,27.510000000000048,27.437759835379495,11.92492501395094,1.2318812779017858,0.006453799247022829,8.50413123707483e-05,8.781572341918945,308.95703125,588,78.10249675906654
2022-08-10,2022,222,0,0.8120956420898438,0.2731863260269165,27.78000000000003,26.734512765066995,12.612523106166293,1.2442212785993303,0.004307704209562502,6.645956436202027e-05,7.4502949714660645,317.96435546875,788,116.61903789690601
2022-08-10,2022,222,0,0.6899012327194214,0.19611576199531555,30.07000000000005,27.886553519112738,13.799746268136175,2.222571236746652,0.0074639489643537615,1.2487558517904063e-05,2.0838096141815186,296.4167785644531,487,67.0820393249937
2022-08-10,2022,222,0,0.7518286108970642,0.20541399717330933,26.930000000000007,27.581118338448675,12.888275582449808,1.143827165876116,0.003708990453954897,8.291044632002809e-05,6.8830952644348145,93.84457397460938,325,63.24555320336759
2022-08-30,2022,242,0,0.7079247832298279,0.14843852818012238,32.77000000000004,26.28379865373887,11.387787301199808,1.2900456019810267,0.010742457746740541,6.450751224562623e-05,8.520801544189453,220.858642578125,1024,317.8049716414141
2022-08-03,2022,215,0,0.82780522108078,0.31172069907188416,30.49000000000001,26.128152465820335,11.928872680664085,0.6330326625279018,0.004491748451467714,0.00014965274730727174,12.548930168151855,236.94577026367188,646,80.62257748298549
2022-08-12,2022,224,0,0.7136771082878113,0.18618951737880707,27.33000000000004,27.036867850167425,10.68299255371096,1.4098270961216517,0.01080616021084424,3.9801386986226817e-05,10.009271621704102,277.90771484375,794,290.6888370749727
2022-08-10,2022,222,0,0.5422164797782898,0.04676998406648636,29.390000000000043,26.362372698102718,10.930376761300238,1.3652300153459822,0.012818398117300234,4.9338130150289317e-05,1.3364174365997314,249.69952392578125,554,22.360679774997898
2022-08-04,2022,216,0,0.7312883138656616,0.21602490544319153,29.100000000000023,26.487649536132835,12.27747497558596,0.8245697021484375,0.003889145492788515,0.00011526086727187135,5.126075744628906,172.97398376464844,439,14.142135623730951
2022-08-12,2022,224,0,0.7802793383598328,0.2669890522956848,27.79000000000002,27.036867850167425,10.68299255371096,1.4098270961216517,0.01080616021084424,3.9801386986226817e-05,9.599584579467773,215.55551147460938,758,198.49433241279206
2022-08-15,2022,227,0,0.5974809527397156,0.1009705439209938,31.350000000000023,29.211576625279065,8.654273332868343,2.2388218470982144,0.01715965771603223,1.1161355171651621e-05,5.68422269821167,192.63009643554688,598,120.83045973594572
2022-08-06,2022,218,0,0.45891082286834717,-0.08033666759729385,32.05000000000001,26.28379865373887,11.387787301199808,1.2900456019810267,0.010742457746740541,6.450751224562623e-05,15.83928108215332,86.72909545898438,1111,78.10249675906654
2022-08-26,2022,238,0,0.7667872309684753,0.24177759885787964,27.55000000000001,26.565885707310315,11.370727975027933,1.3165697370256697,0.010032238601919374,9.205975929305055e-05,13.371281623840332,285.8072509765625,759,130.384048104053
2022-08-10,2022,222,0,0.33128833770751953,-0.1183227002620697,34.79000000000002,30.61726858956473,8.270240129743343,2.4285387311662947,0.011571096419569216,1.0759023819417735e-05,15.24514389038086,275.1114807128906,628,42.426406871192846
2022-08-10,2022,222,0,0.4787663519382477,0.010049496777355671,32.23000000000002,27.290643310546898,13.90160740443639,1.929079328264509,0.00869494879173871,1.7479447517843028e-05,3.704791784286499,180,61,22.360679774997898
2022-08-10,2022,222,0,0.6256600618362427,0.1477232575416565,32.93000000000001,27.82891671316969,13.905640084402933,1.473172869001116,0.008925007819410524,1.9327191505880137e-05,1.9299448728561401,256.10174560546875,27,14.142135623730951
2022-08-11,2022,223,0,0.6468924283981323,0.11144165694713593,30.07000000000005,26.261424909319203,11.575507463727718,1.3320704868861608,0.014721172093626222,4.862287441298463e-05,15.121119499206543,68.93416595458984,592,130.384048104053
2022-08-11,2022,223,0,0.5916174054145813,0.043463610112667084,29.410000000000025,25.954614257812523,9.817067173549106,1.9164079938616072,0.02792276644634839,2.5436667595357676e-05,6.986109733581543,258.5708923339844,915,127.27922061357856
2022-08-15,2022,227,0,0.753722071647644,0.15912291407585144,31.83000000000004,29.211576625279065,8.654273332868343,2.2388218470982144,0.01715965771603223,1.1161355171651621e-05,18.834129333496094,112.31315612792969,614,100
2022-08-12,2022,224,0,0.7590587139129639,0.2236245721578598,30.49000000000001,26.128152465820335,11.928872680664085,0.6330326625279018,0.004491748451467714,0.00014965274730727174,2.6359407901763916,208.4735107421875,625,41.23105625617661
2022-08-09,2022,221,0,0.778544545173645,0.23228345811367035,25.710000000000036,26.781230817522328,11.327338518415218,1.2942548479352678,0.007787155150648317,9.74539796452234e-05,17.808773040771484,79.84139251708984,839,56.568542494923804
2022-08-03,2022,215,0,0.7736099362373352,0.2819169759750366,28.57000000000005,26.64061017717637,11.44640720912389,1.701444353376116,0.01639719510006543,5.300381580397584e-05,2.2389323711395264,214.0969696044922,874,72.80109889280519
2022-08-29,2022,241,0,0.6324586868286133,0.04226019233465195,33.81,25.938934762137308,10.717991856166293,1.7775704520089286,0.02908100390362378,3.734269538924195e-05,25.24888801574707,56.68817138671875,474,141.4213562373095
2022-08-12,2022,224,0,0.817669153213501,0.28924980759620667,25.750000000000057,27.401908220563655,13.216234915597113,1.2892826625279017,0.006520541548010073,4.412272373244264e-05,26.09624671936035,22.276203155517578,507,58.309518948453004
2022-08-26,2022,238,0,0.5052546262741089,-0.018795011565089226,27.27000000000004,27.571008300781273,12.364607020786877,1.2081473214285714,0.005632983683820925,9.340086380049684e-05,8.00094223022461,157.12364196777344,341,44.721359549995796
2022-08-10,2022,222,0,0.4697214961051941,-0.14456188678741455,30.670000000000016,27.459272548130627,11.58260062081473,1.7184666224888392,0.016191603779073915,1.7568854485006113e-05,18.383438110351562,328.4749450683594,1044,496.4876634922564
2022-08-10,2022,222,0,0.4879351258277893,0.03401774913072586,27.750000000000057,27.340384783063655,13.104021780831488,1.2797633579799108,0.008906470774885378,3.157594600722291e-05,6.355240345001221,209.30194091796875,596,20
2022-08-10,2022,222,0,0.7683541178703308,0.2956964373588562,26.370000000000005,27.574077497209828,12.716858346121683,1.1663055419921875,0.005619364022489748,8.165874877974488e-05,21.12076759338379,261.5658874511719,397,111.80339887498948
2022-08-28,2022,240,0,0.5573947429656982,0.0063716815784573555,31.53000000000003,26.828164672851585,11.302577863420765,1.8713640485491072,0.023731159209486208,5.148389736220338e-05,23.23316192626953,255.81190490722656,659,202.23748416156684
2022-08-10,2022,222,0,0.4217419922351837,0.05572383850812912,27.99000000000001,26.540551757812523,10.259661429268988,2.0129547119140625,0.03206153416561719,2.7224806938619395e-05,7.404796123504639,355.17645263671875,646,269.2582403567252
2022-08-10,2022,222,0,0.5787964463233948,0.09338249266147614,29.090000000000032,26.362372698102718,10.930376761300238,1.3652300153459822,0.012818398117300234,4.9338130150289317e-05,0,0,547,120.83045973594572
2022-08-10,2022,222,0,0.6643237471580505,0.1643570214509964,31.630000000000052,27.340384783063655,13.104021780831488,1.2797633579799108,0.008906470774885378,3.157594600722291e-05,4.090203285217285,322.4017333984375,159,40
2022-08-04,2022,216,0,0.7725642919540405,0.25036364793777466,30.53000000000003,27.456299264090433,13.251561192103793,1.7316044398716517,0.009249093174215517,1.6168145332784434e-05,4.9272141456604,117.99765014648438,277,53.85164807134504
2022-08-10,2022,222,0,0.35535889863967896,-0.14779125154018402,35.13000000000005,28.509766060965433,9.97017386300223,1.6314937046595983,0.010857122182127199,2.026596466109254e-05,0.6226750016212463,270,748,114.0175425099138
2022-08-10,2022,222,0,0.453046590089798,-0.09103138744831085,32.170000000000016,25.238878958565863,10.167376273018988,1.6944689069475447,0.02419226074146863,3.8475183639974375e-05,8.712616920471191,90,876,116.61903789690601
2022-08-12,2022,224,0,0.6013799905776978,0.10851117968559265,26.170000000000016,27.036867850167425,10.68299255371096,1.4098270961216517,0.01080616021084424,3.9801386986226817e-05,5.613650798797607,270,873,347.1310991541957
2022-08-12,2022,224,0,0.556580662727356,-0.020850511267781258,33.110000000000014,28.37696228027346,13.099877929687523,1.8516671316964286,0.009352134703870973,1.326241889998414e-05,4.166350364685059,180,413,161.55494421403512
2022-08-03,2022,215,0,0.7534815073013306,0.24070613086223602,26.510000000000048,26.691722760881703,11.00147399902346,1.3814479282924108,0.009518714784856996,9.752848545119264e-05,14.832435607910156,312.2532958984375,776,72.80109889280519
2022-08-10,2022,222,0,0.39508771896362305,-0.1346832662820816,38.07000000000005,28.509766060965433,9.97017386300223,1.6314937046595983,0.010857122182127199,2.026596466109254e-05,8.728951454162598,121.81350708007812,612,120
2022-08-04,2022,216,0,0.667553186416626,0.12708048522472382,30.250000000000057,26.671232386997815,12.898045567103793,1.4024244035993303,0.0049033185236417864,4.7818211708516856e-05,2.507791757583618,90,826,219.3171219946131
2022-08-11,2022,223,0,0.8039294481277466,0.2990277409553528,28.78000000000003,26.366778128487738,12.327909633091565,0.8053174700055804,0.0037792643301450823,0.000142291573677511,8.02502155303955,301.10992431640625,583,56.568542494923804
2022-08-30,2022,242,0,0.642926812171936,0.040182556957006454,29.450000000000045,26.465162440708752,11.063664463588168,1.8669651576450892,0.03355011546539899,3.4988311920614024e-05,7.5844316482543945,204.2443389892578,898,134.1640786499874
2022-08-29,2022,241,0,0.8130146265029907,0.2879438102245331,27.250000000000057,27.62609688895094,11.53260192871096,1.2645263671875,0.006859721779104433,7.095971504256227e-05,5.712002277374268,60.953941345214844,636,58.309518948453004
2022-08-10,2022,222,0,0.6384629607200623,0.14188288152217865,27.750000000000057,27.08396955217637,12.430616542271252,1.2018912179129464,0.010886537074323854,5.747416416213014e-05,2.555154800415039,100.44978332519531,611,171.17242768623692
2022-08-10,2022,222,0,0.6400339603424072,0.07127819955348969,29.680000000000007,28.26973440987723,13.195073154994418,1.1397814069475447,0.0037816038124525164,8.177795806929566e-05,0.7795586585998535,53.498390197753906,336,108.16653826391969
2022-08-12,2022,224,0,0.7387706637382507,0.18873459100723267,28.150000000000034,26.580813162667425,11.569377790178578,1.2574332101004464,0.007285224436994753,0.00010035970607802369,2.4001901149749756,164.9048614501953,702,36.05551275463989
2022-08-29,2022,241,0,0.610214114189148,0.020389921963214874,30.670000000000016,25.938934762137308,10.717991856166293,1.7775704520089286,0.02908100390362378,3.734269538924195e-05,5.087785243988037,0,924,90.55385138137417
2022-08-10,2022,222,1,0.71243816614151,0.2136842906475067,25.07000000000005,26.597192382812523,9.419133213588168,1.7211238316127233,0.01635474169182416,2.0563987884969492e-05,15.917167663574219,122.63253021240234,1132,573.149195236284
2022-08-04,2022,216,1,0.524854302406311,0.07862577587366104,35.39000000000004,29.88337097167971,9.427285766601585,1.8107212611607142,0.01140934431481,1.505055824324586e-05,8.842635154724121,294.5960388183594,529,10
2022-08-26,2022,238,1,0.3965517282485962,-0.10338011384010315,30.890000000000043,26.28379865373887,11.387787301199808,1.2900456019810267,0.010742457746740541,6.450751224562623e-05,12.001434326171875,76.79450225830078,1227,346.5544690232691
2022-08-12,2022,224,1,0.6256057024002075,0.1378965675830841,26.370000000000005,26.597192382812523,9.419133213588168,1.7211238316127233,0.01635474169182416,2.0563987884969492e-05,20.222990036010742,45.32516098022461,1334,504.7771785649585
2022-08-10,2022,222,1,0.653878390789032,0.10550475865602493,25.630000000000052,24.854725864955356,8.94026881626678,1.6663295200892858,0.018677698611494264,3.019013801619508e-05,26.111698150634766,299.69573974609375,1199,536.0037313302959
2022-08-30,2022,242,1,0.6095030307769775,0.04260376840829849,33.09000000000003,30.210379900251155,9.702661132812523,1.7475367954799108,0.011111112474676332,1.4961151276082774e-05,2.6300048828125,151.7661895751953,729,192.09372712298546
2022-08-10,2022,222,1,0.6097747087478638,0.14066225290298462,26.99000000000001,25.68145577566969,9.653588867187523,1.5256195068359375,0.01469502055573102,3.330448070570924e-05,13.885719299316406,144.93707275390625,1345,534.5091205957107
2022-08-11,2022,223,1,0.41777586936950684,-0.05909132957458496,27.630000000000052,24.854725864955356,8.94026881626678,1.6663295200892858,0.018677698611494264,3.019013801619508e-05,24.438949584960938,184.1341552734375,1143,709.365914038728
2022-08-10,2022,222,1,0.5395733118057251,0.06018957495689392,27.970000000000027,24.854725864955356,8.94026881626678,1.6663295200892858,0.018677698611494264,3.019013801619508e-05,31.225379943847656,220.4457244873047,1220,845.931439302264
2022-08-10,2022,222,1,0.41242480278015137,-0.03609903156757355,27.210000000000036,24.854725864955356,8.94026881626678,1.6663295200892858,0.018677698611494264,3.019013801619508e-05,1.956860899925232,18.635807037353516,1351,554.7071299343465
2022-08-10,2022,222,1,0.7551521062850952,0.3087693452835083,26.950000000000045,24.854725864955356,8.94026881626678,1.6663295200892858,0.018677698611494264,3.019013801619508e-05,28.490020751953125,2.307015895843506,1125,678.9698078707182
2022-08-10,2022,222,1,0.7023581862449646,0.23334823548793793,25.430000000000007,24.854725864955356,8.94026881626678,1.6663295200892858,0.018677698611494264,3.019013801619508e-05,22.668642044067383,308.3251037597656,1116,670
2022-08-12,2022,224,1,0.5187580585479736,0.030874785035848618,28.890000000000043,26.597192382812523,9.419133213588168,1.7211238316127233,0.01635474169182416,2.0563987884969492e-05,9.665964126586914,176.32518005371094,1492,386.39358172723314
2022-08-03,2022,215,1,0.6979275941848755,0.1004641056060791,35.57000000000005,28.552689034598245,9.988153076171898,1.7931562151227678,0.013799654483076296,1.6689685974569102e-05,3.401721715927124,227.09127807617188,419,67.0820393249937
2022-08-10,2022,222,1,0.49365442991256714,0.012190804816782475,27.210000000000036,24.854725864955356,8.94026881626678,1.6663295200892858,0.018677698611494264,3.019013801619508e-05,13.512946128845215,271.9300842285156,1216,502.4937810560445
2022-08-21,2022,233,1,0.647517740726471,0.14668728411197662,33.27000000000004,27.290643310546898,13.90160740443639,1.929079328264509,0.00869494879173871,1.7479447517843028e-05,4.1747918128967285,48.2935905456543,157,50.99019513592785
2022-08-05,2022,217,1,0.6578764915466309,0.08915337920188904,34.410000000000025,28.552689034598245,9.988153076171898,1.7931562151227678,0.013799654483076296,1.6689685974569102e-05,1.553920865058899,53.364295959472656,461,143.17821063276352
2022-08-03,2022,215,1,0.6448362469673157,0.04748524725437164,34.410000000000025,28.552689034598245,9.988153076171898,1.7931562151227678,0.013799654483076296,1.6689685974569102e-05,5.307435989379883,249.60403442382812,438,106.3014581273465
2022-08-04,2022,216,1,0.4985838830471039,-0.07901709526777267,35.150000000000034,29.88337097167971,9.427285766601585,1.8107212611607142,0.01140934431481,1.505055824324586e-05,5.16295862197876,254.41098022460938,656,100
2022-08-27,2022,239,1,0.5549375414848328,0.018199946731328964,33.450000000000045,30.210379900251155,9.702661132812523,1.7475367954799108,0.011111112474676332,1.4961151276082774e-05,6.494617938995361,157.5601043701172,605,134.53624047073708
2022-08-04,2022,216,1,0.6252764463424683,0.0694160908460617,34.29000000000002,28.552689034598245,9.988153076171898,1.7931562151227678,0.013799654483076296,1.6689685974569102e-05,1.9562565088272095,198.5832061767578,427,76.15773105863909
2022-08-15,2022,227,1,0.6371507048606873,0.09656962007284164,31.310000000000002,26.623420061383968,9.30110866001678,1.9087415422712053,0.02062666618752118,1.8775848541707774e-05,25.560321807861328,341.388671875,997,231.94827009486403
2022-08-12,2022,224,1,0.4482758641242981,0.12404417991638184,27.55000000000001,24.854725864955356,8.94026881626678,1.6663295200892858,0.018677698611494264,3.019013801619508e-05,18.011310577392578,257.0533752441406,1451,671.1929677819934
2022-08-12,2022,224,1,0.3984852731227875,0.044608380645513535,29.53000000000003,24.854725864955356,8.94026881626678,1.6663295200892858,0.018677698611494264,3.019013801619508e-05,29.39846420288086,15.746750831604004,1213,776.4663547121665
2022-08-10,2022,222,1,0.7590307593345642,0.3106309473514557,24.390000000000043,24.854725864955356,8.94026881626678,1.6663295200892858,0.018677698611494264,3.019013801619508e-05,26.182031631469727,330.7486877441406,1204,676.0177512462228
2022-08-04,2022,216,1,0.7143295407295227,0.10847066342830658,35.110000000000014,28.552689034598245,9.988153076171898,1.7931562151227678,0.013799654483076296,1.6689685974569102e-05,1.390963077545166,180,421,31.622776601683796
2022-08-27,2022,239,1,0.5430818796157837,0.010676156729459763,30.010000000000048,26.28379865373887,11.387787301199808,1.2900456019810267,0.010742457746740541,6.450751224562623e-05,12.671725273132324,205.84776306152344,1205,402.49223594996215
2022-08-04,2022,216,1,0.4294743835926056,-0.11930849403142929,35.150000000000034,29.88337097167971,9.427285766601585,1.8107212611607142,0.01140934431481,1.505055824324586e-05,11.41391372680664,246.36495971679688,645,64.03124237432849
2022-08-05,2022,217,1,0.6809403896331787,0.10333425551652908,33.49000000000001,29.88337097167971,9.427285766601585,1.8107212611607142,0.01140934431481,1.505055824324586e-05,11.309146881103516,258.3249206542969,632,70.71067811865476
2022-08-30,2022,242,1,0.7465479969978333,0.21978022158145905,30.190000000000055,26.28379865373887,11.387787301199808,1.2900456019810267,0.010742457746740541,6.450751224562623e-05,19.68429183959961,76.92367553710938,958,140.356688476182
2022-08-10,2022,222,1,0.49334442615509033,-0.0053705694153904915,30.27000000000004,24.854725864955356,8.94026881626678,1.6663295200892858,0.018677698611494264,3.019013801619508e-05,14.732152938842773,135.07066345214844,1115,892.7485648266257
2022-08-10,2022,222,1,0.7356591820716858,0.2832341194152832,24.55000000000001,24.854725864955356,8.94026881626678,1.6663295200892858,0.018677698611494264,3.019013801619508e-05,21.404584884643555,24.697683334350586,1173,613.2699242584786
2022-08-10,2022,222,1,0.5436524748802185,0.03468834608793259,27.79000000000002,24.854725864955356,8.94026881626678,1.6663295200892858,0.018677698611494264,3.019013801619508e-05,22.29183578491211,350.8039245605469,1276,601.3318551349163
2022-08-28,2022,240,1,0.7160347700119019,0.17329572141170502,30.950000000000045,26.28379865373887,11.387787301199808,1.2900456019810267,0.010742457746740541,6.450751224562623e-05,12.84916877746582,163.35113525390625,901,180.27756377319946
2022-08-10,2022,222,1,0.6794566512107849,0.2604849338531494,24.410000000000025,24.854725864955356,8.94026881626678,1.6663295200892858,0.018677698611494264,3.019013801619508e-05,16.406997680664062,58.5148811340332,1250,568.5068161420758
2022-08-12,2022,224,1,0.49197861552238464,0.013400758616626263,27.79000000000002,24.854725864955356,8.94026881626678,1.6663295200892858,0.018677698611494264,3.019013801619508e-05,28.655771255493164,201.07864379882812,1226,551.4526271584895
2022-08-10,2022,222,1,0.5241571068763733,0.0031579581554979086,28.930000000000007,24.854725864955356,8.94026881626678,1.6663295200892858,0.018677698611494264,3.019013801619508e-05,20.95734977722168,250.23782348632812,1076,860.2325267042627
2022-08-10,2022,222,1,0.706657350063324,0.15624141693115234,25.970000000000027,26.597192382812523,9.419133213588168,1.7211238316127233,0.01635474169182416,2.0563987884969492e-05,33.6660270690918,271.39263916015625,1206,452.54833995939043
2022-08-09,2022,221,1,0.719902753829956,0.307219922542572,27.230000000000018,25.68145577566969,9.653588867187523,1.5256195068359375,0.01469502055573102,3.330448070570924e-05,20.674331665039062,205.72947692871094,1286,511.5662224971465
2022-08-25,2022,237,1,0.5415617227554321,0.006068215239793062,30.950000000000045,26.28379865373887,11.387787301199808,1.2900456019810267,0.010742457746740541,6.450751224562623e-05,11.507187843322754,121.1207504272461,1157,305.28675044947494
2022-08-30,2022,242,1,0.6413199305534363,0.10488700121641159,33.910000000000025,29.634487043108265,10.05757838657928,1.7038988385881697,0.009648950933691225,1.8775848541707774e-05,2.974701166152954,141.14918518066406,743,221.35943621178654
2022-08-09,2022,221,1,0.4923430383205414,-0.02354709431529045,27.99000000000001,24.854725864955356,8.94026881626678,1.6663295200892858,0.018677698611494264,3.019013801619508e-05,24.17263412475586,142.5082244873047,1008,657.4191965557441
2022-08-04,2022,216,1,0.5398797392845154,-0.014871794730424881,34.29000000000002,28.552689034598245,9.988153076171898,1.7931562151227678,0.013799654483076296,1.6689685974569102e-05,6.843245029449463,273.8672180175781,452,141.4213562373095
2022-08-10,2022,222,1,0.5934334397315979,0.10830235481262207,28.230000000000018,24.854725864955356,8.94026881626678,1.6663295200892858,0.018677698611494264,3.019013801619508e-05,25.276214599609375,330.9503479003906,1325,490.1020301937138
2022-08-10,2022,222,1,0.7138879299163818,0.31446877121925354,24.49000000000001,24.854725864955356,8.94026881626678,1.6663295200892858,0.018677698611494264,3.019013801619508e-05,18.998573303222656,9.124337196350098,1317,708.3078426785913
2022-08-10,2022,222,1,0.6524230241775513,0.09743478149175644,26.510000000000048,24.854725864955356,8.94026881626678,1.6663295200892858,0.018677698611494264,3.019013801619508e-05,6.642068862915039,110.33643341064453,1056,662.872536767062
2022-08-05,2022,217,1,0.6482632756233215,0.07339662313461304,36.55000000000001,29.88337097167971,9.427285766601585,1.8107212611607142,0.01140934431481,1.505055824324586e-05,4.491625785827637,223.8425750732422,458,31.622776601683796
2022-08-10,2022,222,1,0.6743821501731873,0.17260348796844482,25.07000000000005,26.597192382812523,9.419133213588168,1.7211238316127233,0.01635474169182416,2.0563987884969492e-05,3.1114888191223145,126.55438995361328,1190,498.196748283246
2022-08-10,2022,222,1,0.5931826829910278,0.07545750588178635,26.07000000000005,24.854725864955356,8.94026881626678,1.6663295200892858,0.018677698611494264,3.019013801619508e-05,24.978130340576172,79.99424743652344,1134,731.7103251970686
2022-08-04,2022,216,1,0.6075419187545776,0.05985267087817192,34.870000000000005,29.88337097167971,9.427285766601585,1.8107212611607142,0.01140934431481,1.505055824324586e-05,5.1621623039245605,237.48272705078125,485,42.426406871192846
2022-08-10,2022,222,1,0.5232641100883484,0.06720160692930222,27.27000000000004,24.854725864955356,8.94026881626678,1.6663295200892858,0.018677698611494264,3.019013801619508e-05,29.924726486206055,176.73548889160156,1069,737.5635565834309
2022-08-26,2022,238,1,0.7269625663757324,0.23272746801376343,28.850000000000023,26.28379865373887,11.387787301199808,1.2900456019810267,0.010742457746740541,6.450751224562623e-05,12.986736297607422,58.23523712158203,1163,360.69377593742865
2022-08-10,2022,222,1,0.6233817338943481,0.19422799348831177,25.430000000000007,24.854725864955356,8.94026881626678,1.6663295200892858,0.018677698611494264,3.019013801619508e-05,15.298845291137695,140.29139709472656,1327,622.0128616033595
2022-08-12,2022,224,1,0.39659735560417175,0.01478641852736473,30.27000000000004,24.854725864955356,8.94026881626678,1.6663295200892858,0.018677698611494264,3.019013801619508e-05,13.529879570007324,143.8298797607422,1358,840.0595217006947
2022-08-10,2022,222,1,0.6880566477775574,0.14970453083515167,25.970000000000027,24.854725864955356,8.94026881626678,1.6663295200892858,0.018677698611494264,3.019013801619508e-05,22.09734535217285,48.86229705810547,1083,756.6372975210778
2022-08-10,2022,222,1,0.45118823647499084,0.030959783121943474,29.53000000000003,24.854725864955356,8.94026881626678,1.6663295200892858,0.018677698611494264,3.019013801619508e-05,27.467561721801758,355.1791687011719,1232,784.4743462982075
2022-08-28,2022,240,1,0.6945407390594482,0.132510244846344,31.05000000000001,26.28379865373887,11.387787301199808,1.2900456019810267,0.010742457746740541,6.450751224562623e-05,20.22179412841797,62.52073669433594,935,180.27756377319946
2022-08-10,2022,222,1,0.7583383917808533,0.2869120240211487,25.79000000000002,26.597192382812523,9.419133213588168,1.7211238316127233,0.01635474169182416,2.0563987884969492e-05,16.290451049804688,116.30420684814453,1263,452.76925690687085
2022-08-10,2022,222,1,0.6240357160568237,0.07933081686496735,26.07000000000005,24.854725864955356,8.94026881626678,1.6663295200892858,0.018677698611494264,3.019013801619508e-05,12.717658042907715,284.53948974609375,1002,781.6009211867653
2022-08-10,2022,222,1,0.6749527454376221,0.16644428670406342,24.49000000000001,24.854725864955356,8.94026881626678,1.6663295200892858,0.018677698611494264,3.019013801619508e-05,21.058053970336914,121.7046127319336,1149,698.1403870282825
2022-08-03,2022,215,1,0.6650450229644775,0.14861983060836792,34.410000000000025,28.552689034598245,9.988153076171898,1.7931562151227678,0.013799654483076296,1.6689685974569102e-05,11.410846710205078,283.92266845703125,468,98.48857801796103
2022-08-09,2022,221,1,0.7037800550460815,0.32283884286880493,24.55000000000001,24.854725864955356,8.94026881626678,1.6663295200892858,0.018677698611494264,3.019013801619508e-05,9.065396308898926,117.16482543945312,1316,637.8871373526824
2022-08-11,2022,223,1,0.5113871693611145,0.010074801743030548,27.79000000000002,24.854725864955356,8.94026881626678,1.6663295200892858,0.018677698611494264,3.019013801619508e-05,21.526687622070312,28.074289321899414,1298,608.276253029822
2022-08-10,2022,222,1,0.7007096409797668,0.15901674330234528,27.27000000000004,24.854725864955356,8.94026881626678,1.6663295200892858,0.018677698611494264,3.019013801619508e-05,23.772085189819336,7.12451696395874,1036,726.1542535852834
2022-08-10,2022,222,1,0.5846912860870361,0.12424156814813614,25.970000000000027,26.597192382812523,9.419133213588168,1.7211238316127233,0.01635474169182416,2.0563987884969492e-05,24.310503005981445,63.38903045654297,1255,489.18299234540035
2022-08-25,2022,237,1,0.6818572878837585,0.13610543310642242,30.750000000000057,26.28379865373887,11.387787301199808,1.2900456019810267,0.010742457746740541,6.450751224562623e-05,5.256619453430176,314.73175048828125,1111,278.5677655436824
2022-08-03,2022,215,1,0.379282146692276,-0.19504030048847198,37.27000000000004,27.995653860909613,7.1530286516462525,2.4293430873325894,0.014024885534521303,1.1399773750753184e-05,6.346584320068359,223.3052520751953,1022,10
2022-08-10,2022,222,1,0.5907111763954163,0.05613105371594429,27.250000000000057,24.854725864955356,8.94026881626678,1.6663295200892858,0.018677698611494264,3.019013801619508e-05,28.165687561035156,268.2674865722656,1049,840
2022-08-10,2022,222,1,0.48389601707458496,0.01824500411748886,28.130000000000052,26.597192382812523,9.419133213588168,1.7211238316127233,0.01635474169182416,2.0563987884969492e-05,7.999590873718262,157.14688110351562,1414,322.49030993194197
2022-08-30,2022,242,1,0.6255319118499756,0.09244713187217712,33.49000000000001,30.210379900251155,9.702661132812523,1.7475367954799108,0.011111112474676332,1.4961151276082774e-05,16.287784576416016,355.7349548339844,622,258.0697580112788
2022-08-10,2022,222,1,0.5321014523506165,0.08421985805034637,27.850000000000023,24.854725864955356,8.94026881626678,1.6663295200892858,0.018677698611494264,3.019013801619508e-05,25.63442611694336,315.1067810058594,1271,781.0249675906654
2022-08-15,2022,227,1,0.6256911754608154,0.03516090661287308,31.310000000000002,26.623420061383968,9.30110866001678,1.9087415422712053,0.02062666618752118,1.8775848541707774e-05,24.1057071685791,332.421142578125,989,281.60255680657446
2022-08-10,2022,222,1,0.6112026572227478,0.11570028960704803,28.130000000000052,26.597192382812523,9.419133213588168,1.7211238316127233,0.01635474169182416,2.0563987884969492e-05,17.65866470336914,253.7593231201172,1379,320.1562118716424
2022-08-26,2022,238,1,0.6140350699424744,0.077986940741539,31.55000000000001,26.28379865373887,11.387787301199808,1.2900456019810267,0.010742457746740541,6.450751224562623e-05,9.809531211853027,250.8716583251953,1153,317.8049716414141
2022-08-12,2022,224,1,0.3184394836425781,0.038340337574481964,30.27000000000004,24.854725864955356,8.94026881626678,1.6663295200892858,0.018677698611494264,3.019013801619508e-05,23.636478424072266,93.18052673339844,1227,842.9116205154606
2022-08-30,2022,242,1,0.5850058794021606,0.01589103229343891,32.55000000000001,30.210379900251155,9.702661132812523,1.7475367954799108,0.011111112474676332,1.4961151276082774e-05,6.03827428817749,174.10617065429688,570,151.32745950421557
2022-08-29,2022,241,1,0.6087314486503601,0.017393631860613823,30.78000000000003,26.28379865373887,11.387787301199808,1.2900456019810267,0.010742457746740541,6.450751224562623e-05,21.665843963623047,47.750946044921875,886,191.049731745428
2022-08-10,2022,222,1,0.6238675117492676,0.10807929933071136,25.150000000000034,24.854725864955356,8.94026881626678,1.6663295200892858,0.018677698611494264,3.019013801619508e-05,29.93825340270996,232.82000732421875,1160,657.875368135941
2022-08-15,2022,227,1,0.6556082367897034,0.08576329052448273,31.630000000000052,26.623420061383968,9.30110866001678,1.9087415422712053,0.02062666618752118,1.8775848541707774e-05,27.27904510498047,302.2526550292969,977,196.468827043885
2022-08-10,2022,222,1,0.5179362893104553,0.023296963423490524,28.130000000000052,26.597192382812523,9.419133213588168,1.7211238316127233,0.01635474169182416,2.0563987884969492e-05,9.215669631958008,176.14224243164062,1438,335.26109228480425
2022-08-10,2022,222,1,0.5170958042144775,0.04350364953279495,28.130000000000052,26.597192382812523,9.419133213588168,1.7211238316127233,0.01635474169182416,2.0563987884969492e-05,7.865838050842285,134.6708221435547,1440,382.099463490856
2022-08-10,2022,222,1,0.6717137098312378,0.16679398715496063,27.27000000000004,24.854725864955356,8.94026881626678,1.6663295200892858,0.018677698611494264,3.019013801619508e-05,26.075178146362305,249.675537109375,987,750
2022-08-10,2022,222,1,0.5852311849594116,0.07692307978868484,26.79000000000002,26.597192382812523,9.419133213588168,1.7211238316127233,0.01635474169182416,2.0563987884969492e-05,24.011137008666992,344.3636779785156,1271,418.6884283091664
2022-08-07,2022,219,1,0.6055915355682373,0.07893221825361252,29.970000000000027,27.273821585518988,13.384552437918558,1.5846688406808036,0.009854244231458864,1.707711616560914e-05,17.557968139648438,183.9455108642578,738,192.35384061671343
2022-08-04,2022,216,1,0.6401886343955994,0.06108441948890686,34.29000000000002,28.552689034598245,9.988153076171898,1.7931562151227678,0.013799654483076296,1.6689685974569102e-05,5.937552452087402,218.9002685546875,435,123.6931687685298
2022-08-11,2022,223,1,0.49059170484542847,0.04219238460063934,27.850000000000023,24.854725864955356,8.94026881626678,1.6663295200892858,0.018677698611494264,3.019013801619508e-05,28.490013122558594,2.306530237197876,1213,711.1258679024411
2022-08-10,2022,222,1,0.6996625661849976,0.35813403129577637,25.250000000000057,24.854725864955356,8.94026881626678,1.6663295200892858,0.018677698611494264,3.019013801619508e-05,31.01402473449707,317.7711486816406,1293,735.5270219373317
2022-08-27,2022,239,1,0.5664677619934082,0.03875315934419632,27.610000000000014,26.28379865373887,11.387787301199808,1.2900456019810267,0.010742457746740541,6.450751224562623e-05,6.849372386932373,266.13629150390625,1265,395.60080889704966
2022-08-29,2022,241,1,0.774193525314331,0.23754914104938507,33.25000000000006,30.210379900251155,9.702661132812523,1.7475367954799108,0.011111112474676332,1.4961151276082774e-05,12.522228240966797,43.21035385131836,664,50.99019513592785
2022-08-18,2022,230,1,0.5774264931678772,0.01963729038834572,30.850000000000023,26.623420061383968,9.30110866001678,1.9087415422712053,0.02062666618752118,1.8775848541707774e-05,12.257980346679688,53.412452697753906,946,243.51591323771842
2022-08-11,2022,223,1,0.5511036515235901,0.08485730737447739,27.630000000000052,24.854725864955356,8.94026881626678,1.6663295200892858,0.018677698611494264,3.019013801619508e-05,18.805767059326172,347.0278625488281,1198,692.6037828369117
2022-08-10,2022,222,1,0.6961110830307007,0.2947900593280792,25.250000000000057,24.854725864955356,8.94026881626678,1.6663295200892858,0.018677698611494264,3.019013801619508e-05,23.309165954589844,300.47808837890625,1095,731.0950690573696
2022-08-10,2022,222,1,0.5389289855957031,0.024266935884952545,28.510000000000048,24.854725864955356,8.94026881626678,1.6663295200892858,0.018677698611494264,3.019013801619508e-05,29.273250579833984,194.66830444335938,1249,550.0909015790027
2022-08-07,2022,219,1,0.6323273777961731,0.10757043212652206,30.010000000000048,27.273821585518988,13.384552437918558,1.5846688406808036,0.009854244231458864,1.707711616560914e-05,9.819473266601562,190.87518310546875,614,133.41664064126334
2022-08-30,2022,242,1,0.554434597492218,-0.012280961498618126,34.170000000000016,30.210379900251155,9.702661132812523,1.7475367954799108,0.011111112474676332,1.4961151276082774e-05,3.2444071769714355,106.59281158447266,732,156.20499351813308
2022-08-10,2022,222,1,0.6669688820838928,0.16751720011234283,25.150000000000034,25.68145577566969,9.653588867187523,1.5256195068359375,0.01469502055573102,3.330448070570924e-05,25.90553855895996,51.93244171142578,1237,601.664358259653
2022-08-28,2022,240,1,0.5873016119003296,0.03322528302669525,31.55000000000001,26.28379865373887,11.387787301199808,1.2900456019810267,0.010742457746740541,6.450751224562623e-05,8.071040153503418,93.2720718383789,1159,259.6150997149434
2022-08-10,2022,222,1,0.5484969019889832,0.039865244179964066,26.79000000000002,26.597192382812523,9.419133213588168,1.7211238316127233,0.01635474169182416,2.0563987884969492e-05,8.191910743713379,260.2893981933594,1314,374.8332962798263
2022-08-10,2022,222,1,0.5475139617919922,0.08595387637615204,27.210000000000036,24.854725864955356,8.94026881626678,1.6663295200892858,0.018677698611494264,3.019013801619508e-05,31.29058837890625,307.7765197753906,1259,512.4451190127583
2022-08-10,2022,222,1,0.7160534262657166,0.22214533388614655,27.370000000000005,24.854725864955356,8.94026881626678,1.6663295200892858,0.018677698611494264,3.019013801619508e-05,17.580841064453125,46.39289093017578,976,762.4303246854759
2022-08-29,2022,241,1,0.7357786893844604,0.2149493247270584,33.25000000000006,30.210379900251155,9.702661132812523,1.7475367954799108,0.011111112474676332,1.4961151276082774e-05,12.654300689697266,75.38361358642578,620,120.83045973594572
2022-08-11,2022,223,1,0.5533870458602905,0.02683243900537491,27.450000000000045,24.854725864955356,8.94026881626678,1.6663295200892858,0.018677698611494264,3.019013801619508e-05,22.18325424194336,53.45162582397461,1290,608.3584469702053
2022-08-11,2022,223,1,0.7183797359466553,0.24371759593486786,25.350000000000023,25.68145577566969,9.653588867187523,1.5256195068359375,0.01469502055573102,3.330448070570924e-05,34.918556213378906,41.09418487548828,1354,555.4277630799526
2022-08-10,2022,222,1,0.5857142806053162,0.0776209682226181,27.33000000000004,24.854725864955356,8.94026881626678,1.6663295200892858,0.018677698611494264,3.019013801619508e-05,23.99995231628418,24.637941360473633,1269,500.09999000199946
2022-08-04,2022,216,1,0.46093493700027466,-0.037302643060684204,36.55000000000001,29.88337097167971,9.427285766601585,1.8107212611607142,0.01140934431481,1.505055824324586e-05,3.1485865116119385,261.5388488769531,453,22.360679774997898
2022-08-05,2022,217,1,0.6657702922821045,0.12987348437309265,33.49000000000001,29.88337097167971,9.427285766601585,1.8107212611607142,0.01140934431481,1.505055824324586e-05,4.4911956787109375,316.16314697265625,634,72.80109889280519
2022-08-10,2022,222,1,0.7193347215652466,0.3133451044559479,26.99000000000001,25.68145577566969,9.653588867187523,1.5256195068359375,0.01469502055573102,3.330448070570924e-05,11.160528182983398,85.29354095458984,1413,521.7278984298232
2022-08-23,2022,235,1,0.5947434902191162,0.07472194731235504,30.510000000000048,26.28379865373887,11.387787301199808,1.2900456019810267,0.010742457746740541,6.450751224562623e-05,6.053382396697998,247.56591796875,1171,382.7531841800928
2022-08-04,2022,216,1,0.6306799650192261,0.1500578075647354,34.870000000000005,29.88337097167971,9.427285766601585,1.8107212611607142,0.01140934431481,1.505055824324586e-05,8.645792961120605,163.36538696289062,479,28.284271247461902
2022-08-10,2022,222,1,0.6903852820396423,0.29693740606307983,24.510000000000048,24.854725864955356,8.94026881626678,1.6663295200892858,0.018677698611494264,3.019013801619508e-05,23.928359985351562,54.28905487060547,1378,538.5164807134504
2022-08-29,2022,241,1,0.8041666746139526,0.24738940596580505,32.410000000000025,30.210379900251155,9.702661132812523,1.7475367954799108,0.011111112474676332,1.4961151276082774e-05,15.071612358093262,338.7093811035156,686,272.02941017470886
2022-08-06,2022,218,1,0.6666778326034546,0.15517303347587585,30.430000000000007,27.273821585518988,13.384552437918558,1.5846688406808036,0.009854244231458864,1.707711616560914e-05,6.949794292449951,185.12286376953125,615,82.46211251235322
2022-08-10,2022,222,1,0.6435832381248474,0.12161283195018768,26.910000000000025,25.68145577566969,9.653588867187523,1.5256195068359375,0.01469502055573102,3.330448070570924e-05,23.09268569946289,52.5952262878418,1245,626.0990336999412
2022-08-11,2022,223,1,0.6119512915611267,0.04273931682109833,26.910000000000025,24.854725864955356,8.94026881626678,1.6663295200892858,0.018677698611494264,3.019013801619508e-05,25.32582664489746,83.12408447265625,1068,692.8924880528002
2022-08-10,2022,222,1,0.7483367323875427,0.2715725004673004,25.890000000000043,25.68145577566969,9.653588867187523,1.5256195068359375,0.01469502055573102,3.330448070570924e-05,28.076217651367188,37.905033111572266,1274,570.701322935211
2022-08-11,2022,223,1,0.7531694769859314,0.266406387090683,26.750000000000057,25.68145577566969,9.653588867187523,1.5256195068359375,0.01469502055573102,3.330448070570924e-05,18.14841079711914,50.058311462402344,1259,558.0322571321482
2022-08-10,2022,222,1,0.6563876867294312,0.12529927492141724,25.890000000000043,24.854725864955356,8.94026881626678,1.6663295200892858,0.018677698611494264,3.019013801619508e-05,17.582916259765625,206.6254425048828,1072,640.3124237432849
2022-08-14,2022,226,1,0.6064560413360596,0.13560625910758972,26.750000000000057,25.68145577566969,9.653588867187523,1.5256195068359375,0.01469502055573102,3.330448070570924e-05,19.84344482421875,224.13473510742188,1217,581.8075283115543
2022-09-01,2022,244,0,0.5758260488510132,0.05726724863052368,30.620000000000005,24.81945408412389,14.36957702636721,2.2044677734375,0.02385858157076015,0.0008006600045824541,7.413564682006836,143.96463012695312,284,20
2022-09-01,2022,244,0,0.7316455841064453,0.25899094343185425,28.950000000000045,24.81945408412389,14.36957702636721,2.2044677734375,0.02385858157076015,0.0008006600045824541,15.350486755371094,95.0745849609375,388,171.17242768623692
2022-09-01,2022,244,1,0.5000319480895996,-0.06172966584563255,32.59000000000003,29.320044817243343,9.873842947823675,1.9077671595982142,0.009276215819493672,0.0025147852801943316,5.4764509201049805,245.03216552734375,729,156.20499351813308
